"ID","Title","description","streetaddress","city","state","amenityfeatures","type","unclearaddress","uncleartype","Year","notes","dateadded","lastmodified","full.address","lon","lat","geoAddress","status"
1,"Marti's ","","176 Railroad St.","Central Falls","RI","(L),(D)","Bars/Clubs",NA,NA,1980,NA,"4/20/2020 12:36am","7/27/2020 1:15pm","176 Railroad St., Central Falls, RI","-71.385617","41.8892471","176 railroad st, central falls, ri 02863, usa","Geocoded"
2,"David's","","28 Prospect Hill off Thames St.","Newport","RI","(YC),(D),(*)","Bars/Clubs",NA,NA,1980,NA,"4/20/2020 12:39am","7/27/2020 1:16pm","28 Prospect Hill off Thames St., Newport, RI","-71.3139778","41.4853787","28 prospect hill st, newport, ri 02840, usa","Geocoded"
3,"Venetian Room","(Some L)","3 Farewell St.","Newport","RI","(L)","Bars/Clubs",NA,NA,1980,NA,"4/20/2020 12:39am","7/27/2020 1:16pm","3 Farewell St., Newport, RI","-71.3132894","41.490839","3 farewell st, newport, ri 02840, usa","Geocoded"
5,"Franklin Spa Drug Store","(Lunches)","229 Spring at Franklin","Newport","RI","Cruisy Area,(M)","Cruising Areas",NA,NA,1980,NA,"4/20/2020 12:40am","7/27/2020 1:16pm","229 Spring at Franklin, Newport, RI","-71.313379","41.4848546","229 spring st, newport, ri 02840, usa","Geocoded"
6,"Buttery ","","68 Dorrence at Weybosset ","Providence","RI","(M),(R),(C),(AH)","Restaurant",NA,NA,1980,NA,"4/20/2020 12:40am","7/27/2020 1:16pm","68 Dorrence at Weybosset , Providence, RI","-71.4111205","41.8233223","68 dorrance st, providence, ri 02903, usa","Geocoded"
7,"Clemence St. Book Store","","35 Clemence St.","Providence","RI","","Book Store",NA,NA,1980,NA,"4/20/2020 12:41am","7/27/2020 1:16pm","35 Clemence St., Providence, RI","-71.4143073","41.8232912","35 clemence st, providence, ri 02903, usa","Geocoded"
8,"Club Providence Baths","","257 Weybosset","Providence","RI","(*)","Baths",NA,NA,1980,NA,"4/20/2020 12:41am","7/27/2020 1:16pm","257 Weybosset, Providence, RI","-71.41319","41.820952","257 weybosset st, providence, ri 02903, usa","Geocoded"
9,"Deja Vu","(Closed 12 midnight)","95 Eddy St.","Providence","RI","(W),(YC),(E)","Bars/Clubs",NA,NA,1980,NA,"4/20/2020 12:41am","7/27/2020 1:16pm","95 Eddy St., Providence, RI","-71.412156","41.822942","95 eddy st, providence, ri 02903, usa","Geocoded"
10,"Fife & Drum ","(Upstairs) (Some L) (Disco)","123 Weybosset","Providence","RI","(YC),(*),(L),(D)","Bars/Clubs",NA,NA,1980,NA,"4/20/2020 1:18am","7/27/2020 1:16pm","123 Weybosset, Providence, RI","-71.4114172","41.8230957","123 weybosset st, providence, ri 02903, usa","Geocoded"
11,"Gallery","(Hip) (Unisex) (Disco)","194 Richmond","Providence","RI","(YC),(D),(*)","Bars/Clubs",NA,NA,1980,NA,"4/20/2020 1:19am","7/27/2020 1:16pm","194 Richmond, Providence, RI","-71.409122","41.8194591","194 richmond st, providence, ri 02903, usa","Geocoded"
12,"La Boheme","('Gold Coin') (Some OC) (Cruisy) (Below Fife & Drum) ","79 Dorrence at Weybosset","Providence","RI","(*),(OC),(E)","Bars/Clubs,Cruising Areas",NA,NA,1980,NA,"4/20/2020 1:19am","7/27/2020 1:16pm","79 Dorrence at Weybosset, Providence, RI","-71.4112482","41.8230785","79 dorrance st, providence, ri 02903, usa","Geocoded"
13,"M.C.C.","","5 Junction St.","Providence","RI","M.C.C.","Church",NA,NA,1980,NA,"4/20/2020 1:20am","7/27/2020 1:16pm","5 Junction St., Providence, RI","-71.4240232","41.8124801","5 junction st, providence, ri 02907, usa","Geocoded"
14,"Mirabar","(Disco) (Opens 11:30 am - closes 1 am weekdays, 2am WE) ","109 Eddy St.","Providence","RI","(*),(D),(R),(YC)","Bars/Clubs,Restaurant",NA,NA,1980,NA,"4/20/2020 1:20am","7/27/2020 1:16pm","109 Eddy St., Providence, RI","-71.4116268","41.8226411","109 eddy st, providence, ri 02903, usa","Geocoded"
15,"133 Club","","133 Gano St.","Providence","RI","(M),(R)","Restaurant",NA,NA,1980,NA,"4/20/2020 1:21am","7/27/2020 1:16pm","133 Gano St., Providence, RI","-71.3898211","41.8230503","133 gano st, providence, ri 02906, usa","Geocoded"
16,"Paris Cinema ","(Cruisy)","291 Weybosset","Providence","RI","","Cruising Areas,Theatre",NA,NA,1980,NA,"4/20/2020 1:21am","7/27/2020 1:16pm","291 Weybosset, Providence, RI","-71.4138968","41.8206498","291 weybosset st, providence, ri 02903, usa","Geocoded"
17,"Y.M.C.A.","(Cruisy gym)","160 Broad St.","Providence","RI","(M),(H)","Hotels,Cruising Areas",NA,NA,1980,NA,"4/20/2020 1:22am","7/27/2020 1:16pm","160 Broad St., Providence, RI","-71.4167171","41.8169108","160 broad st, providence, ri 02903, usa","Geocoded"
26,"The Loft ","(Formerly Town & Country) (Disco) (Swim pool) (N. Smithfield)","Farnum Pike nr. Bryant College","Smithfield","RI","(*),(D)","Bars/Clubs",NA,NA,1980,NA,"4/20/2020 1:24am","7/27/2020 1:16pm","Farnum Pike nr. Bryant College, Smithfield, RI","-71.5376476","41.9214717","1150 douglas pike, smithfield, ri 02917, usa","Geocoded"
27,"High Street Cafe","(Some L)","281 High St.","Woonsocket","RI","L,(D)","Bars/Clubs",NA,NA,1980,NA,"4/20/2020 1:25am","7/27/2020 1:16pm","281 High St., Woonsocket, RI","-71.51802","42.003424","281 high st, woonsocket, ri 02895, usa","Geocoded"
28,"Marti's ","","176 Railroad St.","Central Falls","RI","(G),(D)","Bars/Clubs",NA,NA,1979,NA,"4/20/2020 1:25am","7/27/2020 1:16pm","176 Railroad St., Central Falls, RI","-71.385617","41.8892471","176 railroad st, central falls, ri 02863, usa","Geocoded"
29,"David's","","28 Prospect Hill off Thames St.","Newport","RI","(YC),(D),(*)","Bars/Clubs",NA,NA,1979,NA,"4/20/2020 1:27am","7/27/2020 1:16pm","28 Prospect Hill off Thames St., Newport, RI","-71.3139778","41.4853787","28 prospect hill st, newport, ri 02840, usa","Geocoded"
30,"Gov. Collins Inn Guest House","","113 Tours St.","Newport","RI","(H),(*)","Hotels",NA,NA,1979,NA,"4/20/2020 1:28am","7/27/2020 1:16pm","113 Tours St., Newport, RI","-71.3128285","41.4901024","newport, ri, usa","Geocoded"
31,"Venetian Room","(Some G)","3 Farewell St.","Newport","RI","(G),(*)","Bars/Clubs",NA,NA,1979,NA,"4/20/2020 1:28am","7/27/2020 1:16pm","3 Farewell St., Newport, RI","-71.3132894","41.490839","3 farewell st, newport, ri 02840, usa","Geocoded"
33,"Franklin Spa Drug Store","(Lunches)","229 Spring at Franklin","Newport","RI","(M),Cruisy Area","Cruising Areas",NA,NA,1979,NA,"4/20/2020 1:29am","7/27/2020 1:16pm","229 Spring at Franklin, Newport, RI","-71.313379","41.4848546","229 spring st, newport, ri 02840, usa","Geocoded"
34,"Town & Country ","(Some G) (Disco) (Swim pool)","Farnum Pike","N. Smithfield","RI","(G),(D)","Bars/Clubs",NA,NA,1979,NA,"4/20/2020 1:29am","7/27/2020 1:16pm","Farnum Pike, N. Smithfield, RI","-71.53853","41.9062698","farnum pike, smithfield, ri, usa","Geocoded"
35,"Bob's Place","(Some B, YC, G)","124 Snow St.","Providence","RI","(B),(YC),(D),(G),(M),(RT)","Bars/Clubs",NA,NA,1979,NA,"4/20/2020 1:30am","7/27/2020 1:16pm","124 Snow St., Providence, RI","-71.4135536","41.8211599","124 snow st, providence, ri 02903, usa","Geocoded"
36,"Buttery","","68 Dorrence at Weybosset","Providence","RI","(M),(R),(C),(AH)","Restaurant",NA,NA,1979,NA,"4/20/2020 1:31am","7/27/2020 1:16pm","68 Dorrence at Weybosset, Providence, RI","-71.4111205","41.8233223","68 dorrance st, providence, ri 02903, usa","Geocoded"
37,"Cabana","","681 Valley","Providence","RI","(G),(D)","Bars/Clubs",NA,NA,1979,NA,"4/20/2020 1:31am","7/27/2020 1:16pm","681 Valley, Providence, RI","-71.4288774","41.8309289","681 valley st, providence, ri 02908, usa","Geocoded"
38,"Clemence St. Book Store","","35 Clemence St.","Providence","RI","(*)","Book Store",NA,NA,1979,NA,"4/20/2020 1:31am","7/27/2020 1:16pm","35 Clemence St., Providence, RI","-71.4143073","41.8232912","35 clemence st, providence, ri 02903, usa","Geocoded"
39,"Club Providence Baths","","257 Weybosset","Providence","RI","(*)","Baths",NA,NA,1979,NA,"4/20/2020 1:32am","7/27/2020 1:16pm","257 Weybosset, Providence, RI","-71.41319","41.820952","257 weybosset st, providence, ri 02903, usa","Geocoded"
40,"Deja Vu","(Looks promising)","95 Eddy St.","Providence","RI","(W)","Bars/Clubs",NA,NA,1979,NA,"4/20/2020 1:32am","7/27/2020 1:16pm","95 Eddy St., Providence, RI","-71.412156","41.822942","95 eddy st, providence, ri 02903, usa","Geocoded"
41,"Fife & Drum ","(Upstairs) (Some G) (Disco)","123 Weybosset","Providence","RI","(*),(YC),(G),(D)","Bars/Clubs",NA,NA,1979,NA,"4/20/2020 1:32am","7/27/2020 1:16pm","123 Weybosset, Providence, RI","-71.4114172","41.8230957","123 weybosset st, providence, ri 02903, usa","Geocoded"
42,"Gallery","(Unisex) (Disco) ","194 Richmond","Providence","RI","(*),(HIP),(YC),(D)","Bars/Clubs",NA,NA,1979,NA,"4/20/2020 1:33am","7/27/2020 1:16pm","194 Richmond, Providence, RI","-71.409122","41.8194591","194 richmond st, providence, ri 02903, usa","Geocoded"
43,"La Boheme ","('Gold coin') (Some OC) (Below Fife & Drum)","79 Dorrence at Weybosset","Providence","RI","(OC),(E),(*)","Bars/Clubs,Cruising Areas",NA,NA,1979,NA,"4/20/2020 1:33am","7/27/2020 1:16pm","79 Dorrence at Weybosset, Providence, RI","-71.4112482","41.8230785","79 dorrance st, providence, ri 02903, usa","Geocoded"
44,"M.C.C.","","63 Chapin Ave.","Providence","RI","M.C.C.","Church",NA,NA,1979,NA,"4/20/2020 1:34am","7/27/2020 1:16pm","63 Chapin Ave., Providence, RI","-71.433545","41.812067","63 chapin ave, providence, ri 02909, usa","Geocoded"
45,"Mirabar","(Disco) (Opens 11:30 a.m.- Closes 1 a.m. weekdays, 2 a.m. WE)","109 Eddy St.","Providence","RI","(D),(R),(*),(WE)","Bars/Clubs,Restaurant",NA,NA,1979,NA,"4/20/2020 1:34am","7/27/2020 1:16pm","109 Eddy St., Providence, RI","-71.4116268","41.8226411","109 eddy st, providence, ri 02903, usa","Geocoded"
46,"Paris Cinema","(Cruisy - right in the aisles)","291 Weybosset","Providence","RI","","Theatre,Cruising Areas",NA,NA,1979,NA,"4/20/2020 1:35am","7/27/2020 1:16pm","291 Weybosset, Providence, RI","-71.4138968","41.8206498","291 weybosset st, providence, ri 02903, usa","Geocoded"
47,"Y.M.C.A.","(Cruisy gym)","160 Broad St.","Providence","RI","(M),(H)","Cruising Areas,Hotels",NA,NA,1979,NA,"4/20/2020 1:36am","7/27/2020 1:16pm","160 Broad St., Providence, RI","-71.4167171","41.8169108","160 broad st, providence, ri 02903, usa","Geocoded"
56,"High Street Cafe","(Some G) ","281 High St.","Woonsocket","RI","(G),(D)","Bars/Clubs",NA,NA,1979,NA,"4/20/2020 1:38am","7/27/2020 1:16pm","281 High St., Woonsocket, RI","-71.51802","42.003424","281 high st, woonsocket, ri 02895, usa","Geocoded"
57,"Marti's ","(Also called 'The Railroad')","176 Railroad St.","Central Falls","RI","(G),(D),(*)","Bars/Clubs",NA,NA,1978,NA,"4/20/2020 1:41am","7/27/2020 1:16pm","176 Railroad St., Central Falls, RI","-71.385617","41.8892471","176 railroad st, central falls, ri 02863, usa","Geocoded"
58,"David's ","","28 Prospect Hill off Thames St.","Newport","RI","(YC),(D),(*)","Bars/Clubs",NA,NA,1978,NA,"4/20/2020 1:42am","7/27/2020 1:16pm","28 Prospect Hill off Thames St., Newport, RI","-71.3139778","41.4853787","28 prospect hill st, newport, ri 02840, usa","Geocoded"
59,"Franklin Spa Drug Store","(Brunch & lunch)","229 Spring at Franklin","Newport","RI","(M)","Restaurant",NA,NA,1978,NA,"4/20/2020 1:42am","7/27/2020 1:16pm","229 Spring at Franklin, Newport, RI","-71.313379","41.4848546","229 spring st, newport, ri 02840, usa","Geocoded"
60,"Gov. Collins Inn Guest House","(Looks promising)","113 Tours St.","Newport","RI","(M),(H)","Hotels",NA,NA,1978,NA,"4/20/2020 1:43am","7/27/2020 1:16pm","113 Tours St., Newport, RI","-71.3128285","41.4901024","newport, ri, usa","Geocoded"
61,"Venetian Room","","3 Farewell St.","Newport","RI","(M),(RT)","Bars/Clubs",NA,NA,1978,NA,"4/20/2020 1:43am","7/27/2020 1:16pm","3 Farewell St., Newport, RI","-71.3132894","41.490839","3 farewell st, newport, ri 02840, usa","Geocoded"
63,"Buttery ","","68 Dorrence at Weybosset","Providence","RI","(M),(R),(C),(AH)","Restaurant",NA,NA,1978,NA,"4/20/2020 1:44am","7/27/2020 1:16pm","68 Dorrence at Weybosset, Providence, RI","-71.4111205","41.8233223","68 dorrance st, providence, ri 02903, usa","Geocoded"
64,"Cabana","","681 Valley","Providence","RI","(G),(D),(*)","Bars/Clubs",NA,NA,1978,NA,"4/20/2020 1:44am","7/27/2020 1:16pm","681 Valley, Providence, RI","-71.4288774","41.8309289","681 valley st, providence, ri 02908, usa","Geocoded"
65,"Clemence St. Book Store","","35 Clemence St.","Providence","RI","","Book Store",NA,NA,1978,NA,"4/20/2020 2:28am","7/27/2020 1:16pm","35 Clemence St., Providence, RI","-71.4143073","41.8232912","35 clemence st, providence, ri 02903, usa","Geocoded"
66,"College Pub","(Opens 11:30 a.m. closes 1 a.m. weekdays, 2 a.m. WE)","109 Eddy St.","Providence","RI","(D),(E),(R),(*),(WE)","Restaurant,Bars/Clubs",NA,NA,1978,NA,"4/20/2020 2:28am","7/27/2020 1:16pm","109 Eddy St., Providence, RI","-71.4116268","41.8226411","109 eddy st, providence, ri 02903, usa","Geocoded"
67,"Fife & Drum","(Upstairs) (Disco)","123 Weybosset","Providence","RI","(YC),(D),(*)","Bars/Clubs",NA,NA,1978,NA,"4/20/2020 2:29am","7/27/2020 1:16pm","123 Weybosset, Providence, RI","-71.4114172","41.8230957","123 weybosset st, providence, ri 02903, usa","Geocoded"
68,"Gallery","(Unisex) (Disco)","194 Richmond","Providence","RI","(HIP),(YC),(S),(D),(*)","Bars/Clubs",NA,NA,1978,NA,"4/20/2020 2:33am","7/27/2020 1:16pm","194 Richmond, Providence, RI","-71.409122","41.8194591","194 richmond st, providence, ri 02903, usa","Geocoded"
69,"Homestead","(Some G) (Known locally as a disaster area)","124 Snow St.","Providence","RI","(M),(RT),(YC),(B),(G),(D)","Bars/Clubs",NA,NA,1978,NA,"4/20/2020 2:34am","7/27/2020 1:16pm","124 Snow St., Providence, RI","-71.4135536","41.8211599","124 snow st, providence, ri 02903, usa","Geocoded"
70,"La Boheme","('Gold Coin') (Below 'Fife & Drum')","79 Dorrence at Weybosset","Providence","RI","(OC),(E),(*)","Bars/Clubs",NA,NA,1978,NA,"4/20/2020 2:35am","7/27/2020 1:16pm","79 Dorrence at Weybosset, Providence, RI","-71.4112482","41.8230785","79 dorrance st, providence, ri 02903, usa","Geocoded"
71,"M.C.C.","","37 Clemence St.","Providence","RI","M.C.C.","Church",NA,NA,1978,NA,"4/20/2020 2:35am","7/27/2020 1:16pm","37 Clemence St., Providence, RI","-71.4142941","41.8232809","37 clemence st, providence, ri 02903, usa","Geocoded"
72,"Tony Martin's Bar","","125 Broadway","Providence","RI","(M)","Bars/Clubs",NA,NA,1978,NA,"4/20/2020 2:35am","7/27/2020 1:16pm","125 Broadway, Providence, RI","-71.4214869","41.8218312","125 broadway, providence, ri 02903, usa","Geocoded"
73,"Y.M.C.A.","","160 Broad St.","Providence","RI","(M),(H)","Hotels",NA,NA,1978,NA,"4/20/2020 2:36am","7/27/2020 1:16pm","160 Broad St., Providence, RI","-71.4167171","41.8169108","160 broad st, providence, ri 02903, usa","Geocoded"
81,"High Street Cafe","(Some G)","281 High St.","Woonsocket","RI","(G),(D),(*)","Bars/Clubs",NA,NA,1978,NA,"4/20/2020 2:38am","7/27/2020 1:16pm","281 High St., Woonsocket, RI","-71.51802","42.003424","281 high st, woonsocket, ri 02895, usa","Geocoded"
82,"Marti's","(also called 'The Railroad)","176 Railroad St.","Central Falls","RI","(*),(G),(D)","Bars/Clubs",NA,NA,1977,NA,"4/20/2020 2:47am","7/27/2020 1:16pm","176 Railroad St., Central Falls, RI","-71.385617","41.8892471","176 railroad st, central falls, ri 02863, usa","Geocoded"
83,"David's","","28 Prospect Hill off Thames St.","Newport","RI","(YC),(D),(*)","Bars/Clubs",NA,NA,1977,NA,"4/20/2020 2:48am","7/27/2020 1:16pm","28 Prospect Hill off Thames St., Newport, RI","-71.3139778","41.4853787","28 prospect hill st, newport, ri 02840, usa","Geocoded"
84,"Franklin Spa Drug Store","(brunch & lunch)","229 Spring at Franklin","Newport","RI","(M)","Restaurant",NA,NA,1977,NA,"4/20/2020 2:48am","7/27/2020 1:16pm","229 Spring at Franklin, Newport, RI","-71.313379","41.4848546","229 spring st, newport, ri 02840, usa","Geocoded"
85,"Venetian Room","","3 Farewell St.","Newport","RI","(M),(RT)","Bars/Clubs",NA,NA,1977,NA,"4/20/2020 2:49am","7/27/2020 1:16pm","3 Farewell St., Newport, RI","-71.3132894","41.490839","3 farewell st, newport, ri 02840, usa","Geocoded"
87,"Buttery ","","68 Dorrence at Weybosset","Providence","RI","(M),(R),(C),(AH)","Restaurant",NA,NA,1977,NA,"4/20/2020 2:49am","7/27/2020 1:16pm","68 Dorrence at Weybosset, Providence, RI","-71.4111205","41.8233223","68 dorrance st, providence, ri 02903, usa","Geocoded"
88,"Cabana","","681 Valley","Providence","RI","(G),(D),(*)","Bars/Clubs",NA,NA,1977,NA,"4/20/2020 2:50am","7/27/2020 1:16pm","681 Valley, Providence, RI","-71.4288774","41.8309289","681 valley st, providence, ri 02908, usa","Geocoded"
89,"Clemence Street Book Store","","35 Clemence St.","Providence","RI","","Book Store",NA,NA,1977,NA,"4/20/2020 2:50am","7/27/2020 1:16pm","35 Clemence St., Providence, RI","-71.4143073","41.8232912","35 clemence st, providence, ri 02903, usa","Geocoded"
90,"Fanning's Bar","(closes 12 p.m.) (This is a small alley off Weybosset betw. Mathiewson & Union)","93 Clemence","Providence","RI","(YC),(D),(*)","Bars/Clubs",NA,NA,1977,NA,"4/20/2020 2:50am","7/27/2020 1:16pm","93 Clemence, Providence, RI","-71.412755","41.822005","93 clemence st, providence, ri 02903, usa","Geocoded"
91,"Gallery ","(Unisex) (occasional S) (watch for more to come)","194 Richmond","Providence","RI","(*),(YC),(D)","Bars/Clubs",NA,NA,1977,NA,"4/20/2020 2:51am","7/27/2020 1:16pm","194 Richmond, Providence, RI","-71.409122","41.8194591","194 richmond st, providence, ri 02903, usa","Geocoded"
92,"Homestead","(known locally as a ""disaster area"")","124 Snow St.","Providence","RI","(M),(RT),(YC),(B),(G),(D)","Bars/Clubs",NA,NA,1977,NA,"4/20/2020 2:51am","7/27/2020 1:16pm","124 Snow St., Providence, RI","-71.4135536","41.8211599","124 snow st, providence, ri 02903, usa","Geocoded"
93,"La Boheme","(Still called ""The Gold Coin"" - below ""Fife & Drum"")","Dorrence at corner Weybosset","Providence","RI","(OC),(E),(*)","Bars/Clubs",NA,NA,1977,NA,"4/20/2020 2:52am","7/27/2020 1:16pm","Dorrence at corner Weybosset, Providence, RI","-71.4109933","41.8230796","weybosset st & dorrance st, providence, ri 02903, usa","Geocoded"
94,"M.C.C.","","37 Clemence Street","Providence","RI","M.C.C.","Church",NA,NA,1977,NA,"4/20/2020 2:52am","7/27/2020 1:16pm","37 Clemence Street, Providence, RI","-71.4142941","41.8232809","37 clemence st, providence, ri 02903, usa","Geocoded"
95,"Mirabar","(Open 11:30 a.m. - 1 a.m. weekdays 2 a.m. WE)","109 Eddy St.","Providence","RI","(D),(E),(R),(*)","Restaurant,Bars/Clubs",NA,NA,1977,NA,"4/20/2020 2:53am","7/27/2020 1:16pm","109 Eddy St., Providence, RI","-71.4116268","41.8226411","109 eddy st, providence, ri 02903, usa","Geocoded"
96,"Tony Martin's Bar","","125 Broadway","Providence","RI","(M)","Bars/Clubs",NA,NA,1977,NA,"4/20/2020 2:53am","7/27/2020 1:16pm","125 Broadway, Providence, RI","-71.4214869","41.8218312","125 broadway, providence, ri 02903, usa","Geocoded"
97,"Y.M.C.A.","","160 Broad St.","Providence","RI","(M),(H)","Hotels",NA,NA,1977,NA,"4/20/2020 2:53am","7/27/2020 1:16pm","160 Broad St., Providence, RI","-71.4167171","41.8169108","160 broad st, providence, ri 02903, usa","Geocoded"
105,"High Street Cafe","(Some G)","281 High St.","Providence","RI","(G),(D),(*)","Bars/Clubs",NA,NA,1977,NA,"4/20/2020 2:55am","7/27/2020 1:16pm","281 High St., Providence, RI","-71.3836801","41.8828859","281 high st, pawtucket, ri 02860, usa","Geocoded"
106,"Marti's ","(also called 'The Railroad')","Railroad St.","Central Falls","RI","(G),(D)","Bars/Clubs",NA,NA,1976,NA,"4/20/2020 2:57am","7/27/2020 1:16pm","Railroad St., Central Falls, RI","-71.3855796","41.8860945","railroad st, central falls, ri, usa","Geocoded"
107,"David's","","28 Prospect Hill off Thomas","Newport","RI","(YC),(R),(D),(*)","Restaurant,Bars/Clubs",NA,NA,1976,NA,"4/20/2020 2:57am","7/27/2020 1:16pm","28 Prospect Hill off Thomas, Newport, RI","-71.3139778","41.4853787","28 prospect hill st, newport, ri 02840, usa","Geocoded"
108,"King Bar","","38 Bellevue Ave.","Newport","RI","(M)","Bars/Clubs",NA,NA,1976,NA,"4/20/2020 2:58am","7/27/2020 1:16pm","38 Bellevue Ave., Newport, RI","-71.3089454","41.4870733","muenchinger king building, 38 bellevue ave, newport, ri 02840, usa","Geocoded"
109,"Venetian Room","","3 Farewell St.","Newport","RI","(M),(RT)","Bars/Clubs",NA,NA,1976,NA,"4/20/2020 2:58am","7/27/2020 1:16pm","3 Farewell St., Newport, RI","-71.3132894","41.490839","3 farewell st, newport, ri 02840, usa","Geocoded"
111,"Beirut","(lunch) (supposedly starting AH, WE in Spring of '75)","125 Washington St.","Providence","RI","(M),(R),(AH),(WE)","Restaurant",NA,NA,1976,NA,"4/20/2020 2:58am","7/27/2020 1:16pm","125 Washington St., Providence, RI","-71.415196","41.823065","125 washington st, providence, ri 02903, usa","Geocoded"
112,"Buttery","","Dorrence & Weybosset","Providence","RI","(M),(R),(C),(AH)","Restaurant",NA,NA,1976,NA,"4/20/2020 2:59am","7/27/2020 1:16pm","Dorrence & Weybosset, Providence, RI","-82.5020582","40.0868803","dorrence rd, granville township, oh 43023, usa","Geocoded"
113,"Cabana","","681 Valley","Providence","RI","(G),(D),(*)","Bars/Clubs",NA,NA,1976,NA,"4/20/2020 2:59am","7/27/2020 1:16pm","681 Valley, Providence, RI","-71.4288774","41.8309289","681 valley st, providence, ri 02908, usa","Geocoded"
114,"Clemence St. Book Store","","33 Clemence St.","Providence","RI","","Book Store",NA,NA,1976,NA,"4/20/2020 3:17am","7/27/2020 1:16pm","33 Clemence St., Providence, RI","-71.4143206","41.8233015","33 clemence st, providence, ri 02903, usa","Geocoded"
115,"Dorrwar Bookstore","","224 Thayer","Providence","RI","(HIP)","Book Store",NA,NA,1976,NA,"4/20/2020 3:18am","7/27/2020 1:16pm","224 Thayer, Providence, RI","-71.4008301","41.827862","224 thayer st, providence, ri 02906, usa","Geocoded"
116,"Fanning's Bar","(closes 12 pm)","93 Clemence","Providence","RI","","Bars/Clubs",NA,NA,1976,NA,"4/20/2020 3:18am","7/27/2020 1:16pm","93 Clemence, Providence, RI","-71.412755","41.822005","93 clemence st, providence, ri 02903, usa","Geocoded"
117,"Fife & Drum","(Disco) (upstairs)","123 Weybosset","Providence","RI","(YC),(D),(*)","Bars/Clubs",NA,NA,1976,NA,"4/20/2020 3:18am","7/27/2020 1:16pm","123 Weybosset, Providence, RI","-71.4114172","41.8230957","123 weybosset st, providence, ri 02903, usa","Geocoded"
118,"Gallery ","","194 Richmond","Providence","RI","(M),(HIP),(YC),(RT),(D),(*)","Bars/Clubs",NA,NA,1976,NA,"4/20/2020 3:21am","7/27/2020 1:16pm","194 Richmond, Providence, RI","-71.409122","41.8194591","194 richmond st, providence, ri 02903, usa","Geocoded"
119,"Homestead ","(known locally as a 'disaster area')","124 Snow St.","Providence","RI","(M),(RT),(B),(G),(D),(YC)","Bars/Clubs",NA,NA,1976,NA,"4/20/2020 3:21am","7/27/2020 1:16pm","124 Snow St., Providence, RI","-71.4135536","41.8211599","124 snow st, providence, ri 02903, usa","Geocoded"
120,"La Boheme","(still called 'Gold Coin' or 'Annex' below Fife & Drum - no sign)","Dorrence St. at corner of Weybosset","Providence","RI","(OC),(*)","Bars/Clubs",NA,NA,1976,NA,"4/20/2020 3:24am","7/27/2020 1:16pm","Dorrence St. at corner of Weybosset, Providence, RI","-71.4112331","41.823642","60 dorrance st, providence, ri 02903, usa","Geocoded"
121,"M.B. Lounge","(also upstairs bar - pool table WE) (this is small alley off 190 Weybosset betw. Palace Theatre & Dunkin Donuts)","91 Clemence ","Providence","RI","(*),(WE)","Bars/Clubs",NA,NA,1976,NA,"4/20/2020 3:25am","7/27/2020 1:16pm","91 Clemence , Providence, RI","-71.4127064","41.8220629","91 clemence st, providence, ri 02903, usa","Geocoded"
122,"M.C.C.","","37 Clemence St.","Providence","RI","M.C.C.","Church",NA,NA,1976,NA,"4/20/2020 3:25am","7/27/2020 1:16pm","37 Clemence St., Providence, RI","-71.4142941","41.8232809","37 clemence st, providence, ri 02903, usa","Geocoded"
123,"Tony Martin's Bar","","125 Broadway","Providence","RI","(M)","Bars/Clubs",NA,NA,1976,NA,"4/20/2020 3:26am","7/27/2020 1:16pm","125 Broadway, Providence, RI","-71.4214869","41.8218312","125 broadway, providence, ri 02903, usa","Geocoded"
124,"Y.M.C.A.","","160 Broad St.","Providence","RI","(M),(H)","Hotels",NA,NA,1976,NA,"4/20/2020 3:26am","7/27/2020 1:16pm","160 Broad St., Providence, RI","-71.4167171","41.8169108","160 broad st, providence, ri 02903, usa","Geocoded"
132,"High St. Cafe","","281 High St.","Woonsocket","RI","(G)","Bars/Clubs",NA,NA,1976,NA,"4/20/2020 3:28am","7/27/2020 1:16pm","281 High St., Woonsocket, RI","-71.51802","42.003424","281 high st, woonsocket, ri 02895, usa","Geocoded"
133,"Sixty One East Club","","61 E. Mill St.","Woonsocket","RI","(D),(G),(*)","Bars/Clubs",NA,NA,1976,NA,"4/20/2020 3:29am","7/27/2020 1:16pm","61 E. Mill St., Woonsocket, RI","-71.4970904","42.0129068","61 e mill st, woonsocket, ri 02895, usa","Geocoded"
134,"David's","","28 Prospect Hill off Thomas Venetian Room","Newport","RI","(YC),(D),(*)","Bars/Clubs",NA,NA,1975,NA,"4/20/2020 3:29am","7/27/2020 1:16pm","28 Prospect Hill off Thomas Venetian Room, Newport, RI","-71.3139778","41.4853787","28 prospect hill st, newport, ri 02840, usa","Geocoded"
135,"Venetian Room","","3 Farewell St.","Newport","RI","(M),(RT)","Bars/Clubs",NA,NA,1975,NA,"4/20/2020 3:30am","7/27/2020 1:16pm","3 Farewell St., Newport, RI","-71.3132894","41.490839","3 farewell st, newport, ri 02840, usa","Geocoded"
137,"Buttery","","Dorrence & Weybosset","Providence","RI","(M),(R),(C),(AH)","Restaurant",NA,NA,1975,NA,"4/20/2020 3:31am","7/27/2020 1:16pm","Dorrence & Weybosset, Providence, RI","-82.5020582","40.0868803","dorrence rd, granville township, oh 43023, usa","Geocoded"
138,"Cabana","","681 Valley","Providence","RI","(G),(D),(*)","Bars/Clubs",NA,NA,1975,NA,"4/20/2020 3:31am","7/27/2020 1:16pm","681 Valley, Providence, RI","-71.4288774","41.8309289","681 valley st, providence, ri 02908, usa","Geocoded"
139,"Clemence St. Book Store","","33 Clemence St.","Providence","RI","","Book Store",NA,NA,1975,NA,"4/20/2020 3:31am","7/27/2020 1:16pm","33 Clemence St., Providence, RI","-71.4143206","41.8233015","33 clemence st, providence, ri 02903, usa","Geocoded"
140,"Fannings Bar ","(Closes 12 midnight)","93 Clemence betw. Weybosset & the Mall)","Providence","RI","(YC),(D),(*)","Bars/Clubs",NA,NA,1975,NA,"4/20/2020 3:31am","7/27/2020 1:16pm","93 Clemence betw. Weybosset & the Mall), Providence, RI","-71.412755","41.822005","93 clemence st, providence, ri 02903, usa","Geocoded"
141,"Fife & Drum","","123 Weybosset","Providence","RI","(*)","Bars/Clubs",NA,NA,1975,NA,"4/20/2020 3:32am","7/27/2020 1:16pm","123 Weybosset, Providence, RI","-71.4114172","41.8230957","123 weybosset st, providence, ri 02903, usa","Geocoded"
142,"Gallery","","194 Richmond","Providence","RI","(YC),(D),(*)","Bars/Clubs",NA,NA,1975,NA,"4/20/2020 3:33am","7/27/2020 1:16pm","194 Richmond, Providence, RI","-71.409122","41.8194591","194 richmond st, providence, ri 02903, usa","Geocoded"
143,"Homestead","","134 Snow St.","Providence","RI","(E),(D)","Bars/Clubs",NA,NA,1975,NA,"4/20/2020 3:33am","7/27/2020 1:16pm","134 Snow St., Providence, RI","-71.4135347","41.821062","134 snow st, providence, ri 02903, usa","Geocoded"
144,"La Boheme","(Gold Coin)","79 Dorrence","Providence","RI","(M)","Bars/Clubs",NA,NA,1975,NA,"4/20/2020 3:33am","7/27/2020 1:16pm","79 Dorrence, Providence, RI","-71.4112482","41.8230785","79 dorrance st, providence, ri 02903, usa","Geocoded"
145,"M.B. Lounge","","91 Clemence","Providence","RI","","Bars/Clubs",NA,NA,1975,NA,"4/20/2020 3:33am","7/27/2020 1:16pm","91 Clemence, Providence, RI","-71.4127064","41.8220629","91 clemence st, providence, ri 02903, usa","Geocoded"
146,"M.C.C.","","410 Waterman Ave.","Providence","RI","M.C.C.","Church",NA,NA,1975,NA,"4/20/2020 3:34am","7/27/2020 1:16pm","410 Waterman Ave., Providence, RI","-71.3627912","41.8184913","410 waterman ave, east providence, ri 02914, usa","Geocoded"
147,"Tony Martin's Bar","","125 Broadway","Providence","RI","(M)","Bars/Clubs",NA,NA,1975,NA,"4/20/2020 3:34am","7/27/2020 1:16pm","125 Broadway, Providence, RI","-71.4214869","41.8218312","125 broadway, providence, ri 02903, usa","Geocoded"
148,"Y.M.C.A.","","160 Broad St.","Providence","RI","(H)","Hotels",NA,NA,1975,NA,"4/20/2020 3:34am","7/27/2020 1:16pm","160 Broad St., Providence, RI","-71.4167171","41.8169108","160 broad st, providence, ri 02903, usa","Geocoded"
156,"High St. Cafe","","281 High St.","Woonsocket","RI","(G)","Bars/Clubs",NA,NA,1975,NA,"4/20/2020 3:36am","7/27/2020 1:16pm","281 High St., Woonsocket, RI","-71.51802","42.003424","281 high st, woonsocket, ri 02895, usa","Geocoded"
157,"Sixty One East Club","","61 E. Mill St.","Woonsocket","RI","(D),(*)","Bars/Clubs",NA,NA,1975,NA,"4/20/2020 3:36am","7/27/2020 1:16pm","61 E. Mill St., Woonsocket, RI","-71.4970904","42.0129068","61 e mill st, woonsocket, ri 02895, usa","Geocoded"
158,"David's","(see ad p. 108) ","28 Prospect Hill off Thomas","Newport","RI","(YC),(D),(*)","Bars/Clubs",NA,NA,1974,NA,"4/20/2020 3:38am","7/27/2020 1:16pm","28 Prospect Hill off Thomas, Newport, RI","-71.3139778","41.4853787","28 prospect hill st, newport, ri 02840, usa","Geocoded"
159,"Venetian Room","","3 Farewell St.","Newport","RI","(M)","Bars/Clubs",NA,NA,1974,NA,"4/20/2020 3:38am","7/27/2020 1:16pm","3 Farewell St., Newport, RI","-71.3132894","41.490839","3 farewell st, newport, ri 02840, usa","Geocoded"
161,"Cabana","","681 Valley","Providence","RI","(G),(D),(*)","Bars/Clubs",NA,NA,1974,NA,"4/20/2020 3:39am","7/27/2020 1:16pm","681 Valley, Providence, RI","-71.4288774","41.8309289","681 valley st, providence, ri 02908, usa","Geocoded"
162,"Fanning's","(closes 12 midnight)","93 Clemence betw. Weybosset & the Mall","Providence","RI","(YC),(D),(*)","Bars/Clubs",NA,NA,1974,NA,"4/20/2020 3:39am","7/27/2020 1:16pm","93 Clemence betw. Weybosset & the Mall, Providence, RI","-71.412755","41.822005","93 clemence st, providence, ri 02903, usa","Geocoded"
163,"Fife & Drum","","87 Dorrence","Providence","RI","(D),(*)","Bars/Clubs",NA,NA,1974,NA,"4/20/2020 3:40am","7/27/2020 1:16pm","87 Dorrence, Providence, RI","-71.4111466","41.8228437","87 dorrance st, providence, ri 02903, usa","Geocoded"
164,"Gallery ","","194 Richmond","Providence","RI","(YC),(D),(*)","Bars/Clubs",NA,NA,1974,NA,"4/20/2020 3:40am","7/27/2020 1:16pm","194 Richmond, Providence, RI","-71.409122","41.8194591","194 richmond st, providence, ri 02903, usa","Geocoded"
165,"Gold Coin Lounge","","79 Dorrence","Providence","RI","(M)","Bars/Clubs",NA,NA,1974,NA,"4/20/2020 3:40am","7/27/2020 1:16pm","79 Dorrence, Providence, RI","-71.4112482","41.8230785","79 dorrance st, providence, ri 02903, usa","Geocoded"
166,"M.B. Lounge","(D upstairs)","91 Clemence ","Providence","RI","(YC),(*),(D)","Bars/Clubs",NA,NA,1974,NA,"4/20/2020 3:41am","7/27/2020 1:16pm","91 Clemence , Providence, RI","-71.4127064","41.8220629","91 clemence st, providence, ri 02903, usa","Geocoded"
167,"One Eighteen","(after hours)","118 Matthewson","Providence","RI","(R),(M),(C)","Restaurant",NA,NA,1974,NA,"4/20/2020 3:41am","7/27/2020 1:16pm","118 Matthewson, Providence, RI","-71.4142636","41.822968","118 mathewson st, providence, ri 02903, usa","Geocoded"
174,"High Street Cafe","","281 High Street","Woonsocket","RI","(G)","Bars/Clubs",NA,NA,1974,NA,"4/20/2020 3:43am","7/27/2020 1:16pm","281 High Street, Woonsocket, RI","-71.51802","42.003424","281 high st, woonsocket, ri 02895, usa","Geocoded"
175,"Sixty One East Club","","61 E. Mill St.","Woonsocket","RI","(D),(*)","Bars/Clubs",NA,NA,1974,NA,"4/20/2020 3:43am","7/27/2020 1:16pm","61 E. Mill St., Woonsocket, RI","-71.4970904","42.0129068","61 e mill st, woonsocket, ri 02895, usa","Geocoded"
176,"Italian Cuisine ","","5 Farewell St.","Newport","RI","(YC),(R),(*)","Restaurant",NA,NA,1973,NA,"4/20/2020 3:45am","7/27/2020 1:16pm","5 Farewell St., Newport, RI","-71.3133414","41.4909047","5 farewell st, newport, ri 02840, usa","Geocoded"
177,"Venetian Room","","3 Farewell St.","Newport","RI","(*)","Bars/Clubs",NA,NA,1973,NA,"4/20/2020 3:45am","7/27/2020 1:16pm","3 Farewell St., Newport, RI","-71.3132894","41.490839","3 farewell st, newport, ri 02840, usa","Geocoded"
178,"Fanning's Bar","(cl. 12 midnight)","93 Clemence btw. Weybosset & the Mall","Providence","RI","(YC),(D),(*)","Bars/Clubs",NA,NA,1973,NA,"4/20/2020 3:45am","7/27/2020 1:16pm","93 Clemence btw. Weybosset & the Mall, Providence, RI","-71.412755","41.822005","93 clemence st, providence, ri 02903, usa","Geocoded"
180,"Fife & Drum ","","87 Dorrence ","Providence","RI","(D),(*)","Bars/Clubs",NA,NA,1973,NA,"4/20/2020 3:46am","7/27/2020 1:16pm","87 Dorrence , Providence, RI","-71.4111466","41.8228437","87 dorrance st, providence, ri 02903, usa","Geocoded"
181,"Gold Coin Lounge","","79 Dorrence","Providence","RI","(M)","Bars/Clubs",NA,NA,1973,NA,"4/20/2020 3:46am","7/27/2020 1:16pm","79 Dorrence, Providence, RI","-71.4112482","41.8230785","79 dorrance st, providence, ri 02903, usa","Geocoded"
182,"Kubla Khan Lounge","","129 Weybosset","Providence","RI","","Restaurant",NA,NA,1973,NA,"4/20/2020 3:46am","7/27/2020 1:16pm","129 Weybosset, Providence, RI","-71.411408","41.822984","129 weybosset st, providence, ri 02903, usa","Geocoded"
183,"M.B. Lounge","(dancing upstairs - $1.00 admission)","91 Clemence ","Providence","RI","(YC),(*)","Bars/Clubs",NA,NA,1973,NA,"4/20/2020 3:47am","7/27/2020 1:16pm","91 Clemence , Providence, RI","-71.4127064","41.8220629","91 clemence st, providence, ri 02903, usa","Geocoded"
186,"High Street Cafe","","281 High St.","Providence","RI","(G)","Bars/Clubs",NA,NA,1973,NA,"4/20/2020 3:48am","7/27/2020 1:16pm","281 High St., Providence, RI","-71.3836801","41.8828859","281 high st, pawtucket, ri 02860, usa","Geocoded"
187,"Venetian Room","","5 Farewell St.","Newport","RI","(*)","Bars/Clubs",NA,NA,1972,NA,"4/20/2020 3:49am","7/27/2020 1:16pm","5 Farewell St., Newport, RI","-71.3133414","41.4909047","5 farewell st, newport, ri 02840, usa","Geocoded"
189,"Fanning's Bar","(closes 12 midnight) ","93 Clemence bet. Weybosset & the Mall","Providence","RI","(D),(*)","Bars/Clubs",NA,NA,1972,NA,"4/20/2020 3:49am","7/27/2020 1:16pm","93 Clemence bet. Weybosset & the Mall, Providence, RI","-71.4117062","41.8223275","weybosset st, providence, ri, usa","Geocoded"
190,"Fife & Drum","","87 Dorrence ","Providence","RI","(YC),(*)","Bars/Clubs",NA,NA,1972,NA,"4/20/2020 3:50am","7/27/2020 1:16pm","87 Dorrence , Providence, RI","-71.4111466","41.8228437","87 dorrance st, providence, ri 02903, usa","Geocoded"
191,"Gold Coin Lounge","","79 Dorrence","Providence","RI","(M)","Bars/Clubs",NA,NA,1972,NA,"4/20/2020 3:50am","7/27/2020 1:16pm","79 Dorrence, Providence, RI","-71.4112482","41.8230785","79 dorrance st, providence, ri 02903, usa","Geocoded"
192,"Kubla Khan Lounge","","129 Weybosset","Providence","RI","(*)","Restaurant",NA,NA,1972,NA,"4/20/2020 3:51am","7/27/2020 1:16pm","129 Weybosset, Providence, RI","-71.411408","41.822984","129 weybosset st, providence, ri 02903, usa","Geocoded"
193,"M. B. Lounge","(dancing upstairs - $1.00 admission)","91 Clemence","Providence","RI","(YC),(*)","Bars/Clubs",NA,NA,1972,NA,"4/20/2020 3:51am","7/27/2020 1:16pm","91 Clemence, Providence, RI","-71.4127064","41.8220629","91 clemence st, providence, ri 02903, usa","Geocoded"
194,"Continental ","($1.00 admission)","Route 7","Smithfield","RI","(D),(*)","Bars/Clubs",NA,NA,1972,NA,"4/20/2020 3:52am","7/27/2020 1:16pm","Route 7, Smithfield, RI","-71.5402952","41.9304059","ri-7, smithfield, ri, usa","Geocoded"
195,"High Street Cafe","","281 High St.","Woonsocket","RI","(G)","Bars/Clubs",NA,NA,1972,NA,"4/20/2020 3:52am","7/27/2020 1:16pm","281 High St., Woonsocket, RI","-71.51802","42.003424","281 high st, woonsocket, ri 02895, usa","Geocoded"
198,"Crown Hotel Coffee Shop","(after hrs. - weekends)","208 Weybosset","Providence","RI","","Restaurant,Hotels",NA,NA,1971,NA,"4/20/2020 3:55am","7/27/2020 1:16pm","208 Weybosset, Providence, RI","-71.412059","41.821665","208 weybosset st, providence, ri 02903, usa","Geocoded"
199,"Fanning's Bar","(closes 12 midnight)","93 Clemence (bet. Weybosset & The Mall)","Providence","RI","(*)","Bars/Clubs",NA,NA,1971,NA,"4/20/2020 3:55am","7/27/2020 1:16pm","93 Clemence (bet. Weybosset & The Mall), Providence, RI","-71.4117062","41.8223275","weybosset st, providence, ri, usa","Geocoded"
200,"Gold Coin Lounge","","79 Dorrence","Providence","RI","(M)","Bars/Clubs",NA,NA,1971,NA,"4/20/2020 3:56am","7/27/2020 1:16pm","79 Dorrence, Providence, RI","-71.4112482","41.8230785","79 dorrance st, providence, ri 02903, usa","Geocoded"
201,"Kubla Khan Lounge","","129 Weybosset","Providence","RI","(*)","Restaurant",NA,NA,1971,NA,"4/20/2020 3:56am","7/27/2020 1:16pm","129 Weybosset, Providence, RI","-71.411408","41.822984","129 weybosset st, providence, ri 02903, usa","Geocoded"
202,"M.B. Lounge","","91 Clemence ","Providence","RI","(*)","Bars/Clubs",NA,NA,1971,NA,"4/20/2020 3:56am","7/27/2020 1:16pm","91 Clemence , Providence, RI","-71.4127064","41.8220629","91 clemence st, providence, ri 02903, usa","Geocoded"
204,"High St. Cafe","","281 High St.","Woonsocket","RI","(G)","Bars/Clubs",NA,NA,1971,NA,"4/20/2020 3:56am","7/27/2020 1:16pm","281 High St., Woonsocket, RI","-71.51802","42.003424","281 high st, woonsocket, ri 02895, usa","Geocoded"
205,"Mirabar Lounge","","90 Bernon St.","Woonsocket","RI","(M)","Bars/Clubs",NA,NA,1971,NA,"4/20/2020 3:57am","7/27/2020 1:16pm","90 Bernon St., Woonsocket, RI","-71.5156322","41.9998334","90 bernon st, woonsocket, ri 02895, usa","Geocoded"
206,"Ebbtide Lounge","(summers only)","First Beach","Newport","RI","(M)","Bars/Clubs",NA,NA,1970,NA,"4/20/2020 3:58am","7/27/2020 1:16pm","First Beach, Newport, RI","-71.2907618","41.4870097","easton beach, rhode island 02840, usa","Geocoded"
208,"Crown Hotel Coffee Shop","(after hours weekends)","208 Weybosset","Providence","RI","","Restaurant,Hotels",NA,NA,1970,NA,"4/20/2020 3:59am","7/27/2020 1:16pm","208 Weybosset, Providence, RI","-71.412059","41.821665","208 weybosset st, providence, ri 02903, usa","Geocoded"
209,"Fanning's Bar","(closes 12 midnight)","93 Clemence (bet. Weybosset & The Mall)","Providence","RI","(*)","Bars/Clubs",NA,NA,1970,NA,"4/20/2020 3:59am","7/27/2020 1:16pm","93 Clemence (bet. Weybosset & The Mall), Providence, RI","-71.4117062","41.8223275","weybosset st, providence, ri, usa","Geocoded"
210,"Gold Coin Lounge","","79 Dorrence ","Providence","RI","(M)","Bars/Clubs",NA,NA,1970,NA,"4/20/2020 3:59am","7/27/2020 1:16pm","79 Dorrence , Providence, RI","-71.4112482","41.8230785","79 dorrance st, providence, ri 02903, usa","Geocoded"
211,"Kubla Khan Lounge","","129 Weybosset","Providence","RI","(*)","Restaurant",NA,NA,1970,NA,"4/20/2020 4:00am","7/27/2020 1:16pm","129 Weybosset, Providence, RI","-71.411408","41.822984","129 weybosset st, providence, ri 02903, usa","Geocoded"
212,"M.B. Lounge","","91 Clemence ","Providence","RI","(*)","Bars/Clubs",NA,NA,1970,NA,"4/20/2020 4:00am","7/27/2020 1:16pm","91 Clemence , Providence, RI","-71.4127064","41.8220629","91 clemence st, providence, ri 02903, usa","Geocoded"
214,"High St. Cafe","","281 High St.","Woonsocket","RI","(G)","Bars/Clubs",NA,NA,1970,NA,"4/20/2020 4:00am","7/27/2020 1:16pm","281 High St., Woonsocket, RI","-71.51802","42.003424","281 high st, woonsocket, ri 02895, usa","Geocoded"
215,"Mirabar Lounge","","90 Bernon St.","Woonsocket","RI","(M)","Bars/Clubs",NA,NA,1970,NA,"4/20/2020 4:01am","7/27/2020 1:16pm","90 Bernon St., Woonsocket, RI","-71.5156322","41.9998334","90 bernon st, woonsocket, ri 02895, usa","Geocoded"
217,"Crown Hotel Coffee Shop","(after 1 am)","208 Weybosset","Providence","RI","","Restaurant,Hotels",NA,NA,1969,NA,"4/20/2020 4:02am","7/27/2020 1:16pm","208 Weybosset, Providence, RI","-71.412059","41.821665","208 weybosset st, providence, ri 02903, usa","Geocoded"
218,"Fanning's Bar","","93 Clemence (bet. Weybosset & The Mall)","Providence","RI","(*)","Bars/Clubs",NA,NA,1969,NA,"4/20/2020 4:02am","7/27/2020 1:16pm","93 Clemence (bet. Weybosset & The Mall), Providence, RI","-71.4117062","41.8223275","weybosset st, providence, ri, usa","Geocoded"
219,"Gold Coin Lounge","","79 Dorrence","Providence","RI","(M)","Bars/Clubs",NA,NA,1969,NA,"4/20/2020 4:03am","7/27/2020 1:16pm","79 Dorrence, Providence, RI","-71.4112482","41.8230785","79 dorrance st, providence, ri 02903, usa","Geocoded"
220,"Kubla Khan Lounge","","129 Weybosset","Providence","RI","(*)","Restaurant",NA,NA,1969,NA,"4/20/2020 4:03am","7/27/2020 1:16pm","129 Weybosset, Providence, RI","-71.411408","41.822984","129 weybosset st, providence, ri 02903, usa","Geocoded"
221,"M.B. Lounge","","91 Clemence ","Providence","RI","(*)","Bars/Clubs",NA,NA,1969,NA,"4/20/2020 4:03am","7/27/2020 1:16pm","91 Clemence , Providence, RI","-71.4127064","41.8220629","91 clemence st, providence, ri 02903, usa","Geocoded"
224,"High St. Cafe","","281 High St.","Woonsocket","RI","","Restaurant",NA,NA,1969,NA,"4/20/2020 4:04am","7/27/2020 1:16pm","281 High St., Woonsocket, RI","-71.51802","42.003424","281 high st, woonsocket, ri 02895, usa","Geocoded"
225,"Mirabar Lounge","","90 Bernon St.","Woonsocket","RI","","Bars/Clubs",NA,NA,1969,NA,"4/20/2020 4:04am","7/27/2020 1:16pm","90 Bernon St., Woonsocket, RI","-71.5156322","41.9998334","90 bernon st, woonsocket, ri 02895, usa","Geocoded"
227,"Crown Hotel Coffee Shop","(after 1 AM)","208 Weybosset","Providence","RI","","Restaurant,Hotels",NA,NA,1968,NA,"4/20/2020 4:06am","7/27/2020 1:16pm","208 Weybosset, Providence, RI","-71.412059","41.821665","208 weybosset st, providence, ri 02903, usa","Geocoded"
228,"Fanning's Bar","","93 Clemence (bew Weybosset & The Mall)","Providence","RI","(*)","Bars/Clubs",NA,NA,1968,NA,"4/20/2020 4:06am","7/27/2020 1:16pm","93 Clemence (bew Weybosset & The Mall), Providence, RI","-71.4117062","41.8223275","weybosset st, providence, ri, usa","Geocoded"
230,"Gold Coin Lounge","","79 Dorrence ","Providence","RI","(M)","Bars/Clubs",NA,NA,1968,NA,"4/20/2020 4:07am","7/27/2020 1:16pm","79 Dorrence , Providence, RI","-71.4112482","41.8230785","79 dorrance st, providence, ri 02903, usa","Geocoded"
229,"Kubla Khan Lounge","","129 Weybosset","Providence","RI","(*)","Restaurant",NA,NA,1968,NA,"4/20/2020 4:06am","7/27/2020 1:16pm","129 Weybosset, Providence, RI","-71.411408","41.822984","129 weybosset st, providence, ri 02903, usa","Geocoded"
231,"MB Lounge","","91 Clemence ","Providence","RI","(*)","Bars/Clubs",NA,NA,1968,NA,"4/20/2020 4:07am","7/27/2020 1:16pm","91 Clemence , Providence, RI","-71.4127064","41.8220629","91 clemence st, providence, ri 02903, usa","Geocoded"
232,"Tiogue Vista","","at Lake Tiogue","Providence","RI","","Bars/Clubs",NA,NA,1968,NA,"4/20/2020 4:07am","7/27/2020 1:16pm","at Lake Tiogue, Providence, RI","-71.5501399","41.6777794","tiogue lake, coventry, ri 02816, usa","Geocoded"
233,"Mirabar Lounge","","90 Bernon St.","Woonsocket","RI","","Bars/Clubs",NA,NA,1968,NA,"4/20/2020 4:08am","7/27/2020 1:16pm","90 Bernon St., Woonsocket, RI","-71.5156322","41.9998334","90 bernon st, woonsocket, ri 02895, usa","Geocoded"
234,"Venetian Room","","Farewell St.","Newport","RI","","Bars/Clubs",NA,NA,1966,NA,"4/20/2020 4:09am","7/27/2020 1:16pm","Farewell St., Newport, RI","-71.3160855","41.4943081","farewell st, newport, ri 02840, usa","Geocoded"
235,"Center Cafe","","91 Clemence St.","Providence","RI","(M),(D)","Bars/Clubs",NA,NA,1966,NA,"4/20/2020 4:09am","7/27/2020 1:16pm","91 Clemence St., Providence, RI","-71.4127064","41.8220629","91 clemence st, providence, ri 02903, usa","Geocoded"
236,"Crown Hotel Coffee Shop","(after 1 am)","208 Weyset","Providence","RI","","Restaurant,Hotels",NA,NA,1966,NA,"4/20/2020 4:09am","7/27/2020 1:16pm","208 Weyset, Providence, RI","-71.444699","41.8525659","west dr, providence, ri 02904, usa","Geocoded"
237,"Fanning's Bar","","93 Clemence","Providence","RI","","Bars/Clubs",NA,NA,1966,NA,"4/20/2020 4:10am","7/27/2020 1:16pm","93 Clemence, Providence, RI","-71.412755","41.822005","93 clemence st, providence, ri 02903, usa","Geocoded"
238,"Gold Coin Lounge","","79 Dorrence","Providence","RI","","Bars/Clubs",NA,NA,1966,NA,"4/20/2020 4:10am","7/27/2020 1:16pm","79 Dorrence, Providence, RI","-71.4112482","41.8230785","79 dorrance st, providence, ri 02903, usa","Geocoded"
242,"Mirabar Lounge","","90 Bernon St.","Woonsocket","RI","","Bars/Clubs",NA,NA,1966,NA,"4/20/2020 4:11am","7/27/2020 1:16pm","90 Bernon St., Woonsocket, RI","-71.5156322","41.9998334","90 bernon st, woonsocket, ri 02895, usa","Geocoded"
244,"Center Cafe","","91 Clemence","Providence","RI","(M),(D)","Bars/Clubs",NA,NA,1965,NA,"4/20/2020 4:13am","7/27/2020 1:16pm","91 Clemence, Providence, RI","-71.4127064","41.8220629","91 clemence st, providence, ri 02903, usa","Geocoded"
245,"Crown Hotel Coffee Shop","(after 1 am)","208 Weyset ","Providence","RI","","Restaurant,Hotels",NA,NA,1965,NA,"4/20/2020 4:13am","7/27/2020 1:16pm","208 Weyset , Providence, RI","-71.444699","41.8525659","west dr, providence, ri 02904, usa","Geocoded"
246,"Fanning's Bar","","93 Clemence ","Providence","RI","","Bars/Clubs",NA,NA,1965,NA,"4/20/2020 4:14am","7/27/2020 1:16pm","93 Clemence , Providence, RI","-71.412755","41.822005","93 clemence st, providence, ri 02903, usa","Geocoded"
247,"Gold Coin Lounge","","79 Dorrence","Providence","RI","","Bars/Clubs",NA,NA,1965,NA,"4/20/2020 4:14am","7/27/2020 1:16pm","79 Dorrence, Providence, RI","-71.4112482","41.8230785","79 dorrance st, providence, ri 02903, usa","Geocoded"
248,"Kubla Khan","","Dorrence & Westminister","Providence","RI","(R)","Restaurant",NA,NA,1965,NA,"4/20/2020 4:14am","7/27/2020 1:16pm","Dorrence & Westminister, Providence, RI","-82.5020582","40.0868803","dorrence rd, granville township, oh 43023, usa","Geocoded"
249,"Tiogue Vista","","Lake Tiogue","Providence","RI","","Bars/Clubs",NA,NA,1965,NA,"4/20/2020 4:15am","7/27/2020 1:16pm","Lake Tiogue, Providence, RI","-71.5501399","41.6777794","tiogue lake, coventry, ri 02816, usa","Geocoded"
250,"Holiday Inn","","Bermon St.","Woonsocket","RI","(G)","Bars/Clubs",NA,NA,1965,NA,"4/20/2020 4:15am","7/27/2020 1:16pm","Bermon St., Woonsocket, RI","-71.5070235","41.9984273","bernon st, woonsocket, ri 02895, usa","Geocoded"
251,"Mirabar Lounge","","90 Bermon St.","Woonsocket","RI","","Bars/Clubs",NA,NA,1965,NA,"4/20/2020 4:15am","7/27/2020 1:16pm","90 Bermon St., Woonsocket, RI","-71.5156322","41.9998334","90 bernon st, woonsocket, ri 02895, usa","Geocoded"
110,"'First Beach'","in front of concession stands","","Newport","RI","Cruisy Area","Cruising Areas","checked",NA,1976,"","4/20/2020 2:58am","4/20/2020 3:29am",", RI","-71.291362","41.488401","unclear_coded_by_hand","Found"
62,"'First Beach'","in front of concession stands","","Newport","RI","Cruisy Area","Cruising Areas","checked",NA,1978,"","4/20/2020 1:43am","4/20/2020 2:47am",", RI","-71.291362","41.488401","unclear_coded_by_hand","Found"
32,"'First Beach'","in front of concession stands","","Newport","RI","Cruisy Area","Cruising Areas","checked",NA,1979,"","4/20/2020 1:28am","4/20/2020 1:39am",", RI","-71.291362","41.488401","unclear_coded_by_hand","Found"
4,"'First Beach'","in front of concession stands","","Newport","RI","Cruisy Area","Cruising Areas","checked",NA,1980,"","4/20/2020 12:39am","4/20/2020 1:25am",", RI","-71.291362","41.488401","unclear_coded_by_hand","Found"
86,"""First Beach""","in front of concession stands","","Newport","RI","Cruisy Area","Cruising Areas","checked",NA,1977,"","4/20/2020 2:49am","4/20/2020 2:56am",", RI","-71.291362","41.488401","unclear_coded_by_hand","Found"
168,"Burnside Park","","","Providence","RI","Cruisy Area","Cruising Areas","checked",NA,1974,"","4/20/2020 3:42am","4/20/2020 3:44am",", RI","-71.41169","41.825798","unclear_coded_by_hand","Found"
149,"Burnside Park","","","Providence","RI","Cruisy Area","Cruising Areas","checked",NA,1975,"","4/20/2020 3:34am","4/20/2020 3:37am",", RI","-71.41169","41.825798","unclear_coded_by_hand","Found"
125,"Burnside Park","","","Providence","RI","Cruisy Area","Cruising Areas","checked",NA,1976,"","4/20/2020 3:26am","4/20/2020 3:29am",", RI","-71.41169","41.825798","unclear_coded_by_hand","Found"
98,"Burnside Park","","","Providence","RI","Cruisy Area","Cruising Areas","checked",NA,1977,"","4/20/2020 2:54am","4/20/2020 2:56am",", RI","-71.41169","41.825798","unclear_coded_by_hand","Found"
74,"Burnside Park","","","Providence","RI","Cruisy Area","Cruising Areas","checked",NA,1978,"","4/20/2020 2:36am","4/20/2020 2:47am",", RI","-71.41169","41.825798","unclear_coded_by_hand","Found"
18,"Burnside Park","","","Providence","RI","Cruisy Area","Cruising Areas","checked",NA,1980,"","4/20/2020 1:22am","4/20/2020 1:25am",", RI","-71.41169","41.825798","unclear_coded_by_hand","Found"
48,"Burnside Park","","","Providence","RI","Cruisy Area","Cruising Areas","checked",NA,1979,"","4/20/2020 1:36am","4/20/2020 1:39am",", RI","-71.41169","41.825798","unclear_coded_by_hand","Found"
49,"Bus & R.R. Stations","","","Providence","RI","Cruisy Area","Cruising Areas","checked",NA,1979,"","4/20/2020 1:37am","4/20/2020 1:39am",", RI","-71.406367","41.854556","unclear_coded_by_hand","Found"
19,"Bus & R.R. Stations","","","Providence","RI","(AYOR),Cruisy Area","Cruising Areas","checked",NA,1980,"","4/20/2020 1:22am","4/20/2020 1:25am",", RI","-71.406367","41.854556","unclear_coded_by_hand","Found"
150,"Bus & Railroad Stations","","","Providence","RI","Cruisy Area","Cruising Areas","checked",NA,1975,"","4/20/2020 3:35am","4/20/2020 3:37am",", RI","-71.406367","41.854556","unclear_coded_by_hand","Found"
126,"Bus & Railroad Stations","","","Providence","RI","Cruisy Area","Cruising Areas","checked",NA,1976,"","4/20/2020 3:27am","4/20/2020 3:29am",", RI","-71.406367","41.854556","unclear_coded_by_hand","Found"
169,"Bus & Railroad Stations","","","Providence","RI","Cruisy Area","Cruising Areas","checked",NA,1974,"","4/20/2020 3:42am","4/20/2020 3:44am",", RI","-71.406367","41.854556","unclear_coded_by_hand","Found"
99,"Bus & RR Stations","","","Providence","RI","Cruisy Area","Cruising Areas","checked",NA,1977,"","4/20/2020 2:54am","4/20/2020 2:56am",", RI","-71.406367","41.854556","unclear_coded_by_hand","Found"
75,"Bus & RR Stations","","","Providence","RI","Cruisy Area","Cruising Areas","checked",NA,1978,"","4/20/2020 2:36am","4/20/2020 2:47am",", RI","-71.406367","41.854556","unclear_coded_by_hand","Found"
179,"Club Car","","Smith St.","Providence","RI","(G),(*)","Bars/Clubs","checked",NA,1973,"","4/20/2020 3:46am","4/20/2020 3:48am","Smith St., RI","-71.443305","41.841814","unclear_coded_by_hand","General Coordinates Used"
213,"Continental","($1.00 admission)","Route 7","Smithfield","RI","(*),(D)","Bars/Clubs","checked",NA,1970,"","4/20/2020 4:00am","4/20/2020 4:01am","Route 7, RI","-71.54951","41.92205","unclear_coded_by_hand","General Coordinates Used"
203,"Continental","($1.00 admission)","Route 7","Smithfield","RI","(D),(*)","Bars/Clubs","checked",NA,1971,"","4/20/2020 3:56am","4/20/2020 3:57am","Route 7, RI","-71.54951","41.92205","unclear_coded_by_hand","General Coordinates Used"
223,"Continental Rt. 7","","Smithfield","Woonsocket","RI","","Bars/Clubs","checked",NA,1969,"","4/20/2020 4:04am","4/20/2020 4:05am","Smithfield, RI","-71.514784","42.002876","unclear_coded_by_hand","General Coordinates Used"
196,"Ebbtide Lounge","(summers only)","First Beach","Newport","RI","(M)","Bars/Clubs","checked",NA,1971,"","4/20/2020 3:53am","4/20/2020 3:55am","First Beach, RI","-71.291362","41.488401","unclear_coded_by_hand","Found"
188,"First Beach","","","Newport","RI","Cruisy Area","Cruising Areas","checked",NA,1972,"","4/20/2020 3:49am","4/20/2020 3:52am",", RI","-71.291362","41.488401","unclear_coded_by_hand","Found"
136,"First Beach","in front of concession stands","","Newport","RI","Cruisy Area","Cruising Areas","checked",NA,1975,"","4/20/2020 3:30am","4/20/2020 3:37am",", RI","-71.291362","41.488401","unclear_coded_by_hand","Found"
160,"First Beach - in front of concession stands","","","Newport","RI","Cruisy Area","Cruising Areas","checked",NA,1974,"","4/20/2020 3:39am","4/20/2020 3:44am",", RI","-71.291362","41.488401","unclear_coded_by_hand","Found"
241,"Holiday Inn","","Bernon St.","Woonsocket","RI","(G)","Bars/Clubs","checked",NA,1966,"","4/20/2020 4:11am","4/20/2020 4:12am","Bernon St., RI","-71.484818","41.992134","unclear_coded_by_hand","Found"
239,"Kubla Khan","","Dorrence & Westminster","Providence","RI","","Restaurant","checked",NA,1966,"","4/20/2020 4:10am","4/20/2020 4:16am","Dorrence & Westminster, RI","-71.411669","41.823608","unclear_coded_by_hand","Found"
151,"Misquamicut St. Beach","40 mi. S.W. near Waverly","","Providence","RI","Cruisy Area","Cruising Areas","checked",NA,1975,"","4/20/2020 3:35am","4/20/2020 3:37am",", RI","-71.802845","41.323711","unclear_coded_by_hand","Found"
76,"Misquamicut St. Beach","40 mi. S.W. nr. Waverly","","Providence","RI","Cruisy Area","Cruising Areas","checked",NA,1978,"","4/20/2020 2:36am","4/20/2020 2:47am",", RI","-71.802845","41.323711","unclear_coded_by_hand","Found"
50,"Misquamicut St. Beach","40 mi. S.W. nr. Waverly","","Providence","RI","Cruisy Area","Cruising Areas","checked",NA,1979,"","4/20/2020 1:37am","4/20/2020 1:39am",", RI","-71.802845","41.323711","unclear_coded_by_hand","Found"
20,"Misquamicut St. Beach","40 mi. S.W. nr. Waverly","","Providence","RI","Cruisy Area","Cruising Areas","checked",NA,1980,"","4/20/2020 1:22am","4/20/2020 1:25am",", RI","-71.802845","41.323711","unclear_coded_by_hand","Found"
184,"Misquamicut State Beach","40 mi. S.W. near Westerly","","Providence","RI","Cruisy Area","Cruising Areas","checked",NA,1973,"","4/20/2020 3:47am","4/20/2020 3:48am",", RI","-71.802845","41.323711","unclear_coded_by_hand","Found"
170,"Misquamicut State Beach","40 mi. S.W. nr. Westerly","","Providence","RI","Cruisy Area","Cruising Areas","checked",NA,1974,"","4/20/2020 3:42am","4/20/2020 3:44am",", RI","-71.802845","41.323711","unclear_coded_by_hand","Found"
127,"Misquamicut State Beach","40 mi. S.W. nr. Westerly","","Providence","RI","Cruisy Area","Cruising Areas","checked",NA,1976,"","4/20/2020 3:27am","4/20/2020 3:29am",", RI","-71.802845","41.323711","unclear_coded_by_hand","Found"
100,"Misquamicut State Beach","","40 miles SW near Westerly","Providence","RI","Cruisy Area","Cruising Areas","checked",NA,1977,"","4/20/2020 2:54am","4/20/2020 2:56am","40 miles SW near Westerly, RI","-71.802845","41.323711","unclear_coded_by_hand","Found"
171,"Moonstone Beach","right side about 5 mi. N. of Misquamicut","","Providence","RI","Cruisy Area","Cruising Areas","checked",NA,1974,"","4/20/2020 3:42am","4/20/2020 3:44am",", RI","-71.802845","41.323711","unclear_coded_by_hand","General Coordinates Used"
152,"Moonstone Beach","right side about 5 mi. north of Misquamicut State Beach","","Providence","RI","Cruisy Area","Cruising Areas","checked",NA,1975,"","4/20/2020 3:35am","4/20/2020 3:37am",", RI","-71.802845","41.323711","unclear_coded_by_hand","General Coordinates Used"
128,"Moonstone Beach","Right side about 5 mi. N. of Misquamicut St. Beach","","Providence","RI","Cruisy Area","Cruising Areas","checked",NA,1976,"","4/20/2020 3:27am","4/20/2020 3:29am",", RI","-71.802845","41.323711","unclear_coded_by_hand","General Coordinates Used"
101,"Moonstone Beach","Right side - about 5 miles north of Misquamicut State Beach","","Providence","RI","Cruisy Area","Cruising Areas","checked",NA,1977,"","4/20/2020 2:54am","4/20/2020 2:56am",", RI","-71.802845","41.323711","unclear_coded_by_hand","General Coordinates Used"
77,"Moonstone Beach","Right side - 5 mi. N of Misquamicut Beach","","Providence","RI","Cruisy Area","Cruising Areas","checked",NA,1978,"","4/20/2020 2:37am","4/20/2020 2:47am",", RI","-71.802845","41.323711","unclear_coded_by_hand","General Coordinates Used"
51,"Moonstone Beach","Right side - 5 mi. N. of Misquamicut Beach","","Providence","RI","Cruisy Area","Cruising Areas","checked",NA,1979,"","4/20/2020 1:37am","4/20/2020 1:39am",", RI","-71.802845","41.323711","unclear_coded_by_hand","General Coordinates Used"
21,"Moonstone Beach","Right side - 5 mi. N. of Misquamicut Beach","","Providence","RI","Cruisy Area","Cruising Areas","checked",NA,1980,"","4/20/2020 1:23am","4/20/2020 1:25am",", RI","-71.802845","41.323711","unclear_coded_by_hand","General Coordinates Used"
185,"Prospect Terrace","","","Providence","RI","Cruisy Area","Cruising Areas","checked",NA,1973,"","4/20/2020 3:47am","4/20/2020 3:48am",", RI","-71.407283","41.829892","unclear_coded_by_hand","Found"
172,"Prospect Terrace","","","Providence","RI","Cruisy Area","Cruising Areas","checked",NA,1974,"","4/20/2020 3:43am","4/20/2020 3:44am",", RI","-71.407283","41.829892","unclear_coded_by_hand","Found"
153,"Prospect Terrace","","","Providence","RI","Cruisy Area","Cruising Areas","checked",NA,1975,"","4/20/2020 3:36am","4/20/2020 3:37am",", RI","-71.407283","41.829892","unclear_coded_by_hand","Found"
129,"Prospect Terrace","","","Providence","RI","Cruisy Area","Cruising Areas","checked",NA,1976,"","4/20/2020 3:27am","4/20/2020 3:29am",", RI","-71.407283","41.829892","unclear_coded_by_hand","Found"
102,"Prospect Terrace","","","Providence","RI","Cruisy Area","Cruising Areas","checked",NA,1977,"","4/20/2020 2:55am","4/20/2020 2:56am",", RI","-71.407283","41.829892","unclear_coded_by_hand","Found"
78,"Prospect Terrace","","","Providence","RI","Cruisy Area","Cruising Areas","checked",NA,1978,"","4/20/2020 2:37am","4/20/2020 2:47am",", RI","-71.407283","41.829892","unclear_coded_by_hand","Found"
52,"Prospect Theatre","","","Providence","RI","Cruisy Area","Cruising Areas,Theatre","checked",NA,1979,"","4/20/2020 1:37am","7/20/2020 10:39am",", RI","-71.407283","41.829892","unclear_coded_by_hand","Found"
22,"Prospect Theatre","","","Providence","RI","Cruisy Area","Cruising Areas,Theatre","checked",NA,1980,"","4/20/2020 1:23am","7/20/2020 10:39am",", RI","-71.407283","41.829892","unclear_coded_by_hand","Found"
173,"Roger Wiiliams Park","boat house","","Providence","RI","Cruisy Area","Cruising Areas","checked",NA,1974,"","4/20/2020 3:43am","4/20/2020 3:44am",", RI","-71.414808","41.790374","unclear_coded_by_hand","Found"
154,"Roger Williams Park","near boat house","","Providence","RI","Cruisy Area","Cruising Areas","checked",NA,1975,"","4/20/2020 3:36am","4/20/2020 3:37am",", RI","-71.414808","41.790374","unclear_coded_by_hand","Found"
130,"Roger Williams Park","nr. boat house","","Providence","RI","Cruisy Area","Cruising Areas","checked",NA,1976,"","4/20/2020 3:28am","4/20/2020 3:29am",", RI","-71.414808","41.790374","unclear_coded_by_hand","Found"
103,"Roger Williams Park","near Boat House","","Providence","RI","Cruisy Area","Cruising Areas","checked",NA,1977,"","4/20/2020 2:55am","4/20/2020 2:56am",", RI","-71.414808","41.790374","unclear_coded_by_hand","Found"
79,"Roger Williams Park","Boat house","","Providence","RI","Cruisy Area","Cruising Areas","checked",NA,1978,"","4/20/2020 2:37am","4/20/2020 2:47am",", RI","-71.414808","41.790374","unclear_coded_by_hand","Found"
53,"Roger Williams Park","boat house","","Providence","RI","Cruisy Area","Cruising Areas","checked",NA,1979,"","4/20/2020 1:38am","4/20/2020 1:39am",", RI","-71.414808","41.790374","unclear_coded_by_hand","Found"
23,"Roger Williams Park","boat house & parking area to Nature Trail","","Providence","RI","(*),Cruisy Area","Cruising Areas","checked",NA,1980,"","4/20/2020 1:23am","4/20/2020 1:25am",", RI","-71.414808","41.790374","unclear_coded_by_hand","Found"
240,"Tiogue Vista","","Lake Tiogue","Providence","RI","","Bars/Clubs","checked",NA,1966,"approximate location","4/20/2020 4:10am","4/20/2020 4:12am","Lake Tiogue, RI","-71.557267","41.683639","unclear_coded_by_hand","Found"
222,"Tiogue Vista","at Lake Tiogue","","Providence","RI","","Bars/Clubs","checked",NA,1969,"approximate location","4/20/2020 4:04am","4/20/2020 4:05am",", RI","-71.557267","41.683639","unclear_coded_by_hand","Found"
243,"Venetian Room","","Farewell St.","Newport","RI","","Bars/Clubs","checked",NA,1965,"","4/20/2020 4:12am","4/20/2020 4:13am","Farewell St., RI","-71.315438","41.49368","unclear_coded_by_hand","General Coordinates Used"
216,"Venetian Room","","Farewell St.","Newport","RI","","Bars/Clubs","checked",NA,1969,"","4/20/2020 4:01am","4/20/2020 4:09am","Farewell St., RI","-71.315438","41.49368","unclear_coded_by_hand","General Coordinates Used"
207,"Venetian Room","","Farewell St.","Newport","RI","(*)","Bars/Clubs","checked",NA,1970,"","4/20/2020 3:58am","4/20/2020 4:09am","Farewell St., RI","-71.315438","41.49368","unclear_coded_by_hand","General Coordinates Used"
197,"Venetian Room","","Farewell St.","Newport","RI","(*)","Bars/Clubs","checked",NA,1971,"","4/20/2020 3:54am","4/20/2020 3:57am","Farewell St., RI","-71.315438","41.49368","unclear_coded_by_hand","General Coordinates Used"
226,"Venetian Room","","Farewell St.","Newport","RI","","Bars/Clubs","checked",NA,1968,"","4/20/2020 4:06am","4/20/2020 4:09am","Farewell St., RI","-71.315438","41.49368","unclear_coded_by_hand","General Coordinates Used"
54,"Westminster Mall","","","Providence","RI","Cruisy Area","Cruising Areas","checked",NA,1979,"","4/20/2020 1:38am","4/20/2020 1:39am",", RI","-71.410686","41.82417","unclear_coded_by_hand","Found"
24,"Westminster Mall","","","Providence","RI","Cruisy Area","Cruising Areas","checked",NA,1980,"","4/20/2020 1:24am","4/20/2020 1:25am",", RI","-71.410686","41.82417","unclear_coded_by_hand","Found"
104,"Weybosset St.","","","Providence","RI","Cruisy Area","Cruising Areas","checked",NA,1977,"","4/20/2020 2:55am","4/20/2020 2:56am",", RI","-71.411706","41.822328","unclear_coded_by_hand","Found"
55,"Weybosset St.","","","Providence","RI","Cruisy Area","Cruising Areas","checked",NA,1979,"","4/20/2020 1:38am","4/20/2020 1:39am",", RI","-71.411706","41.822328","unclear_coded_by_hand","Found"
25,"Weybosset St.","","","Providence","RI","Cruisy Area","Cruising Areas","checked",NA,1980,"","4/20/2020 1:24am","4/20/2020 1:25am",", RI","-71.411706","41.822328","unclear_coded_by_hand","Found"
155,"Weybosset Street","","","Providence","RI","Cruisy Area","Cruising Areas","checked",NA,1975,"","4/20/2020 3:36am","4/20/2020 3:37am",", RI","-71.411706","41.822328","unclear_coded_by_hand","Found"
131,"Weybosset Street","","","Providence","RI","Cruisy Area","Cruising Areas","checked",NA,1976,"","4/20/2020 3:28am","4/20/2020 3:29am",", RI","-71.411706","41.822328","unclear_coded_by_hand","Found"
80,"Weybosset Street","","","Providence","RI","Cruisy Area","Cruising Areas","checked",NA,1978,"","4/20/2020 2:37am","4/20/2020 2:47am",", RI","-71.411706","41.822328","unclear_coded_by_hand","Found"
