"ID","Title","description","streetaddress","city","state","amenityfeatures","type","Year","unclearaddress","uncleartype","notes","dateadded","lastmodified","full.address","lon","lat","geoAddress","status"
1,"Dugan's Deli","","2902 West","Ames","IA","(M),(R)","Restaurant",1980,NA,NA,NA,"4/21/2020 10:27am","7/23/2020 7:25pm","2902 West, Ames, IA","-93.6573985","42.0251627","2902 west st, ames, ia 50014, usa","Geocoded"
4,"Side Track","(Disco- D- WE*) (Some L)","169 4th St. S.E.","Cedar Rapids","IA","(D),(WE),(*),(L)","Bars/Clubs",1980,NA,NA,NA,"4/21/2020 10:27am","7/23/2020 7:25pm","169 4th St. S.E., Cedar Rapids, IA","-91.6668857","41.9807052","169 4th st se, cedar rapids, ia 52401, usa","Geocoded"
5,"Warehouse","(Disco)(Some L)(Snacks) (Hard to find- call (319)365-9044 for directions)","525 H St. S.W.","Cedar Rapids","IA","(YC),(D),(L),(*)","Bars/Clubs",1980,NA,NA,NA,"4/21/2020 10:27am","7/23/2020 7:25pm","525 H St. S.W., Cedar Rapids, IA","-91.658585","41.9650089","a st sw, cedar rapids, ia 52404, usa","Geocoded"
8,"Ernie's Book Store","(Cruisy)","2305 W. Broadway","Council Bluffs","IA","","Book Store,Cruising Areas",1980,NA,NA,NA,"4/21/2020 10:27am","7/23/2020 7:25pm","2305 W. Broadway, Council Bluffs, IA","-95.8785003","41.2615455","2305 w broadway, council bluffs, ia 51501, usa","Geocoded"
9,"Good Times Too","(Adult books)","117 N. 16th St.","Council Bluffs","IA","(*)","Book Store",1980,NA,NA,NA,"4/21/2020 10:27am","7/23/2020 7:25pm","117 N. 16th St., Council Bluffs, IA","-95.8672466","41.263419","117 n 16th st, council bluffs, ia 51501, usa","Geocoded"
10,"Joker Lounge","(Best late, after Omaha bars close)","3603 W. Broadway","Council Bluffs","IA","(M)","Bars/Clubs",1980,NA,NA,NA,"4/21/2020 10:27am","7/23/2020 7:25pm","3603 W. Broadway, Council Bluffs, IA","-95.90533","41.261363","3603 w broadway, council bluffs, ia 51501, usa","Geocoded"
13,"B.G. Lounge","","208 3rd St.","Des Moines","IA","(D),(PT),(S),(*)","Bars/Clubs",1980,NA,NA,NA,"4/21/2020 10:27am","7/23/2020 7:25pm","208 3rd St., Des Moines, IA","-93.6207908","41.5856904","208 3rd st, des moines, ia 50309, usa","Geocoded"
14,"Country Cove","(Baths) (Opening spring of 79- should be a winner)","403 4th St.","Des Moines","IA","(H)","Baths,Hotels",1980,NA,NA,NA,"4/21/2020 10:27am","7/23/2020 7:25pm","403 4th St., Des Moines, IA","-93.6082445","41.5740637","403 se 4th st, des moines, ia 50315, usa","Geocoded"
15,"Country Cove Tap Room & Dance Hall","(Home of the Iowa Cornhaulers Levi Club) (Some W, SM, OC, FFA, RT) (Disco) (Opens 11am) at Court","201 4th Ave.","Des Moines","IA","(*),(W),(WE),(D),(SM),(OC),(FFA),(RT),(PT)","Bars/Clubs",1980,NA,NA,NA,"4/21/2020 10:27am","7/23/2020 7:25pm","201 4th Ave., Des Moines, IA","-93.460557","41.650204","201 4th ave se, altoona, ia 50009, usa","Geocoded"
16,"Court St. News","(Books & cruisy arcade)","319 Court St.","Des Moines","IA","","Book Store,Cruising Areas",1980,NA,NA,NA,"4/21/2020 10:27am","7/23/2020 7:25pm","319 Court St., Des Moines, IA","-93.6249593","41.5868353","des moines, ia, usa","Geocoded"
17,"Gallery Book Store","","908 6th Ave.","Des Moines","IA","(M)","Book Store",1980,NA,NA,NA,"4/21/2020 10:27am","7/23/2020 7:25pm","908 6th Ave., Des Moines, IA","-93.6261197","41.593548","908 6th ave, des moines, ia 50309, usa","Geocoded"
19,"Page IV Book Store","('Wild back room')","205 4th St.","Des Moines","IA","(*)","Book Store",1980,NA,NA,NA,"4/21/2020 10:27am","7/23/2020 7:25pm","205 4th St., Des Moines, IA","-93.6215861","41.5852483","205 4th st, des moines, ia 50309, usa","Geocoded"
20,"12 Grand","(Disco)","1201 Grand Ave.","Des Moines","IA","(YC),(D),(*)","Bars/Clubs",1980,NA,NA,NA,"4/21/2020 10:27am","7/23/2020 7:25pm","1201 Grand Ave., Des Moines, IA","-93.6337505","41.5859635","1201 grand ave, des moines, ia 50309, usa","Geocoded"
21,"Book Stores","around 4th & Court","","Des Moines","IA","Cruisy Area","Cruisy Areas",1980,NA,NA,NA,"4/21/2020 10:27am","7/23/2020 7:25pm",", Des Moines, IA","-93.6249593","41.5868353","des moines, ia, usa","Geocoded"
22,"Fort Hotel","Basement T-Room","","Des Moines","IA","Cruisy Area","Cruisy Areas,Hotels",1980,NA,NA,NA,"4/21/2020 10:27am","7/23/2020 7:25pm",", Des Moines, IA","-93.6249593","41.5868353","des moines, ia, usa","Geocoded"
23,"Grandview Park","32nd & Euclid","","Des Moines","IA","Cruisy Area","Cruisy Areas",1980,NA,NA,NA,"4/21/2020 10:27am","7/23/2020 7:25pm",", Des Moines, IA","-93.6249593","41.5868353","des moines, ia, usa","Geocoded"
24,"Greenwood Park","nr. Art Museum","","Des Moines","IA","Cruisy Area","Cruisy Areas",1980,NA,NA,NA,"4/21/2020 10:27am","7/23/2020 7:25pm",", Des Moines, IA","-93.6249593","41.5868353","des moines, ia, usa","Geocoded"
25,"'Marble Meat Rack'","on Gay Loop- Keo betw. 4th & 6th Sts (AH*)","","Des Moines","IA","Cruisy Area,(AH),(*)","Cruisy Areas",1980,NA,NA,NA,"4/21/2020 10:27am","7/23/2020 7:25pm",", Des Moines, IA","-93.6249593","41.5868353","des moines, ia, usa","Geocoded"
26,"Margo Frankel Woods","","","Des Moines","IA","Cruisy Area","Cruisy Areas",1980,NA,NA,NA,"4/21/2020 10:27am","7/23/2020 7:25pm",", Des Moines, IA","-93.6249593","41.5868353","des moines, ia, usa","Geocoded"
27,"Heritage Book Store","","1214 Central Ave.","Fort Dodge","IA","(M)","Book Store",1980,NA,NA,NA,"4/21/2020 10:27am","7/23/2020 7:25pm","1214 Central Ave., Fort Dodge, IA","-94.1821542","42.5061947","1214 central ave, fort dodge, ia 50501, usa","Geocoded"
28,"That Bar","(Adj. Deli) (Some L)","325 E. Markey St.","Iowa City","IA","(*),(M),(AH),(YC),(L),(D)","Bars/Clubs",1980,NA,NA,NA,"4/21/2020 10:27am","7/23/2020 7:25pm","325 E. Markey St., Iowa City, IA","-91.5305086","41.6633828","325 e market st, iowa city, ia 52245, usa","Geocoded"
32,"Madame Lovejoys","(Books, etc.)","405 W. 7th St.","Sioux City","IA","(*)","Book Store",1980,NA,NA,NA,"4/21/2020 10:27am","7/23/2020 7:25pm","405 W. 7th St., Sioux City, IA","-96.4123547","42.5005782","405 w 7th st, sioux city, ia 51103, usa","Geocoded"
33,"Danish Book World","nr. Crossroads Center","646 La Port Rd.","Waterloo","IA","","Book Store",1980,NA,NA,NA,"4/21/2020 10:27am","7/23/2020 7:25pm","646 La Port Rd., Waterloo, IA","-92.3227966","42.4790773","646 la porte rd, waterloo, ia 50702, usa","Geocoded"
34,"Inn Touch","(Some L) (Disco) (W, Fri. & Sat.) (Cl. Sundays)","1445 Sycamore","Waterloo","IA","(*),(YC),(L),(D),(PT)","Bars/Clubs",1980,NA,NA,NA,"4/21/2020 10:27am","7/23/2020 7:25pm","1445 Sycamore, Waterloo, IA","-92.3249541","42.4926732","1445 sycamore st, waterloo, ia 50703, usa","Geocoded"
36,"Dugan's Deli","","2902 West","Ames","IA","(M),(R)","Restaurant",1979,NA,NA,NA,"4/21/2020 10:27am","7/23/2020 7:25pm","2902 West, Ames, IA","-93.6573985","42.0251627","2902 west st, ames, ia 50014, usa","Geocoded"
38,"Pantry","(Fri. & Sat. onlu from 2 a.m. till closing)","1214 3rd St. S.E.","Cedar Rapids","IA","(R),(AH)","Restaurant",1979,NA,NA,NA,"4/21/2020 10:27am","7/23/2020 7:25pm","1214 3rd St. S.E., Cedar Rapids, IA","-91.6573855","41.9699553","1214 3rd st se, cedar rapids, ia 52401, usa","Geocoded"
39,"Side Track","(Many G) (Disco-D-WE*)","169 4th St. S.E.","Cedar Rapids","IA","(G),(D),(WE),(*)","Bars/Clubs",1979,NA,NA,NA,"4/21/2020 10:27am","7/23/2020 7:25pm","169 4th St. S.E., Cedar Rapids, IA","-91.6668857","41.9807052","169 4th st se, cedar rapids, ia 52401, usa","Geocoded"
40,"Warehouse","(Disco) (Hard to find- call (319) 365-9044 for directions)","525 H St. S.W.","Cedar Rapids","IA","(YC),(D),(*)","Bars/Clubs",1979,NA,NA,NA,"4/21/2020 10:27am","7/23/2020 7:25pm","525 H St. S.W., Cedar Rapids, IA","-91.658585","41.9650089","a st sw, cedar rapids, ia 52404, usa","Geocoded"
43,"Ernie's Book Store","(Cruisy)","2305 W. Broadway","Council Bluffs","IA","","Book Store,Cruising Areas",1979,NA,NA,NA,"4/21/2020 10:27am","7/23/2020 7:25pm","2305 W. Broadway, Council Bluffs, IA","-95.8785003","41.2615455","2305 w broadway, council bluffs, ia 51501, usa","Geocoded"
44,"Joker Lounge","(Best late, after Omaha bars close)","3603 W. Broadway","Council Bluffs","IA","(M)","Bars/Clubs",1979,NA,NA,NA,"4/21/2020 10:27am","7/23/2020 7:25pm","3603 W. Broadway, Council Bluffs, IA","-95.90533","41.261363","3603 w broadway, council bluffs, ia 51501, usa","Geocoded"
47,"Adam & Eve Book Store","","508 Grand","Des Moines","IA","","Book Store",1979,NA,NA,NA,"4/21/2020 10:27am","7/23/2020 7:25pm","508 Grand, Des Moines, IA","-93.6245137","41.5874193","508 grand ave, des moines, ia 50309, usa","Geocoded"
48,"B.G. Lounge","(Some OC)","208 3rd St.","Des Moines","IA","(OC),(D),(PT),(S),(*)","Bars/Clubs",1979,NA,NA,NA,"4/21/2020 10:27am","7/23/2020 7:25pm","208 3rd St., Des Moines, IA","-93.6207908","41.5856904","208 3rd st, des moines, ia 50309, usa","Geocoded"
49,"City Disco Park","(Some G) (Iowa's 'top' complex has (Disco)(Cabaret), arcade, Patio bar & lounge. Open 8 p.m.- 2 a.m. daily, Sun. 6 p.m.- 10 p.m.)","545 6th Ave.","Des Moines","IA","(*),(HIP),(YC),(G),(D),(S),(PT)","Bars/Clubs",1979,NA,NA,NA,"4/21/2020 10:27am","7/23/2020 7:25pm","545 6th Ave., Des Moines, IA","-93.6252239","41.5888582","545 6th ave, des moines, ia 50309, usa","Geocoded"
52,"Stardust","","1203 Grand Ave.","Des Moines","IA","(G),(D),(PT),(S)","Bars/Clubs",1979,NA,NA,NA,"4/21/2020 10:27am","7/23/2020 7:25pm","1203 Grand Ave., Des Moines, IA","-93.6337513","41.5859633","1203 grand ave, des moines, ia 50309, usa","Geocoded"
53,"The Place","(Book store) ('wild back room')","205 4th St.","Des Moines","IA","(P)","Book Store",1979,NA,NA,NA,"4/21/2020 10:27am","7/23/2020 7:25pm","205 4th St., Des Moines, IA","-93.6215861","41.5852483","205 4th st, des moines, ia 50309, usa","Geocoded"
60,"That Bar","(Some G)","325 E. Market St.","Iowa City","IA","(*),(M),(YC),(G),(D)","Bars/Clubs",1979,NA,NA,NA,"4/21/2020 10:27am","7/23/2020 7:25pm","325 E. Market St., Iowa City, IA","-91.5305086","41.6633828","325 e market st, iowa city, ia 52245, usa","Geocoded"
64,"Forum Book Shop & Arcade","","513 Pearl St.","Sioux City","IA","","Book Store",1979,NA,NA,NA,"4/21/2020 10:27am","7/23/2020 7:25pm","513 Pearl St., Sioux City, IA","-96.4078786","42.4957091","513 pearl st, sioux city, ia 51101, usa","Geocoded"
65,"Inn Touch","(Some G) (Disco- WE)","1445 Sycamore","Waterloo","IA","(YC),(G),(D),(WE),(PT)","Bars/Clubs",1979,NA,NA,NA,"4/21/2020 10:27am","7/23/2020 7:25pm","1445 Sycamore, Waterloo, IA","-92.3249541","42.4926732","1445 sycamore st, waterloo, ia 50703, usa","Geocoded"
67,"Dugan's Deli","","2902 West","Ames","IA","(M),(R)","Restaurant",1978,NA,NA,NA,"4/21/2020 10:27am","7/23/2020 7:25pm","2902 West, Ames, IA","-93.6573985","42.0251627","2902 west st, ames, ia 50014, usa","Geocoded"
69,"Holiday Inn","","2501 Williams Blvd. S.W.","Cedar Rapids","IA","(M),(R),(C),(AH)","Restaurant",1978,NA,NA,NA,"4/21/2020 10:27am","7/23/2020 7:25pm","2501 Williams Blvd. S.W., Cedar Rapids, IA","-91.705365","41.964225","2501 williams blvd sw, cedar rapids, ia 52404, usa","Geocoded"
70,"Private Club","(Disco)","113 A Ave. N.W.","Cedar Rapids","IA","(D),(WE)","Bars/Clubs",1978,NA,NA,NA,"4/21/2020 10:27am","7/23/2020 7:25pm","113 A Ave. N.W., Cedar Rapids, IA","-91.6743089","41.9771616","113 a ave nw, cedar rapids, ia 52405, usa","Geocoded"
72,"Side Track","(Some G)","169 4th St. S.E.","Cedar Rapids","IA","(YC),(G),(D),(E),(*)","Bars/Clubs",1978,NA,NA,NA,"4/21/2020 10:27am","7/23/2020 7:25pm","169 4th St. S.E., Cedar Rapids, IA","-91.6668857","41.9807052","169 4th st se, cedar rapids, ia 52401, usa","Geocoded"
77,"Bachelor's Library","(Books)","919 Walnut","Des Moines","IA","","Book Store",1978,NA,NA,NA,"4/21/2020 10:27am","7/23/2020 7:25pm","919 Walnut, Des Moines, IA","-93.6289253","41.5852895","919 walnut st, des moines, ia 50309, usa","Geocoded"
78,"B.G. Lounge ","(Some OC)","208 3rd St.","Des Moines","IA","(OC),(D),(PT),(*)","Bars/Clubs",1978,NA,NA,NA,"4/21/2020 10:27am","7/23/2020 7:25pm","208 3rd St., Des Moines, IA","-93.6207908","41.5856904","208 3rd st, des moines, ia 50309, usa","Geocoded"
79,"City Disco Park","(Some G) (DIsco)","545 6th Ave.","Des Moines","IA","(*),(YC),(G),(D),(PT)","Bars/Clubs",1978,NA,NA,NA,"4/21/2020 10:27am","7/23/2020 7:25pm","545 6th Ave., Des Moines, IA","-93.6252239","41.5888582","545 6th ave, des moines, ia 50309, usa","Geocoded"
80,"Corn Parlor","(Home of the Iowa 'Corn Haulers')","942 6th Ave.","Des Moines","IA","(W),(SM),(*)","Bars/Clubs",1978,NA,NA,NA,"4/21/2020 10:27am","7/23/2020 7:25pm","942 6th Ave., Des Moines, IA","-93.6261211","41.5941155","942 6th ave, des moines, ia 50309, usa","Geocoded"
83,"M2 Lounge","","1201 Grand Ave.","Des Moines","IA","(D)","Bars/Clubs",1978,NA,NA,NA,"4/21/2020 10:27am","7/23/2020 7:25pm","1201 Grand Ave., Des Moines, IA","-93.6337505","41.5859635","1201 grand ave, des moines, ia 50309, usa","Geocoded"
84,"Shelter House","(Some SM) (RT-Days) (Adjoins City Disco- rear entrance in alley off Keo)","545 6th Ave.","Des Moines","IA","(SM),(RT)","Bars/Clubs",1978,NA,NA,NA,"4/21/2020 10:27am","7/23/2020 7:25pm","545 6th Ave., Des Moines, IA","-93.6252239","41.5888582","545 6th ave, des moines, ia 50309, usa","Geocoded"
91,"Boulevard Room","(Some G)","325 E. Market St.","Iowa City","IA","(M),(YC),(G),(D),(*)","Bars/Clubs",1978,NA,NA,NA,"4/21/2020 10:27am","7/23/2020 7:25pm","325 E. Market St., Iowa City, IA","-91.5305086","41.6633828","325 e market st, iowa city, ia 52245, usa","Geocoded"
95,"Inn Touch","(Some G) (Disco- WE)","1445 Sycamore","Waterloo","IA","(*),(YC),(G),(D),(WE),(PT)","Bars/Clubs",1978,NA,NA,NA,"4/21/2020 10:27am","7/23/2020 7:25pm","1445 Sycamore, Waterloo, IA","-92.3249541","42.4926732","1445 sycamore st, waterloo, ia 50703, usa","Geocoded"
97,"Cave Inn Pizza","","126 Welch","Ames","IA","(M),(R)","Restaurant",1977,NA,NA,NA,"4/21/2020 10:27am","7/23/2020 7:25pm","126 Welch, Ames, IA","-93.6497904","42.0217817","126 welch ave, ames, ia 50014, usa","Geocoded"
98,"Aragon","","2nd Avenue S.E.","Cedar Rapids","IA","(OC),(RT)","Bars/Clubs",1977,NA,NA,NA,"4/21/2020 10:27am","7/23/2020 7:25pm","2nd Avenue S.E., Cedar Rapids, IA","-91.6453987","41.9907177","2nd ave se, cedar rapids, ia, usa","Geocoded"
99,"Distillery","(Very mixed) (Best bet Sundays) Montrose Hotel ar","223 3rd Ave. S.E.","Cedar Rapids","IA","(M)","Bars/Clubs,Hotels",1977,NA,NA,NA,"4/21/2020 10:27am","7/23/2020 7:25pm","223 3rd Ave. S.E., Cedar Rapids, IA","-91.6659603","41.9772386","223 3rd ave se, cedar rapids, ia 52401, usa","Geocoded"
100,"Side Track ","(Some G)","169 4th Street S.E.","Cedar Rapids","IA","(YC),(G),(D),(E),(*)","Bars/Clubs",1977,NA,NA,NA,"4/21/2020 10:27am","7/23/2020 7:25pm","169 4th Street S.E., Cedar Rapids, IA","-91.6668857","41.9807052","169 4th st se, cedar rapids, ia 52401, usa","Geocoded"
104,"Blue Goose","(Some OC, SM, RT)","208 3rd Street","Des Moines","IA","(D),(PT),(*),(OC),(SM),(RT)","Bars/Clubs",1977,NA,NA,NA,"4/21/2020 10:27am","7/23/2020 7:25pm","208 3rd Street, Des Moines, IA","-93.6207908","41.5856904","208 3rd st, des moines, ia 50309, usa","Geocoded"
105,"Kingswood Inn","near Grant","425 4th ","Des Moines","IA","(M),(R),(C),(AH)","Restaurant",1977,NA,NA,NA,"4/21/2020 10:27am","7/23/2020 7:25pm","425 4th , Des Moines, IA","-93.7072411","41.5748984","425 4th st, west des moines, ia 50265, usa","Geocoded"
106,"M2 Lounge","(Disco) (Several bars- no sign but don't miss it- enter through parking lot in rear)","1201 Grand Avenue","Des Moines","IA","(YC),(D),(*)","Bars/Clubs",1977,NA,NA,NA,"4/21/2020 10:27am","7/23/2020 7:25pm","1201 Grand Avenue, Des Moines, IA","-93.6337505","41.5859635","1201 grand ave, des moines, ia 50309, usa","Geocoded"
107,"P.S. Lounge","(DIsco) (also adjoining ""Annex"" on WE)","311 2nd Ave.","Des Moines","IA","(D),(*),(PT),(R),(WE)","Restaurant,Bars/Clubs",1977,NA,NA,NA,"4/21/2020 10:27am","7/23/2020 7:25pm","311 2nd Ave., Des Moines, IA","-93.6197557","41.5870797","311 2nd ave, des moines, ia 50309, usa","Geocoded"
114,"Boulevard Room","(Some G)","325 E. Market Street","Iowa City","IA","(M),(YC),(G),(D),(*)","Bars/Clubs",1977,NA,NA,NA,"4/21/2020 10:27am","7/23/2020 7:25pm","325 E. Market Street, Iowa City, IA","-91.5305086","41.6633828","325 e market st, iowa city, ia 52245, usa","Geocoded"
116,"Eadmar Hotel Lounge","","24 N. Washington","Mason City","IA","(M)","Bars/Clubs,Hotels",1977,NA,NA,NA,"4/21/2020 10:27am","7/23/2020 7:25pm","24 N. Washington, Mason City, IA","-93.2026764","43.152372","24 n washington ave, mason city, ia 50401, usa","Geocoded"
119,"Inn Touch","","1445 Sycamore","Waterloo","IA","(YC),(D),(*)","Bars/Clubs",1977,NA,NA,NA,"4/21/2020 10:27am","7/23/2020 7:25pm","1445 Sycamore, Waterloo, IA","-92.3249541","42.4926732","1445 sycamore st, waterloo, ia 50703, usa","Geocoded"
120,"Aragon","","322 2nd Ave. S.E.","Cedar Rapids","IA","(*)","Bars/Clubs",1976,NA,NA,NA,"4/21/2020 10:27am","7/23/2020 7:25pm","322 2nd Ave. S.E., Cedar Rapids, IA","-91.6661704","41.9790718","322 2nd ave se, cedar rapids, ia 52401, usa","Geocoded"
121,"Mantrose Hotel Bar","","223 3rd Ave. S.E.","Cedar Rapids","IA","(M)","Hotels,Bars/Clubs",1976,NA,NA,NA,"4/21/2020 10:27am","7/23/2020 7:25pm","223 3rd Ave. S.E., Cedar Rapids, IA","-91.6659603","41.9772386","223 3rd ave se, cedar rapids, ia 52401, usa","Geocoded"
124,"Blue Goose","","208 3rd St.","Des Moines","IA","(OC),(D),(*)","Bars/Clubs",1976,NA,NA,NA,"4/21/2020 10:27am","7/23/2020 7:25pm","208 3rd St., Des Moines, IA","-93.6207908","41.5856904","208 3rd st, des moines, ia 50309, usa","Geocoded"
125,"Menagerie","","5810 N.E. 2nd Ave.","Des Moines","IA","(YC),(D),(G),(*)","Bars/Clubs",1976,NA,NA,NA,"4/21/2020 10:27am","7/23/2020 7:25pm","5810 N.E. 2nd Ave., Des Moines, IA","-93.6202215","41.6366591","5810 2nd ave, des moines, ia 50313, usa","Geocoded"
126,"P.S. Male Box Lounge","(also annex on WE)","311 2nd Ave.","Des Moines","IA","(YC),(D),(*)","Bars/Clubs",1976,NA,NA,NA,"4/21/2020 10:27am","7/23/2020 7:25pm","311 2nd Ave., Des Moines, IA","-93.6197557","41.5870797","311 2nd ave, des moines, ia 50309, usa","Geocoded"
133,"Embassy ","","225 E. 5th","Waterloo","IA","(M),(*)","Bars/Clubs",1976,NA,NA,NA,"4/21/2020 10:27am","7/23/2020 7:25pm","225 E. 5th, Waterloo, IA","-92.3346818","42.4981038","225 e 5th st, waterloo, ia 50703, usa","Geocoded"
134,"Monte Carlo","","504 Sycamore St.","Waterloo","IA","(M)","Bars/Clubs",1976,NA,NA,NA,"4/21/2020 10:27am","7/23/2020 7:25pm","504 Sycamore St., Waterloo, IA","-92.3368342","42.4986536","504 sycamore st, waterloo, ia 50703, usa","Geocoded"
135,"Aragon","","322 2nd Ave S.E.","Cedar Rapids","IA","(*)","Bars/Clubs",1975,NA,NA,NA,"4/21/2020 10:27am","7/23/2020 7:25pm","322 2nd Ave S.E., Cedar Rapids, IA","-91.6661704","41.9790718","322 2nd ave se, cedar rapids, ia 52401, usa","Geocoded"
136,"Montrose Hotel Bar","","223 3rd Ave. S.E.","Cedar Rapids","IA","(M)","Bars/Clubs,Hotels",1975,NA,NA,NA,"4/21/2020 10:27am","7/23/2020 7:25pm","223 3rd Ave. S.E., Cedar Rapids, IA","-91.6659603","41.9772386","223 3rd ave se, cedar rapids, ia 52401, usa","Geocoded"
139,"Annex","","305 2nd Ave.","Des Moines","IA","(G),(D),(*)","Bars/Clubs",1975,NA,NA,NA,"4/21/2020 10:27am","7/23/2020 7:25pm","305 2nd Ave., Des Moines, IA","-93.6197362","41.5870278","305 2nd ave, des moines, ia 50309, usa","Geocoded"
140,"Blue Goose ","","208 3rd St.","Des Moines","IA","(D),(*)","Bars/Clubs",1975,NA,NA,NA,"4/21/2020 10:27am","7/23/2020 7:25pm","208 3rd St., Des Moines, IA","-93.6207908","41.5856904","208 3rd st, des moines, ia 50309, usa","Geocoded"
141,"P.S. Male Box Lounge","","311 2nd Ave.","Des Moines","IA","(YC),(D),(*)","Bars/Clubs",1975,NA,NA,NA,"4/21/2020 10:27am","7/23/2020 7:25pm","311 2nd Ave., Des Moines, IA","-93.6197557","41.5870797","311 2nd ave, des moines, ia 50309, usa","Geocoded"
146,"Hi Ho Lounge","","504 Sycamore St.","Waterloo","IA","(M)","Bars/Clubs",1975,NA,NA,NA,"4/21/2020 10:27am","7/23/2020 7:25pm","504 Sycamore St., Waterloo, IA","-92.3368342","42.4986536","504 sycamore st, waterloo, ia 50703, usa","Geocoded"
147,"The Lounge","","200 W. 5th St.","Waterloo","IA","(M)","Bars/Clubs",1975,NA,NA,NA,"4/21/2020 10:27am","7/23/2020 7:25pm","200 W. 5th St., Waterloo, IA","-92.3386965","42.4944089","200 w 5th st, waterloo, ia 50701, usa","Geocoded"
148,"Aragon","","322 2nd Ave. S.E.","Cedar Rapids","IA","(M)","Bars/Clubs",1974,NA,NA,NA,"4/21/2020 10:27am","7/23/2020 7:25pm","322 2nd Ave. S.E., Cedar Rapids, IA","-91.6661704","41.9790718","322 2nd ave se, cedar rapids, ia 52401, usa","Geocoded"
149,"Montrose Hotel Bar","","223 3rd Ave. S.E.","Cedar Rapids","IA","(M)","Bars/Clubs,Hotels",1974,NA,NA,NA,"4/21/2020 10:27am","7/23/2020 7:25pm","223 3rd Ave. S.E., Cedar Rapids, IA","-91.6659603","41.9772386","223 3rd ave se, cedar rapids, ia 52401, usa","Geocoded"
152,"Blue Goose","","208 3rd St.","Des Moines","IA","(D),(*)","Bars/Clubs",1974,NA,NA,NA,"4/21/2020 10:27am","7/23/2020 7:25pm","208 3rd St., Des Moines, IA","-93.6207908","41.5856904","208 3rd st, des moines, ia 50309, usa","Geocoded"
153,"P.S.","Male Box Lounge","311 2nd Ave.","Des Moines","IA","(YC),(D),(*)","Bars/Clubs",1974,NA,NA,NA,"4/21/2020 10:27am","7/23/2020 7:25pm","311 2nd Ave., Des Moines, IA","-93.6197557","41.5870797","311 2nd ave, des moines, ia 50309, usa","Geocoded"
158,"Hi Ho Lounge","","504 Sycramore St.","Waterloo","IA","(M)","Bars/Clubs",1974,NA,NA,NA,"4/26/2020 9:35pm","7/23/2020 7:25pm","504 Sycramore St., Waterloo, IA","-92.3368342","42.4986536","504 sycamore st, waterloo, ia 50703, usa","Geocoded"
159,"The Lounge","","200 W. 5th St.","Waterloo","IA","(M)","Bars/Clubs",1974,NA,NA,NA,"4/26/2020 9:35pm","7/23/2020 7:25pm","200 W. 5th St., Waterloo, IA","-92.3386965","42.4944089","200 w 5th st, waterloo, ia 50701, usa","Geocoded"
160,"Town House","","112 N. Main St.","Burlington","IA","(M),(*)","Bars/Clubs",1973,NA,NA,NA,"4/26/2020 9:35pm","7/23/2020 7:25pm","112 N. Main St., Burlington, IA","-91.1016772","40.8085019","112 n main st, burlington, ia 52601, usa","Geocoded"
161,"Aragon","","322 2nd Ave. S.E.","Cedar Rapids","IA","(M)","Bars/Clubs",1973,NA,NA,NA,"4/26/2020 9:35pm","7/23/2020 7:25pm","322 2nd Ave. S.E., Cedar Rapids, IA","-91.6661704","41.9790718","322 2nd ave se, cedar rapids, ia 52401, usa","Geocoded"
162,"Montrose Hotel Bar","","223 3rd Ave. S.E.","Cedar Rapids","IA","(M)","Bars/Clubs,Hotels",1973,NA,NA,NA,"4/26/2020 9:35pm","7/23/2020 7:25pm","223 3rd Ave. S.E., Cedar Rapids, IA","-91.6659603","41.9772386","223 3rd ave se, cedar rapids, ia 52401, usa","Geocoded"
163,"Blue Goose","","208 3rd St.","Des Moines","IA","(D),(*)","Bars/Clubs",1973,NA,NA,NA,"4/26/2020 9:35pm","7/23/2020 7:25pm","208 3rd St., Des Moines, IA","-93.6207908","41.5856904","208 3rd st, des moines, ia 50309, usa","Geocoded"
164,"P.S.","Male Box Lounge","311 2nd Ave.","Des Moines","IA","(YC),(D),(*)","Bars/Clubs",1973,NA,NA,NA,"4/26/2020 9:35pm","7/23/2020 7:25pm","311 2nd Ave., Des Moines, IA","-93.6197557","41.5870797","311 2nd ave, des moines, ia 50309, usa","Geocoded"
165,"V. & T. Lounge","","1605 6th Ave.","Des Moines","IA","(M),(RT)","Bars/Clubs",1973,NA,NA,NA,"4/26/2020 9:35pm","7/23/2020 7:25pm","1605 6th Ave., Des Moines, IA","-93.6255304","41.6080209","1605 6th ave, des moines, ia 50314, usa","Geocoded"
170,"Hi Ho Lounge","","504 Sycamore St.","Waterloo","IA","(M)","Bars/Clubs",1973,NA,NA,NA,"4/26/2020 9:35pm","7/23/2020 7:25pm","504 Sycamore St., Waterloo, IA","-92.3368342","42.4986536","504 sycamore st, waterloo, ia 50703, usa","Geocoded"
171,"The Lounge","","200 W. 5th St.","Waterloo","IA","(M)","Bars/Clubs",1973,NA,NA,NA,"4/26/2020 9:35pm","7/23/2020 7:25pm","200 W. 5th St., Waterloo, IA","-92.3386965","42.4944089","200 w 5th st, waterloo, ia 50701, usa","Geocoded"
172,"Towne House","","112 N. Main St.","Burlington","IA","(M),(*)","Bars/Clubs",1972,NA,NA,NA,"4/26/2020 9:35pm","7/23/2020 7:25pm","112 N. Main St., Burlington, IA","-91.1016772","40.8085019","112 n main st, burlington, ia 52601, usa","Geocoded"
173,"Aragon","","322 2nd Ave. S.E.","Cedar Rapids","IA","(M),(*)","Bars/Clubs",1972,NA,NA,NA,"4/26/2020 9:35pm","7/23/2020 7:25pm","322 2nd Ave. S.E., Cedar Rapids, IA","-91.6661704","41.9790718","322 2nd ave se, cedar rapids, ia 52401, usa","Geocoded"
174,"Montrose-Hofman Hotel Bar","","223 3rd Ave.","Cedar Rapids","IA","(M)","Bars/Clubs,Hotels",1972,NA,NA,NA,"4/26/2020 9:35pm","7/23/2020 7:25pm","223 3rd Ave., Cedar Rapids, IA","-91.6659603","41.9772386","223 3rd ave se, cedar rapids, ia 52401, usa","Geocoded"
175,"Blue Goose","","208 3rd St.","Des Moines","IA","(D)","Bars/Clubs",1972,NA,NA,NA,"4/26/2020 9:35pm","7/23/2020 7:25pm","208 3rd St., Des Moines, IA","-93.6207908","41.5856904","208 3rd st, des moines, ia 50309, usa","Geocoded"
176,"Male Box","","1111 Walnut","Des Moines","IA","(YC),(D),(*)","Bars/Clubs",1972,NA,NA,NA,"4/26/2020 9:35pm","7/23/2020 7:25pm","1111 Walnut, Des Moines, IA","-93.6309127","41.5845658","1111 walnut st, des moines, ia 50391, usa","Geocoded"
177,"P.S. Lounge","","305 2nd Ave.","Des Moines","IA","(D),(*)","Bars/Clubs",1972,NA,NA,NA,"4/26/2020 9:35pm","7/23/2020 7:25pm","305 2nd Ave., Des Moines, IA","-93.6197362","41.5870278","305 2nd ave, des moines, ia 50309, usa","Geocoded"
178,"Tic Toc","","714 Sycamore","Waterloo","IA","","Bars/Clubs",1972,NA,NA,NA,"4/26/2020 9:35pm","7/23/2020 7:25pm","714 Sycamore, Waterloo, IA","-92.3346141","42.4970639","714 sycamore st, waterloo, ia 50703, usa","Geocoded"
179,"Pine Knot Lounge","Hotel Burlington","206 N. 3rd.","Burlington","IA","(M),(*)","Bars/Clubs,Hotels",1971,NA,NA,NA,"4/26/2020 9:35pm","7/23/2020 7:25pm","206 N. 3rd., Burlington, IA","-91.1026599","40.8093176","206 n 3rd st, burlington, ia 52601, usa","Geocoded"
180,"Aragon","","322 2nd Ave. S.E.","Cedar Rapids","IA","(M),(*)","Bars/Clubs",1971,NA,NA,NA,"4/26/2020 9:35pm","7/23/2020 7:25pm","322 2nd Ave. S.E., Cedar Rapids, IA","-91.6661704","41.9790718","322 2nd ave se, cedar rapids, ia 52401, usa","Geocoded"
181,"Montrose- Hofman Hotel BAr","","233 3rd Ave.","Cedar Rapids","IA","(M)","Bars/Clubs,Hotels",1971,NA,NA,NA,"4/26/2020 9:35pm","7/23/2020 7:25pm","233 3rd Ave., Cedar Rapids, IA","-91.6659171","41.9772643","233 3rd ave se, cedar rapids, ia 52401, usa","Geocoded"
182,"Blue Goose","","305 Court","Des Moines","IA","(D)","Bars/Clubs",1971,NA,NA,NA,"4/26/2020 9:35pm","7/23/2020 7:25pm","305 Court, Des Moines, IA","-93.612595","41.5866534","305 e court ave, des moines, ia 50309, usa","Geocoded"
183,"P.S. Lounge","","305 2nd Ave.","Des Moines","IA","(YC),(D),(*)","Bars/Clubs",1971,NA,NA,NA,"4/26/2020 9:35pm","7/23/2020 7:25pm","305 2nd Ave., Des Moines, IA","-93.6197362","41.5870278","305 2nd ave, des moines, ia 50309, usa","Geocoded"
184,"Tic Toc","","714 Sycamore","Waterloo","IA","","Bars/Clubs",1971,NA,NA,NA,"4/26/2020 9:35pm","7/23/2020 7:25pm","714 Sycamore, Waterloo, IA","-92.3346141","42.4970639","714 sycamore st, waterloo, ia 50703, usa","Geocoded"
185,"Aragon","","322 2nd Ave. S.E.","Cedar Rapids","IA","(M),(*)","Bars/Clubs",1970,NA,NA,NA,"4/26/2020 9:35pm","7/23/2020 7:25pm","322 2nd Ave. S.E., Cedar Rapids, IA","-91.6661704","41.9790718","322 2nd ave se, cedar rapids, ia 52401, usa","Geocoded"
186,"Hotel Montrose Bar","Montrose Hofman Hotel","223 3rd Ave.","Cedar Rapids","IA","(M),(PE)","Bars/Clubs,Hotels",1970,NA,NA,NA,"4/26/2020 9:35pm","7/23/2020 7:25pm","223 3rd Ave., Cedar Rapids, IA","-91.6659603","41.9772386","223 3rd ave se, cedar rapids, ia 52401, usa","Geocoded"
187,"Blue Goose","","305 Court","Des Moines","IA","(RT)","Bars/Clubs",1970,NA,NA,NA,"4/26/2020 9:35pm","7/23/2020 7:25pm","305 Court, Des Moines, IA","-93.612595","41.5866534","305 e court ave, des moines, ia 50309, usa","Geocoded"
189,"P.S. Lounge","","305 2nd Ave.","Des Moines","IA","(*)","Bars/Clubs",1970,NA,NA,NA,"4/26/2020 9:35pm","7/23/2020 7:25pm","305 2nd Ave., Des Moines, IA","-93.6197362","41.5870278","305 2nd ave, des moines, ia 50309, usa","Geocoded"
190,"Little Bill's","","215 S. Dubuque St.","Iowa City","IA","(M),(YC),(*)","Bars/Clubs",1970,NA,NA,NA,"4/26/2020 9:35pm","7/23/2020 7:25pm","215 S. Dubuque St., Iowa City, IA","-91.5334032","41.6583107","215 s dubuque st, iowa city, ia 52240, usa","Geocoded"
191,"Tic Toc","","714 Sycamore","Waterloo","IA","","Bars/Clubs",1970,NA,NA,NA,"4/26/2020 9:35pm","7/23/2020 7:25pm","714 Sycamore, Waterloo, IA","-92.3346141","42.4970639","714 sycamore st, waterloo, ia 50703, usa","Geocoded"
192,"Aragon ","","322 2nd Ave SE","Cedar Rapids","IA","(M)","Bars/Clubs",1969,NA,NA,NA,"4/26/2020 9:35pm","7/23/2020 7:25pm","322 2nd Ave SE, Cedar Rapids, IA","-91.6661704","41.9790718","322 2nd ave se, cedar rapids, ia 52401, usa","Geocoded"
193,"Fire Hose Inn","Montrose-Hofman Hotel","223 3rd Ave SE","Cedar Rapids","IA","(M)","Bars/Clubs,Hotels",1969,NA,NA,NA,"4/26/2020 9:35pm","7/23/2020 7:25pm","223 3rd Ave SE, Cedar Rapids, IA","-91.6659603","41.9772386","223 3rd ave se, cedar rapids, ia 52401, usa","Geocoded"
194,"Blue Goose","","305 Court","Des Moines","IA","(M)","Bars/Clubs",1969,NA,NA,NA,"4/26/2020 9:35pm","7/23/2020 7:25pm","305 Court, Des Moines, IA","-93.612595","41.5866534","305 e court ave, des moines, ia 50309, usa","Geocoded"
196,"P.S. Lounge","","305 2nd Ave","Des Moines","IA","(*)","Bars/Clubs",1969,NA,NA,NA,"4/26/2020 9:35pm","7/23/2020 7:25pm","305 2nd Ave, Des Moines, IA","-93.6197362","41.5870278","305 2nd ave, des moines, ia 50309, usa","Geocoded"
197,"Kenny's","","125 So Clinton","Iowa City","IA","(*)","Bars/Clubs",1969,NA,NA,NA,"4/26/2020 9:35pm","7/23/2020 7:25pm","125 So Clinton, Iowa City, IA","-91.5346952","41.6598389","125 s clinton st, iowa city, ia 52240, usa","Geocoded"
199,"Tic Toc","","714 Sycamore","Waterloo","IA","","Bars/Clubs",1969,NA,NA,NA,"4/26/2020 9:35pm","7/23/2020 7:25pm","714 Sycamore, Waterloo, IA","-92.3346141","42.4970639","714 sycamore st, waterloo, ia 50703, usa","Geocoded"
200,"Aragon","","322 2nd Av SE","Cedar Rapids","IA","(*)","Bars/Clubs",1968,NA,NA,NA,"4/26/2020 9:35pm","7/23/2020 7:25pm","322 2nd Av SE, Cedar Rapids, IA","-91.6661704","41.9790718","322 2nd ave se, cedar rapids, ia 52401, usa","Geocoded"
201,"Fire Hose Inn","Montrose-Hofman Hotel","223 3rd Ave SE","Cedar Rapids","IA","(M)","Bars/Clubs,Hotels",1968,NA,NA,NA,"4/26/2020 9:35pm","7/23/2020 7:25pm","223 3rd Ave SE, Cedar Rapids, IA","-91.6659603","41.9772386","223 3rd ave se, cedar rapids, ia 52401, usa","Geocoded"
202,"Blue Goose","","305 Court ","Des Moines","IA","(RT)","Bars/Clubs",1968,NA,NA,NA,"4/26/2020 9:35pm","7/23/2020 7:25pm","305 Court , Des Moines, IA","-93.612595","41.5866534","305 e court ave, des moines, ia 50309, usa","Geocoded"
204,"PS Lounge","","305 2nd Av","Des Moines","IA","(*)","Bars/Clubs",1968,NA,NA,NA,"4/26/2020 9:35pm","7/23/2020 7:25pm","305 2nd Av, Des Moines, IA","-93.6197362","41.5870278","305 2nd ave, des moines, ia 50309, usa","Geocoded"
205,"Kenny's","","125 S Clinton","Iowa City","IA","(*)","Bars/Clubs",1968,NA,NA,NA,"4/26/2020 9:35pm","7/23/2020 7:25pm","125 S Clinton, Iowa City, IA","-91.5346952","41.6598389","125 s clinton st, iowa city, ia 52240, usa","Geocoded"
206,"Little Bill's","(collegiate)","50 Dubuque St.","Iowa City","IA","(*)","Bars/Clubs",1968,NA,NA,NA,"4/26/2020 9:35pm","7/23/2020 7:25pm","50 Dubuque St., Iowa City, IA","-91.5328864","41.660406","50 s dubuque st, iowa city, ia 52240, usa","Geocoded"
207,"Tic Toc","","","Waterloo","IA","","Bars/Clubs",1968,NA,NA,NA,"4/26/2020 9:35pm","7/23/2020 7:25pm",", Waterloo, IA","-92.3425775","42.492786","waterloo, ia, usa","Geocoded"
208,"Purple Cow","","316 1st Av NE","Cedar Rapids","IA","(M),(S)","Bars/Clubs",1966,NA,NA,NA,"4/26/2020 9:35pm","7/23/2020 7:25pm","316 1st Av NE, Cedar Rapids, IA","-91.6675312","41.9793612","316 1st ave ne, cedar rapids, ia 52401, usa","Geocoded"
209,"Blue Goose","","305 Court","Des Moines","IA","","Bars/Clubs",1966,NA,NA,NA,"4/26/2020 9:35pm","7/23/2020 7:25pm","305 Court, Des Moines, IA","-93.612595","41.5866534","305 e court ave, des moines, ia 50309, usa","Geocoded"
211,"PS Lounge","","305 2nd Av","Des Moines","IA","(*)","Bars/Clubs",1966,NA,NA,NA,"4/26/2020 9:35pm","7/23/2020 7:25pm","305 2nd Av, Des Moines, IA","-93.6197362","41.5870278","305 2nd ave, des moines, ia 50309, usa","Geocoded"
212,"Kenny's","","125 S Clinton St.","Iowa City","IA","(*)","Bars/Clubs",1966,NA,NA,NA,"4/26/2020 9:35pm","7/23/2020 7:25pm","125 S Clinton St., Iowa City, IA","-91.5346952","41.6598389","125 s clinton st, iowa city, ia 52240, usa","Geocoded"
213,"Purple Cow","","316 1st Av NE","Cedar Rapids","IA","(S)","Bars/Clubs",1965,NA,NA,NA,"4/26/2020 9:35pm","7/23/2020 7:25pm","316 1st Av NE, Cedar Rapids, IA","-91.6675312","41.9793612","316 1st ave ne, cedar rapids, ia 52401, usa","Geocoded"
214,"Blue Goose","","305 Court","Des Moines","IA","(*)","Bars/Clubs",1965,NA,NA,NA,"4/26/2020 9:35pm","7/23/2020 7:25pm","305 Court, Des Moines, IA","-93.612595","41.5866534","305 e court ave, des moines, ia 50309, usa","Geocoded"
216,"P.S. Lounge","","305 2nd Av","Des Moines","IA","","Bars/Clubs",1965,NA,NA,NA,"4/26/2020 9:35pm","7/23/2020 7:25pm","305 2nd Av, Des Moines, IA","-93.6197362","41.5870278","305 2nd ave, des moines, ia 50309, usa","Geocoded"
217,"Kenny's","","125 S Clinton St.","Iowa City","IA","","Bars/Clubs",1965,NA,NA,NA,"4/26/2020 9:35pm","7/23/2020 7:25pm","125 S Clinton St., Iowa City, IA","-91.5346952","41.6598389","125 s clinton st, iowa city, ia 52240, usa","Geocoded"
58,"'Marble Meat Rack'","on Gay Loop- Keo betw. 4th & 6th Sts. (AH*)",NA,"Des Moines","IA","Cruisy Area,(AH),(*)","Cruisy Areas",1979,"checked",NA,NA,"4/21/2020 10:27am","4/21/2020 3:17pm","NA, IA","-93.624959","41.586835","unclear_coded_by_hand","General Coordinates Used"
110,"5th & Grand","",NA,"Des Moines","IA","Cruisy Area","Cruisy Areas",1977,"checked",NA,NA,"4/21/2020 10:27am","4/26/2020 8:38pm","NA, IA","-93.624047","41.588015","unclear_coded_by_hand","Found"
86,"5th & Grand","",NA,"Des Moines","IA","(AYOR),Cruisy Area","Cruisy Areas",1978,"checked",NA,NA,"4/21/2020 10:27am","4/21/2020 4:23pm","NA, IA","-93.624047","41.588015","unclear_coded_by_hand","Found"
128,"5th & Grand","(HOT)",NA,"Des Moines","IA","Cruisy Area,(HOT)","Cruisy Areas",1976,"checked",NA,NA,"4/21/2020 10:27am","7/14/2020 9:25am","NA, IA","-93.624047","41.588015","unclear_coded_by_hand","Found"
142,"5th & Grand Sts.","(HOT!)",NA,"Des Moines","IA","Cruisy Area,(HOT)","Cruisy Areas",1975,"checked",NA,NA,"4/21/2020 10:27am","7/14/2020 9:25am","NA, IA","-93.624047","41.588015","unclear_coded_by_hand","Found"
154,"5th & Grand Sts.","",NA,"Des Moines","IA","Cruisy Area","Cruisy Areas",1974,"checked",NA,NA,"4/21/2020 10:27am","4/26/2020 9:40pm","NA, IA","-93.624047","41.588015","unclear_coded_by_hand","Found"
103,"Adam & Eve Book Store","5th & Grand",NA,"Des Moines","IA","","Book Store",1977,"checked",NA,NA,"4/21/2020 10:27am","4/25/2020 8:37pm","NA, IA","-93.624047","41.588015","unclear_coded_by_hand","Found"
76,"Adam & Eve Book Store","5th & Grand",NA,"Des Moines","IA","","Book Store",1978,"checked",NA,NA,"4/21/2020 10:27am","4/21/2020 3:43pm","NA, IA","-93.624047","41.588015","unclear_coded_by_hand","Found"
85,"Below University Bridge","",NA,"Des Moines","IA","Cruisy Area","Cruisy Areas",1978,"checked",NA,NA,"4/21/2020 10:27am","4/21/2020 4:23pm","NA, IA","-93.614514","41.600172","unclear_coded_by_hand","Found"
109,"Below University Bridge","",NA,"Des Moines","IA","Cruisy Area,(AYOR)","Cruisy Areas",1977,"checked",NA,NA,"4/21/2020 10:27am","4/26/2020 8:38pm","NA, IA","-93.614514","41.600172","unclear_coded_by_hand","Found"
96,"Book Store","& block around 5th & Sycamore",NA,"Waterloo","IA","Cruisy Area","Cruisy Areas",1978,"checked",NA,NA,"4/21/2020 10:27am","4/21/2020 4:29pm","NA, IA","-92.334899","42.49748","unclear_coded_by_hand","Found"
66,"Book store","& block around 5th & Sycamore",NA,"Waterloo","IA","Cruisy Area","Cruisy Areas",1979,"checked",NA,NA,"4/21/2020 10:27am","4/21/2020 3:26pm","NA, IA","-92.334899","42.49748","unclear_coded_by_hand","Found"
35,"Book store","& block around 5th & Sycamore",NA,"Waterloo","IA","Cruisy Area","Cruisy Areas",1980,"checked",NA,NA,"4/21/2020 10:27am","4/21/2020 10:50am","NA, IA","-92.334899","42.49748","unclear_coded_by_hand","Found"
54,"Book Stores","around 4th & Court",NA,"Des Moines","IA","Cruisy Area","Cruisy Areas",1979,"checked",NA,NA,"4/21/2020 10:27am","4/21/2020 3:14pm","NA, IA","-93.611783","41.587051","unclear_coded_by_hand","Found"
117,"Central Park","T-Rooms",NA,"Mason City","IA","Cruisy Area","Cruisy Areas",1977,"checked",NA,NA,"4/21/2020 10:27am","4/26/2020 8:47pm","NA, IA","-93.201901","43.15224","unclear_coded_by_hand","Found"
94,"Central Park","T-Rooms",NA,"Mason City","IA","Cruisy Area","Cruisy Areas",1978,"checked",NA,NA,"4/21/2020 10:27am","4/21/2020 4:27pm","NA, IA","-93.201901","43.15224","unclear_coded_by_hand","Found"
63,"Central Park T-Rooms","",NA,"Mason City","IA","Cruisy Area","Cruisy Areas",1979,"checked",NA,NA,"4/21/2020 10:27am","4/21/2020 3:22pm","NA, IA","-93.201901","43.15224","unclear_coded_by_hand","Found"
31,"Central Park T-Rooms","",NA,"Mason City","IA","Cruisy Area","Cruisy Areas",1980,"checked",NA,NA,"4/21/2020 10:27am","4/21/2020 10:47am","NA, IA","-93.201901","43.15224","unclear_coded_by_hand","Found"
50,"Country Cove Tap Room & Dance Hall","(Home of the Iowa Cornhaulers Levi Club) (Some W, SM, OC, FFA, RT) (Disco) (D-WE) (Opens 11 a.m.) 4th & Court",NA,"Des Moines","IA","(*),(W),(SM),(OC),(FFA),(RT),(D),(WE),(PT)","Bars/Clubs",1979,"checked",NA,NA,"4/21/2020 10:27am","4/21/2020 3:12pm","NA, IA","-93.611783","41.587051","unclear_coded_by_hand","Found"
81,"Country Kitchen","14th & Grand",NA,"Des Moines","IA","(M),(R),(C),(AH)","Restaurant",1978,"checked",NA,NA,"4/21/2020 10:27am","4/21/2020 3:53pm","NA, IA","-93.597973","41.593399","unclear_coded_by_hand","Found"
93,"Court House Square","",NA,"Marshalltown","IA","Cruisy Area","Cruisy Areas",1978,"checked",NA,NA,"4/21/2020 10:27am","4/21/2020 4:26pm","NA, IA","-92.912082","42.04847","unclear_coded_by_hand","Found"
62,"Court House Square","",NA,"Marshalltown","IA","Cruisy Area","Cruisy Areas",1979,"checked",NA,NA,"4/21/2020 10:27am","4/21/2020 3:21pm","NA, IA","-92.912082","42.04847","unclear_coded_by_hand","Found"
115,"Court House Square","",NA,"Marshalltown","IA","Cruisy Area","Cruisy Areas",1977,"checked",NA,NA,"4/21/2020 10:27am","4/26/2020 8:46pm","NA, IA","-92.912082","42.04847","unclear_coded_by_hand","Found"
30,"Court House Square","",NA,"Marshalltown","IA","Cruisy Area","Cruisy Areas",1980,"checked",NA,NA,"4/21/2020 10:27am","4/21/2020 10:47am","NA, IA","-92.912082","42.04847","unclear_coded_by_hand","Found"
137,"Credit Island Park","best by car",NA,"Davenport","IA","Cruisy Area","Cruisy Areas",1975,"checked",NA,NA,"4/21/2020 10:27am","4/26/2020 9:16pm","NA, IA","-90.615846","41.493904","unclear_coded_by_hand","Found"
11,"Credit Island Park","best by car",NA,"Davenport","IA","Cruisy Area","Cruisy Areas",1980,"checked",NA,NA,"4/21/2020 10:27am","4/21/2020 10:36am","NA, IA","-90.615846","41.493904","unclear_coded_by_hand","Found"
74,"Credit Island Park","best by car",NA,"Davenport","IA","Cruisy Area","Cruisy Areas",1978,"checked",NA,NA,"4/21/2020 10:27am","4/21/2020 3:36pm","NA, IA","-90.615846","41.493904","unclear_coded_by_hand","Found"
150,"Credit Island Park","best by car",NA,"Davenport","IA","Cruisy Area","Cruisy Areas",1974,"checked",NA,NA,"4/21/2020 10:27am","4/26/2020 9:38pm","NA, IA","-90.615846","41.493904","unclear_coded_by_hand","Found"
45,"Credit Island Park","best by car",NA,"Davenport","IA","Cruisy Area","Cruisy Areas",1979,"checked",NA,NA,"4/21/2020 10:27am","4/21/2020 2:29pm","NA, IA","-90.615846","41.493904","unclear_coded_by_hand","Found"
122,"Credit Island Park","best by car",NA,"Davenport","IA","Cruisy Area","Cruisy Areas",1976,"checked",NA,NA,"4/21/2020 10:27am","4/26/2020 9:09pm","NA, IA","-90.615846","41.493904","unclear_coded_by_hand","Found"
101,"Credit Island Park","best by car",NA,"Davenport","IA","Cruisy Area","Cruisy Areas",1977,"checked",NA,NA,"4/21/2020 10:27am","4/21/2020 4:41pm","NA, IA","-90.615846","41.493904","unclear_coded_by_hand","Found"
3,"Danish Book World & Arcade","16th Ave & 6th St. S.W.",NA,"Cedar Rapids","IA","","Book Store",1980,"checked",NA,NA,"4/21/2020 10:27am","4/21/2020 10:31am","NA, IA","-91.6771","41.961802","unclear_coded_by_hand","Found"
41,"Ellis Park","",NA,"Cedar Rapids","IA","Cruisy Area","Cruisy Areas",1979,"checked",NA,NA,"4/21/2020 10:27am","4/21/2020 2:25pm","NA, IA","-91.690986","41.998318","unclear_coded_by_hand","Found"
6,"Ellis Park","",NA,"Cedar Rapids","IA","(AYOR),Cruisy Area","Cruisy Areas",1980,"checked",NA,NA,"4/21/2020 10:27am","4/21/2020 10:33am","NA, IA","-91.690986","41.998318","unclear_coded_by_hand","Found"
73,"Ellis Park","",NA,"Cedar Rapids","IA","Cruisy Area","Cruisy Areas",1978,"checked",NA,NA,"4/21/2020 10:27am","4/21/2020 3:36pm","NA, IA","-91.690986","41.998318","unclear_coded_by_hand","Found"
166,"Fifth & Grand","area around bus depot",NA,"Des Moines","IA","Cruisy Area","Cruisy Areas",1973,"checked",NA,NA,"4/26/2020 9:35pm","4/26/2020 9:46pm","NA, IA","-93.611548","41.590609","unclear_coded_by_hand","Found"
55,"Fort Hotel","Basement T-Room",NA,"Des Moines","IA","Cruisy Area","Cruisy Areas",1979,"checked",NA,NA,"4/21/2020 10:27am","4/21/2020 3:17pm","NA, IA","-93.629748","41.584442","unclear_coded_by_hand","Found"
215,"Franklin Hotel","5th & Locust (piano bar)",NA,"Des Moines","IA","(M)","Bars/Clubs,Hotels",1965,"checked",NA,NA,"4/26/2020 9:35pm","4/26/2020 10:12pm","NA, IA","-93.624217","41.587266","unclear_coded_by_hand","Found"
203,"Franklin Hotel Bar","5th & Locust",NA,"Des Moines","IA","(M)","Bars/Clubs,Hotels",1968,"checked",NA,NA,"4/26/2020 9:35pm","4/26/2020 10:05pm","NA, IA","-93.624217","41.587266","unclear_coded_by_hand","Found"
195,"Franklin Hotel Bar","5th & Locust",NA,"Des Moines","IA","(M)","Bars/Clubs,Hotels",1969,"checked",NA,NA,"4/26/2020 9:35pm","4/26/2020 10:00pm","NA, IA","-93.624217","41.587266","unclear_coded_by_hand","Found"
210,"Franklin Hotel Bar","5th & Locust",NA,"Des Moines","IA","(M)","Bars/Clubs,Hotels",1966,"checked",NA,NA,"4/26/2020 9:35pm","4/26/2020 10:09pm","NA, IA","-93.624217","41.587266","unclear_coded_by_hand","Found"
188,"Franklin Hotel Bar","5th & Locust",NA,"Des Moines","IA","(M)","Bars/Clubs,Hotels",1970,"checked",NA,NA,"4/26/2020 9:35pm","4/26/2020 9:57pm","NA, IA","-93.624217","41.587266","unclear_coded_by_hand","Found"
167,"Grandview Park","32nd & Euclid",NA,"Des Moines","IA","Cruisy Area","Cruisy Areas",1973,"checked",NA,NA,"4/26/2020 9:35pm","4/26/2020 9:46pm","NA, IA","-93.55359","41.612701","unclear_coded_by_hand","Found"
111,"Grandview Park","32nd & Euclid",NA,"Des Moines","IA","Cruisy Area","Cruisy Areas",1977,"checked",NA,NA,"4/21/2020 10:27am","4/26/2020 8:38pm","NA, IA","-93.55359","41.612701","unclear_coded_by_hand","Found"
56,"Grandview Park","32nd & Euclid",NA,"Des Moines","IA","Cruisy Area","Cruisy Areas",1979,"checked",NA,NA,"4/21/2020 10:27am","4/21/2020 3:17pm","NA, IA","-93.55359","41.612701","unclear_coded_by_hand","Found"
129,"Grandview Park","32nd & Euclid",NA,"Des Moines","IA","Cruisy Area","Cruisy Areas",1976,"checked",NA,NA,"4/21/2020 10:27am","4/26/2020 9:12pm","NA, IA","-93.55359","41.612701","unclear_coded_by_hand","Found"
155,"Grandview Park","32nd & EUclid",NA,"Des Moines","IA","Cruisy Area","Cruisy Areas",1974,"checked",NA,NA,"4/21/2020 10:27am","4/26/2020 9:40pm","NA, IA","-93.55359","41.612701","unclear_coded_by_hand","Found"
87,"Grandview Park","32nd & Euclid",NA,"Des Moines","IA","Cruisy Area","Cruisy Areas",1978,"checked",NA,NA,"4/21/2020 10:27am","4/21/2020 4:23pm","NA, IA","-93.55359","41.612701","unclear_coded_by_hand","Found"
143,"Grandview Park","32nd & Euclid",NA,"Des Moines","IA","Cruisy Area","Cruisy Areas",1975,"checked",NA,NA,"4/21/2020 10:27am","4/26/2020 9:17pm","NA, IA","-93.55359","41.612701","unclear_coded_by_hand","Found"
57,"Greenwood Park","nr. Art Museum",NA,"Des Moines","IA","Cruisy Area","Cruisy Areas",1979,"checked",NA,NA,"4/21/2020 10:27am","4/21/2020 3:17pm","NA, IA","-93.55359","41.612701","unclear_coded_by_hand","Found"
88,"Greenwood Park","nr. Art Museum",NA,"Des Moines","IA","Cruisy Area","Cruisy Areas",1978,"checked",NA,NA,"4/21/2020 10:27am","4/21/2020 4:23pm","NA, IA","-93.55359","41.612701","unclear_coded_by_hand","Found"
112,"Greenwood Park","near Art Museum (Days)",NA,"Des Moines","IA","Cruisy Area","Cruisy Areas",1977,"checked",NA,NA,"4/21/2020 10:27am","4/26/2020 8:38pm","NA, IA","-93.55359","41.612701","unclear_coded_by_hand","Found"
37,"Iowa St. U.","Memorial Union & Old Physics Bldg. T-Room",NA,"Ames","IA","Cruisy Area","Cruisy Areas",1979,"checked",NA,NA,"4/21/2020 10:27am","4/21/2020 2:15pm","NA, IA","-93.645945","42.02365","unclear_coded_by_hand","Found"
68,"Iowa St. U.","Memorial Union & Old Physics Bldg. T-Rooms",NA,"Ames","IA","Cruisy Area","Cruisy Areas",1978,"checked",NA,NA,"4/21/2020 10:27am","4/21/2020 3:31pm","NA, IA","-93.645945","42.02365","unclear_coded_by_hand","Found"
2,"Iwoa St. U.","Memorial Union & Old Phsyics Bldg. T-Rooms",NA,"Ames","IA","Cruisy Area","Cruisy Areas",1980,"checked",NA,NA,"4/21/2020 10:27am","4/21/2020 10:30am","NA, IA","-93.645945","42.02365","unclear_coded_by_hand","Found"
12,"Le Clair Park","on riverfront from Main to Ripely",NA,"Davenport","IA","(AYOR),Cruisy Area","Cruisy Areas",1980,"checked",NA,NA,"4/21/2020 10:27am","4/21/2020 10:36am","NA, IA","-90.578256","41.519003","unclear_coded_by_hand","Found"
75,"Le Clair Park","on riverfront from Main to Ripley (HOT)",NA,"Davenport","IA","Cruisy Area,(HOT)","Cruisy Areas",1978,"checked",NA,NA,"4/21/2020 10:27am","7/14/2020 9:25am","NA, IA","-90.578256","41.519003","unclear_coded_by_hand","Found"
46,"Le Clair Park","on riverfront from Main to Ripley (HOT)",NA,"Davenport","IA","Cruisy Area","Cruisy Areas",1979,"checked",NA,NA,"4/21/2020 10:27am","4/21/2020 2:30pm","NA, IA","-90.578256","41.519003","unclear_coded_by_hand","Found"
123,"Le Claire Park","On riverfront from Main to Ripely",NA,"Davenport","IA","Cruisy Area","Cruisy Areas",1976,"checked",NA,NA,"4/21/2020 10:27am","4/26/2020 9:09pm","NA, IA","-90.578256","41.519003","unclear_coded_by_hand","Found"
102,"Le Claire Park","On Riverfront, from Main to Ripely (HOT)",NA,"Davenport","IA","Cruisy Area,(HOT)","Cruisy Areas",1977,"checked",NA,NA,"4/21/2020 10:27am","7/14/2020 9:25am","NA, IA","-90.578256","41.519003","unclear_coded_by_hand","Found"
151,"Le Claire Park","on riverfront from Main to Ripley",NA,"Davenport","IA","Cruisy Area","Cruisy Areas",1974,"checked",NA,NA,"4/21/2020 10:27am","4/26/2020 9:38pm","NA, IA","-90.578256","41.519003","unclear_coded_by_hand","Found"
138,"Le Claire Park","on riverfront from Main to Ripley",NA,"Davenport","IA","Cruisy Area","Cruisy Areas",1975,"checked",NA,NA,"4/21/2020 10:27am","4/26/2020 9:16pm","NA, IA","-90.578256","41.519003","unclear_coded_by_hand","Found"
198,"Little Bill's","Sp Dubuque St.",NA,"Iowa City","IA","(YC)","Bars/Clubs",1969,"checked",NA,NA,"4/26/2020 9:35pm","4/26/2020 10:01pm","NA, IA","-91.530168","41.661128","unclear_coded_by_hand","General Coordinates Used"
51,"M.C.C.","Bell & Cassady",NA,"Des Moines","IA","M.C.C.","Church",1979,"checked",NA,NA,"4/21/2020 10:27am","4/21/2020 3:12pm","NA, IA","-93.642437","41.562614","unclear_coded_by_hand","Found"
82,"M.C.C.","Bell & Cassady",NA,"Des Moines","IA","M.C.C.","Church",1978,"checked",NA,NA,"4/21/2020 10:27am","4/21/2020 3:53pm","NA, IA","-93.642437","41.562614","unclear_coded_by_hand","Found"
18,"M.C.C.","Bell & Cassady",NA,"Des Moines","IA","M.C.C.","Church",1980,"checked",NA,NA,"4/21/2020 10:27am","4/21/2020 10:41am","NA, IA","-93.642437","41.562614","unclear_coded_by_hand","Found"
89,"Marble 'Meat Rack'","5th & Keo",NA,"Des Moines","IA","(AH),Cruisy Area","Cruisy Areas",1978,"checked",NA,NA,"4/21/2020 10:27am","4/21/2020 4:23pm","NA, IA","-93.623928","41.58863","unclear_coded_by_hand","Found"
59,"Margo Frankel Woods","",NA,"Des Moines","IA","Cruisy Area","Cruisy Areas",1979,"checked",NA,NA,"4/21/2020 10:27am","4/21/2020 3:17pm","NA, IA","-93.617981","41.675252","unclear_coded_by_hand","Found"
156,"Margo Frankel Woods","",NA,"Des Moines","IA","Cruisy Area","Cruisy Areas",1974,"checked",NA,NA,"4/21/2020 10:27am","4/26/2020 9:40pm","NA, IA","-93.617981","41.675252","unclear_coded_by_hand","Found"
144,"Margo Frankel Woods","",NA,"Des Moines","IA","Cruisy Area","Cruisy Areas",1975,"checked",NA,NA,"4/21/2020 10:27am","4/26/2020 9:17pm","NA, IA","-93.617981","41.675252","unclear_coded_by_hand","Found"
168,"Margo Frankel Woods","",NA,"Des Moines","IA","Cruisy Area","Cruisy Areas",1973,"checked",NA,NA,"4/26/2020 9:35pm","4/26/2020 9:46pm","NA, IA","-93.617981","41.675252","unclear_coded_by_hand","Found"
113,"Margo Frankel Woods","",NA,"Des Moines","IA","Cruisy Area","Cruisy Areas",1977,"checked",NA,NA,"4/21/2020 10:27am","4/26/2020 8:38pm","NA, IA","-93.617981","41.675252","unclear_coded_by_hand","Found"
130,"Margo Frankel Woods","",NA,"Des Moines","IA","Cruisy Area","Cruisy Areas",1976,"checked",NA,NA,"4/21/2020 10:27am","4/26/2020 9:12pm","NA, IA","-93.617981","41.675252","unclear_coded_by_hand","Found"
90,"Margo Frankel Woods","",NA,"Des Moines","IA","Cruisy Area","Cruisy Areas",1978,"checked",NA,NA,"4/21/2020 10:27am","4/21/2020 4:23pm","NA, IA","-93.617981","41.675252","unclear_coded_by_hand","Found"
131,"Movie arcade","at Red Eye Bookstore",NA,"Des Moines","IA","Cruisy Area","Cruisy Areas",1976,"checked",NA,NA,"4/21/2020 10:27am","4/26/2020 9:12pm","NA, IA","-93.611783","41.587051","unclear_coded_by_hand","Found"
108,"Red Eye Book Store","(Cruisy) 4th & Court",NA,"Des Moines","IA","Cruisy Area","Cruising Areas,Book Store",1977,"checked",NA,NA,"4/21/2020 10:27am","4/26/2020 8:37pm","NA, IA","-93.611783","41.587051","unclear_coded_by_hand","Found"
127,"Red Eye Bookstore","4th & Court",NA,"Des Moines","IA","","Book Store",1976,"checked",NA,NA,"4/21/2020 10:27am","4/26/2020 9:11pm","NA, IA","-93.611783","41.587051","unclear_coded_by_hand","Found"
7,"Rest Stop","on old Hwy. 218 betw. Cedar Rapids & Iowa City (Summers only)",NA,"Cedar Rapids","IA","(AYOR),Cruisy Area","Cruisy Areas",1980,"checked",NA,NA,"4/21/2020 10:27am","4/21/2020 10:34am","NA, IA","-91.665623","41.97788","unclear_coded_by_hand","General Coordinates Used"
42,"Rest Stop","on old Hwy. 218 betw. Cedar Rapids & Iowa City",NA,"Cedar Rapids","IA","Cruisy Area","Cruisy Areas",1979,"checked",NA,NA,"4/21/2020 10:27am","4/21/2020 2:26pm","NA, IA","-91.665623","41.97788","unclear_coded_by_hand","General Coordinates Used"
132,"Rodeway Inn Bar","2nd & Nebraska",NA,"Sioux City","IA","(M)","Bars/Clubs",1976,"checked",NA,NA,"4/21/2020 10:27am","4/26/2020 9:13pm","NA, IA","-96.403427","42.492068","unclear_coded_by_hand","Found"
118,"Rodeway Inn Bar","2nd & Nebraska",NA,"Sioux City","IA","(M)","Bars/Clubs",1977,"checked",NA,NA,"4/21/2020 10:27am","4/26/2020 8:48pm","NA, IA","-96.403427","42.492068","unclear_coded_by_hand","Found"
145,"Rodeway Inn Bar","2nd & Nebraska",NA,"Iowa City","IA","(M)","Bars/Clubs",1975,"checked",NA,NA,"4/21/2020 10:27am","4/26/2020 9:18pm","NA, IA","-91.530168","41.661128","unclear_coded_by_hand","General Coordinates Used"
157,"Rodeway Inn Bar","2nd & Nebraska",NA,"Sioux City","IA","(M)","Bars/Clubs",1974,"checked",NA,NA,"4/26/2020 9:35pm","4/26/2020 9:40pm","NA, IA","-96.403427","42.492068","unclear_coded_by_hand","Found"
169,"Rodway Inn Bar","2nd & Nebraska Sts.",NA,"Sioux City","IA","(M)","Bars/Clubs",1973,"checked",NA,NA,"4/26/2020 9:35pm","4/26/2020 9:46pm","NA, IA","-96.403427","42.492068","unclear_coded_by_hand","Found"
71,"Sambo's West","Hwy. 218 & 33rd Ave.",NA,"Cedar Rapids","IA","(M),(R),(C),(AH)","Restaurant",1978,"checked",NA,NA,"4/21/2020 10:27am","4/21/2020 3:35pm","NA, IA","-91.665623","41.97788","unclear_coded_by_hand","General Coordinates Used"
61,"U. of Iowa","Main Library 2nd & 3rd floor T-Room",NA,"Iowa City","IA","Cruisy Area","Cruisy Areas",1979,"checked",NA,NA,"4/21/2020 10:27am","4/21/2020 3:21pm","NA, IA","-91.53383","41.661988","unclear_coded_by_hand","Found"
29,"U. of Iowa","Main Library 2nd & 3rd floor T-Rooms",NA,"Iowa City","IA","Cruisy Area","Cruisy Areas",1980,"checked",NA,NA,"4/21/2020 10:27am","4/21/2020 10:46am","NA, IA","-91.53383","41.661988","unclear_coded_by_hand","Found"
92,"U. of Iowa","Main Library 2nd floor T-Room",NA,"Iowa City","IA","Cruisy Area","Cruisy Areas",1978,"checked",NA,NA,"4/21/2020 10:27am","4/21/2020 4:24pm","NA, IA","-91.53383","41.661988","unclear_coded_by_hand","Found"
