"ID","Title","description","streetaddress","city","amenityfeatures","type","Year","unclearaddress","uncleartype","notes","dateadded","lastmodified","full.address","lon","lat","geoAddress","status"
15,"Stone Balloon",NA,"1 Queens Cross","Christiansted, St. Croix","(M),(*)","Bars/Clubs",1980,NA,NA,NA,"4/27/2020 6:18pm","4/27/2020 6:38pm","1 Queens Cross, Christiansted, St. Croix, ","-64.7013379","17.7427351","1 queen cross st, christiansted, st croix 00820, usvi","Geocoded"
16,"Persian Virgin",NA,"14 King St.","Frederiksted, St. Croix","(M)","Bars/Clubs",1980,NA,NA,NA,"4/27/2020 6:18pm","4/27/2020 6:39pm","14 King St., Frederiksted, St. Croix, ","-64.8824811","17.7113441","king st, frederiksted, st croix 00840, usvi","Geocoded"
30,"Stone Balloon",NA,"1 Queens Cross","Christiansted, St. Croix","(M),(*)","Bars/Clubs",1979,NA,NA,NA,"4/27/2020 6:18pm","4/27/2020 7:04pm","1 Queens Cross, Christiansted, St. Croix, ","-64.7013379","17.7427351","1 queen cross st, christiansted, st croix 00820, usvi","Geocoded"
31,"Persian Virgin",NA,"14 King St.","Frederiksted, St. Croix","(M)","Bars/Clubs",1979,NA,NA,NA,"4/27/2020 6:18pm","4/27/2020 7:04pm","14 King St., Frederiksted, St. Croix, ","-64.8824811","17.7113441","king st, frederiksted, st croix 00840, usvi","Geocoded"
45,"Stone Ballon",NA,"1 Queens Cross","Christiansted, St. Croix","(M),(*)","Bars/Clubs",1978,NA,NA,NA,"4/27/2020 6:18pm","4/28/2020 12:08am","1 Queens Cross, Christiansted, St. Croix, ","-64.7013379","17.7427351","1 queen cross st, christiansted, st croix 00820, usvi","Geocoded"
46,"Persian Virgin",NA,"14 King St.","Frederiksted, St. Croix","(M)","Bars/Clubs",1978,NA,NA,NA,"4/27/2020 6:18pm","4/28/2020 12:08am","14 King St., Frederiksted, St. Croix, ","-64.8824811","17.7113441","king st, frederiksted, st croix 00840, usvi","Geocoded"
59,"Stone Balloon",NA,"1 Queens Cross","Christiansted, St. Croix","(M),(*)","Bars/Clubs",1977,NA,NA,NA,"4/27/2020 6:18pm","4/28/2020 2:21pm","1 Queens Cross, Christiansted, St. Croix, ","-64.7013379","17.7427351","1 queen cross st, christiansted, st croix 00820, usvi","Geocoded"
60,"Persian Virgin",NA,"14 King Street","Frederiksted, St. Croix","(M)","Bars/Clubs",1977,NA,NA,NA,"4/27/2020 6:18pm","4/28/2020 2:22pm","14 King Street, Frederiksted, St. Croix, ","-64.8824811","17.7113441","king st, frederiksted, st croix 00840, usvi","Geocoded"
72,"Stone Balloon",NA,"1 Queens Cross","Christiansted, St. Croix","(M),(*)","Bars/Clubs",1976,NA,NA,NA,"4/28/2020 2:34pm","4/28/2020 2:36pm","1 Queens Cross, Christiansted, St. Croix, ","-64.7013379","17.7427351","1 queen cross st, christiansted, st croix 00820, usvi","Geocoded"
73,"Persian Virgin",NA,"14 King St.","Frederiksted, St. Croix","(M)","Bars/Clubs",1976,NA,NA,NA,"4/28/2020 2:34pm","4/28/2020 2:36pm","14 King St., Frederiksted, St. Croix, ","-64.8824811","17.7113441","king st, frederiksted, st croix 00840, usvi","Geocoded"
84,"Stone Balloon",NA,"1 Queens Cross ","Christiansted, St. Croix","(M),(*)","Bars/Clubs",1975,NA,NA,NA,"4/28/2020 2:34pm","4/28/2020 2:41pm","1 Queens Cross , Christiansted, St. Croix, ","-64.7013379","17.7427351","1 queen cross st, christiansted, st croix 00820, usvi","Geocoded"
85,"Persian Virgin",NA,"14 King St.","Frederiksted, St. Croix","(M)","Bars/Clubs",1975,NA,NA,NA,"4/28/2020 2:34pm","4/28/2020 2:43pm","14 King St., Frederiksted, St. Croix, ","-64.8824811","17.7113441","king st, frederiksted, st croix 00840, usvi","Geocoded"
90,"Stone Balloon",NA,"1 Queens Cross","Christiansted, St. Croix","(M),(*)","Bars/Clubs",1974,NA,NA,NA,"4/28/2020 2:34pm","4/28/2020 2:45pm","1 Queens Cross, Christiansted, St. Croix, ","-64.7013379","17.7427351","1 queen cross st, christiansted, st croix 00820, usvi","Geocoded"
91,"Persian Virgin",NA,"14 King St.","Frederiksted, St. Croix","(M)","Bars/Clubs",1974,NA,NA,NA,"4/28/2020 2:34pm","4/28/2020 2:46pm","14 King St., Frederiksted, St. Croix, ","-64.8824811","17.7113441","king st, frederiksted, st croix 00840, usvi","Geocoded"
93,"Katie's",NA,"1 Nelike Gade","Charlotte Amalie, St. Thomas","(*)","Bars/Clubs",1973,NA,NA,NA,"4/28/2020 2:34pm","4/28/2020 2:47pm","1 Nelike Gade, Charlotte Amalie, St. Thomas, ","-64.9307007","18.3419004","charlotte amalie, st thomas 00802, usvi","Geocoded"
95,"Stone Balloon",NA,"1 Queens Cross","Christiansted, St. Croix","(*)","Bars/Clubs",1973,NA,NA,NA,"4/28/2020 2:34pm","4/28/2020 2:48pm","1 Queens Cross, Christiansted, St. Croix, ","-64.7013379","17.7427351","1 queen cross st, christiansted, st croix 00820, usvi","Geocoded"
96,"Persian Virgin",NA,"14 King St.","Frederiksted, St. Croix","","Bars/Clubs",1973,NA,NA,NA,"4/28/2020 2:34pm","4/28/2020 2:48pm","14 King St., Frederiksted, St. Croix, ","-64.8824811","17.7113441","king st, frederiksted, st croix 00840, usvi","Geocoded"
98,"Katie's",NA,"1 Nelike Gade","Charlotte Amalie, St. Thomas","(*)","Bars/Clubs",1972,NA,NA,NA,"4/28/2020 2:34pm","4/28/2020 2:49pm","1 Nelike Gade, Charlotte Amalie, St. Thomas, ","-64.9307007","18.3419004","charlotte amalie, st thomas 00802, usvi","Geocoded"
100,"Stone Balloon",NA,"1 Queens Cross","Christiansted, St. Croix","(*)","Bars/Clubs",1972,NA,NA,NA,"4/28/2020 2:34pm","4/28/2020 2:50pm","1 Queens Cross, Christiansted, St. Croix, ","-64.7013379","17.7427351","1 queen cross st, christiansted, st croix 00820, usvi","Geocoded"
101,"Persian Virgin",NA,"14 King St.","Frederiksted, St. Croix","","Bars/Clubs",1972,NA,NA,NA,"4/28/2020 2:34pm","4/28/2020 2:50pm","14 King St., Frederiksted, St. Croix, ","-64.8824811","17.7113441","king st, frederiksted, st croix 00840, usvi","Geocoded"
103,"Katie's",NA,"1 Nelike Gade","Charlotte Amalie, St. Thomas","(*)","Bars/Clubs",1971,NA,NA,NA,"4/28/2020 2:34pm","4/28/2020 2:51pm","1 Nelike Gade, Charlotte Amalie, St. Thomas, ","-64.9307007","18.3419004","charlotte amalie, st thomas 00802, usvi","Geocoded"
105,"Stone Baloon",NA,"1 Queens Cross","Christiansted, St. Croix","(*)","Bars/Clubs",1971,NA,NA,NA,"4/28/2020 2:51pm","4/28/2020 2:52pm","1 Queens Cross, Christiansted, St. Croix, ","-64.7013379","17.7427351","1 queen cross st, christiansted, st croix 00820, usvi","Geocoded"
106,"Persian Virgin",NA,"14 King St.","Frederiksted, St. Croix","","Bars/Clubs",1971,NA,NA,NA,"4/28/2020 2:51pm","4/28/2020 2:52pm","14 King St., Frederiksted, St. Croix, ","-64.8824811","17.7113441","king st, frederiksted, st croix 00840, usvi","Geocoded"
47,"Andy's","In alley off Main Street (Norre Gade) S.E. of P.O.","","Charlotte Amalie, St. Thomas","(M),(R)","Restaurant",1977,"checked",NA,"","4/27/2020 4:18pm","4/28/2020 11:46am",", ","-64.930701","18.3419","unclear_coded_by_hand","General Coordinates Used"
61,"Andy's","In alley off Main St. (Norre Gade) S.E. of P.O.","","Charlotte Amalie, St. Thomas","(M),(R)","Restaurant",1976,"checked",NA,"","4/27/2020 4:18pm","4/28/2020 12:28pm",", ","-64.930701","18.3419","unclear_coded_by_hand","General Coordinates Used"
1,"Bar at Frenchman's Reef","(Can be cruisy in season)","","Charlotte Amalie, St. Thomas","(M)","Cruising Areas,Bars/Clubs",1980,"checked",NA,"","4/27/2020 4:18pm","4/27/2020 4:26pm",", ","-64.920792","18.323221","unclear_coded_by_hand","Found"
102,"Castaways","On the Waterfront","","Charlotte Amalie, St. Thomas","(M)","Bars/Clubs",1971,"checked",NA,"","4/28/2020 12:34pm","4/28/2020 12:51pm",", ","-64.939312","18.338567","unclear_coded_by_hand","General Coordinates Used"
92,"Castaways","On the waterfront","","Charlotte Amalie, St. Thomas","(M)","Bars/Clubs",1973,"checked",NA,"","4/28/2020 12:34pm","4/28/2020 12:47pm",", ","-64.939312","18.338567","unclear_coded_by_hand","General Coordinates Used"
97,"Castaways","On the waterfront","","Charlotte Amalie, St. Thomas","(M)","Bars/Clubs",1972,"checked",NA,"","4/28/2020 12:34pm","4/28/2020 12:49pm",", ","-64.939312","18.338567","unclear_coded_by_hand","General Coordinates Used"
86,"Castaways","On the Waterfront","","Charlotte Amalie, St. Thomas","(M)","Bars/Clubs",1974,"checked",NA,"","4/28/2020 12:34pm","4/28/2020 12:43pm",", ","-64.939312","18.338567","unclear_coded_by_hand","General Coordinates Used"
74,"Castaways","On the Waterfront","","Charlotte Amalie, St. Thomas","(M)","Bars/Clubs",1975,"checked",NA,"","4/28/2020 12:34pm","4/28/2020 12:37pm",", ","-64.939312","18.338567","unclear_coded_by_hand","General Coordinates Used"
32,"Danish Inn Guest House","9E &9J Gamble Norisideve's Tel: 809-774-5764","","Charlotte Amalie, St. Thomas","(M),(H)","Hotels",1978,"checked",NA,"","4/27/2020 4:18pm","4/27/2020 9:54pm",", ","-64.930701","18.3419","unclear_coded_by_hand","General Coordinates Used"
17,"Danish Inn Guest House","9E & 9J Gamble Norisdeve's Tel: (809) 774-5764","","Charlotte Amalie, St. Thomas","(M),(H)","Hotels",1979,"checked",NA,"","4/27/2020 4:18pm","4/27/2020 4:44pm",", ","-64.930701","18.3419","unclear_coded_by_hand","General Coordinates Used"
2,"Danish Inn Guest House","Gamble Norisideve's Tel: (809)774-5764","","Charlotte Amalie, St. Thomas","(M)","Hotels,Bars/Clubs",1980,"checked",NA,"","4/27/2020 4:18pm","4/27/2020 4:26pm",", ","-64.930701","18.3419","unclear_coded_by_hand","General Coordinates Used"
75,"Do Drop Inn","Inquire locally","","Charlotte Amalie, St. Thomas","(B)","Bars/Clubs",1975,"checked",NA,"","4/28/2020 12:34pm","4/28/2020 12:38pm",", ","-64.930701","18.3419","unclear_coded_by_hand","General Coordinates Used"
18,"Driftwood","(Italian R) nr. Mafolie Hotel on Abortion Hill. Tel: (809)774-5764 for reservations & directions","","Charlotte Amalie, St. Thomas","(M),(R)","Restaurant",1979,"checked",NA,"approximate location","4/27/2020 4:18pm","4/27/2020 4:45pm",", ","-64.931519","18.348732","unclear_coded_by_hand","Found"
33,"Driftwood","(Italian R) nr Mafolie Hotel on Abortion Hill. Call 774-2390 for reservations & directions","","Charlotte Amalie, St. Thomas","(M),(R)","Restaurant",1978,"checked",NA,"approximate location","4/27/2020 4:18pm","4/27/2020 9:55pm",", ","-64.931519","18.348732","unclear_coded_by_hand","Found"
62,"Driftwood Inn","(Italian) Nr. Mafolie Hotel on Abortion Hill. Call 774-2390 for reservations and directions","","Charlotte Amalie, St. Thomas","(M),(R)","Restaurant",1976,"checked",NA,"approximate location","4/27/2020 4:18pm","4/28/2020 12:28pm",", ","-64.931519","18.348732","unclear_coded_by_hand","Found"
48,"Driftwood Inn","(Italian R) nr. Mafolir Hotel on Abortion Hill. Call 774-2390 for reservations & directions","","Charlotte Amalie, St. Thomas","(M),(R)","Restaurant",1977,"checked",NA,"approximate location","4/27/2020 4:18pm","4/28/2020 11:49am",", ","-64.931519","18.348732","unclear_coded_by_hand","Found"
14,"Eccentric Egret","(Looks promising) Strand St.","","Christiansted, St. Croix","(M),(R)","Restaurant",1980,"checked",NA,"","4/27/2020 4:18pm","4/27/2020 4:37pm",", ","-64.707195","17.744276","unclear_coded_by_hand","General Coordinates Used"
49,"Fat City","On Raadets Gade, betw. Back Street (Vimmelskafts Gade) & Crystal Gade","","Charlotte Amalie, St. Thomas","(HIP),(M),(YC)","Bars/Clubs",1977,"checked",NA,"approximate location","4/27/2020 4:18pm","4/28/2020 11:50am",", ","-64.932552","18.342657","unclear_coded_by_hand","Found"
63,"Fat City","On Raadets Gade, betw. Back St. (Vimmelskafts Gade) & Crystal Gade","","Charlotte Amalie, St. Thomas","(HIP),(M),(YC)","Bars/Clubs",1976,"checked",NA,"approximate location","4/27/2020 4:18pm","4/28/2020 12:29pm",", ","-64.932552","18.342657","unclear_coded_by_hand","Found"
50,"Galleon House","P.O. Box 1189, St. Thomas, V.I. Call (809) 774-1445","","Charlotte Amalie, St. Thomas","(H),(R),(E),(D)","Restaurant,Hotels",1977,"checked",NA,"","4/27/2020 4:18pm","4/28/2020 12:07pm",", ","-64.930701","18.3419","unclear_coded_by_hand","General Coordinates Used"
34,"Galleon House","(This is the place- your hosts Larry & Jerry) (Bar) (Disco) (Swim pool) next to Hotel 1829 Tel: 809-774-1445. Box 1189 St. Thomas, V.I. 00801","","Charlotte Amalie, St. Thomas","(H),(R),(E),(D),(*)","Hotels,Restaurant,Bars/Clubs",1978,"checked",NA,"","4/27/2020 4:18pm","4/27/2020 9:58pm",", ","-64.930701","18.3419","unclear_coded_by_hand","General Coordinates Used"
19,"Galleon House","(This is the place- your hosts Larry & Jerry (Bar) (Disco) (Swim pool) next to Hotel 1829. Box 1189, St. Thomas, V.I. 00801. Tel: (809) 774-5764","","Charlotte Amalie, St. Thomas","(*),(H),(R),(E),(D)","Bars/Clubs,Hotels,Restaurant",1979,"checked",NA,"","4/27/2020 4:18pm","4/27/2020 4:47pm",", ","-64.930701","18.3419","unclear_coded_by_hand","General Coordinates Used"
3,"Good Old Times","(Some OC)(Best cocktail hour or late) (above the Safari)","","Charlotte Amalie, St. Thomas","(*),(OC)","Bars/Clubs",1980,"checked",NA,"","4/27/2020 4:18pm","4/27/2020 4:27pm",", ","-64.930701","18.3419","unclear_coded_by_hand","General Coordinates Used"
76,"Grand Hotel","On the Square","","Charlotte Amalie, St. Thomas","(H)","Hotels",1975,"checked",NA,"","4/28/2020 12:34pm","4/28/2020 12:38pm",", ","-64.949961","18.338535","unclear_coded_by_hand","Found"
20,"Greenhouse","On the Waterfront","","Charlotte Amalie, St. Thomas","(M),(R),(E)","Restaurant",1979,"checked",NA,"","4/27/2020 4:18pm","4/27/2020 4:47pm",", ","-64.933258","18.340352","unclear_coded_by_hand","Found"
4,"Greenhouse","(Disco) On the Waterfront","","Charlotte Amalie, St. Thomas","(M),(R),(D),(E)","Bars/Clubs,Restaurant",1980,"checked",NA,"","4/27/2020 4:18pm","4/27/2020 4:28pm",", ","-64.933258","18.340352","unclear_coded_by_hand","Found"
5,"Harbour View","(Best at cocktail hour) (Inquire locally)","","Charlotte Amalie, St. Thomas","(PE),(R),(E)","Restaurant",1980,"checked",NA,"","4/27/2020 4:18pm","4/27/2020 4:28pm",", ","-64.930701","18.3419","unclear_coded_by_hand","General Coordinates Used"
6,"Hotel 1829","Government Hill above Post Office","","Charlotte Amalie, St. Thomas","(M),(H)","Hotels",1980,"checked",NA,"approximate location","4/27/2020 4:18pm","4/27/2020 4:29pm",", ","-64.929034","18.344123","unclear_coded_by_hand","Found"
64,"Indies House","(swim pool) Lobster Pot (Dinner reservations required) & Anchor Room Lounge Best during cocktail hour of late. Overlooks Magens Bay- a 10 min. ride from town. Call (809) 774-4391 for reservations.","","Charlotte Amalie, St. Thomas","(M),(H),(*)","Bars/Clubs,Restaurant,Hotels",1976,"checked",NA,"","4/27/2020 4:18pm","4/28/2020 12:30pm",", ","-64.930701","18.3419","unclear_coded_by_hand","General Coordinates Used"
51,"Indies House","(swim pool) Lobster Pot (Dinner reservations required) & Anchor Room Lounge best during cocktail hour or late. Overlooks Magens Bay- a 10 min. ride from town. Call (809) 774-4391 for reservations","","Charlotte Amalie, St. Thomas","(M),(H),(PE),(R),(*)","Hotels,Restaurant,Bars/Clubs",1977,"checked",NA,"","4/27/2020 4:18pm","4/28/2020 12:09pm",", ","-64.930701","18.3419","unclear_coded_by_hand","General Coordinates Used"
52,"Jerry's Place","(Natives) (Some G) just off Waterfront Hwy. in Creques Alley No. 3 (behind the Carousel)","","Charlotte Amalie, St. Thomas","(M),(D),(G)","Bars/Clubs",1977,"checked",NA,"","4/27/2020 4:18pm","4/28/2020 12:10pm",", ","-64.930701","18.3419","unclear_coded_by_hand","General Coordinates Used"
65,"Jerry's Place","(natives) (some G) just off Waterfront  Hwy. in Creques Alley No. 3 (behind the Carousel)","","Charlotte Amalie, St. Thomas","(M),(D),(G)","Bars/Clubs",1976,"checked",NA,"","4/27/2020 4:18pm","4/28/2020 12:31pm",", ","-64.930701","18.3419","unclear_coded_by_hand","General Coordinates Used"
21,"Katie's","('Sing along') (Best late) Below the Safari","","Charlotte Amalie, St. Thomas","(OC),(E),(*)","Bars/Clubs",1979,"checked",NA,"","4/27/2020 4:18pm","4/27/2020 4:48pm",", ","-64.930701","18.3419","unclear_coded_by_hand","General Coordinates Used"
93,"Katie's","","1 Nelike Gade","Charlotte Amalie, St. Thomas","(*)","Bars/Clubs",1973,"",NA,"","4/28/2020 12:34pm","4/28/2020 12:47pm","1 Nelike Gade, ","-64.930701","18.3419","unclear_coded_by_hand","General Coordinates Used"
103,"Katie's","","1 Nelike Gade","Charlotte Amalie, St. Thomas","(*)","Bars/Clubs",1971,"",NA,"","4/28/2020 12:34pm","4/28/2020 12:51pm","1 Nelike Gade, ","-64.930701","18.3419","unclear_coded_by_hand","General Coordinates Used"
98,"Katie's","","1 Nelike Gade","Charlotte Amalie, St. Thomas","(*)","Bars/Clubs",1972,"",NA,"","4/28/2020 12:34pm","4/28/2020 12:49pm","1 Nelike Gade, ","-64.930701","18.3419","unclear_coded_by_hand","General Coordinates Used"
35,"Katie's","('Sing along')(Best late) Below the Safari","","Charlotte Amalie, St. Thomas","(*),(OC),(E)","Bars/Clubs",1978,"checked",NA,"","4/27/2020 4:18pm","4/27/2020 9:58pm",", ","-64.930701","18.3419","unclear_coded_by_hand","General Coordinates Used"
77,"Lime Tree Beach Hotel","box 4986, St. Thomas, V.I.","","Charlotte Amalie, St. Thomas","(M),(H)","Hotels",1975,"checked",NA,"","4/28/2020 12:34pm","4/28/2020 12:38pm",", ","-64.911835","18.318005","unclear_coded_by_hand","Found"
87,"Lime Tree Beach Hotel","Box 4986, St. Thomas, V.I.","","Charlotte Amalie, St. Thomas","(M)","Hotels",1974,"checked",NA,"","4/28/2020 12:34pm","4/28/2020 12:44pm",", ","-64.911835","18.318005","unclear_coded_by_hand","Found"
36,"Maison Greaux Guest House","Solburg Tel: 809-774-0063","","Charlotte Amalie, St. Thomas","(H),(*)","Hotels",1978,"checked",NA,"","4/27/2020 4:18pm","4/27/2020 9:59pm",", ","-64.930701","18.3419","unclear_coded_by_hand","General Coordinates Used"
22,"Maison Greaux Guest House","Solburg Tel: (809) 774-0063","","Charlotte Amalie, St. Thomas","(H),(*)","Hotels",1979,"checked",NA,"","4/27/2020 4:18pm","4/27/2020 4:49pm",", ","-64.930701","18.3419","unclear_coded_by_hand","General Coordinates Used"
7,"Maison Greaux Guest House","Solburg Tel: (809)774-0063","","Charlotte Amalie, St. Thomas","(H)","Hotels",1980,"checked",NA,"","4/27/2020 4:18pm","4/27/2020 4:29pm",", ","-64.930701","18.3419","unclear_coded_by_hand","General Coordinates Used"
78,"Midtown Hotel","Centrally located","","Charlotte Amalie, St. Thomas","(H)","Hotels",1975,"checked",NA,"","4/28/2020 12:34pm","4/28/2020 12:39pm",", ","-64.930701","18.3419","unclear_coded_by_hand","General Coordinates Used"
79,"Morning Star Beach Hotel","(Private beach $2.00 admn. Bar is (M) days, but * nights)","","Charlotte Amalie, St. Thomas","(M),(H),(*)","Hotels,Bars/Clubs",1975,"checked",NA,"","4/28/2020 12:34pm","4/28/2020 12:40pm",", ","-64.919808","18.320466","unclear_coded_by_hand","Found"
88,"Morningstar Beach Hotel","(Private beach, $2 adm. charge. Bar is (M) days but * nights)","","Charlotte Amalie, St. Thomas","(M),(*),(H)","Hotels,Bars/Clubs",1974,"checked",NA,"","4/28/2020 12:34pm","4/28/2020 12:45pm",", ","-64.919808","18.320466","unclear_coded_by_hand","Found"
37,"Morningstar Beach Resort","($3.00 adm. to (P) Beach*) Bar is (M) days but good late. 10 min. drive from town at E. end of harbor. Tel: 809-774-2650","","Charlotte Amalie, St. Thomas","(M),(H),(R),(P),(*)","Bars/Clubs,Hotels,Restaurant",1978,"checked",NA,"","4/27/2020 4:18pm","4/27/2020 10:00pm",", ","-64.919808","18.320466","unclear_coded_by_hand","Found"
53,"Morningstar Beach Resort","($3. adm. to (P) Beach*) Bar is (M) days but * late. 10 min. drive from town at E. end of harbor. Call (809) 774-2650","","Charlotte Amalie, St. Thomas","(M),(H),(R),(*),(P)","Bars/Clubs,Hotels,Restaurant",1977,"checked",NA,"","4/27/2020 4:18pm","4/28/2020 12:12pm",", ","-64.919808","18.320466","unclear_coded_by_hand","Found"
8,"Morningstar Beach Resort","($3 adm. to (P) Beach*) Bar is (M) days but good late. 10 min. drive from town at E. end of harbor. Tel: (809) 774-2650","","Charlotte Amalie, St. Thomas","(M),(H),(R),(*)","Hotels,Restaurant,Bars/Clubs",1980,"checked",NA,"","4/27/2020 4:18pm","4/27/2020 4:31pm",", ","-64.919808","18.320466","unclear_coded_by_hand","Found"
66,"Morningstar Beach Resort","($3.00 adm. to (P Beach*) Bar is (M) days but * late. 10 min. drive from town at E. end of Charlotte Amalie Harbor. Call 774-2650 for reservations","","Charlotte Amalie, St. Thomas","(M),(H),(R),(P),(*)","Bars/Clubs,Hotels,Restaurant",1976,"checked",NA,"","4/27/2020 4:18pm","4/28/2020 12:33pm",", ","-64.919808","18.320466","unclear_coded_by_hand","Found"
23,"Morningstar Beach Resort","($3. adm. to (P) Beach*) Bar is (M) says but good late. 10 min. drive from town at E. end of harbor. Tel:(809) 774-2650","","Charlotte Amalie, St. Thomas","(M),(H),(R),(P),(*)","Bars/Clubs,Hotels,Restaurant",1979,"checked",NA,"","4/27/2020 4:18pm","4/27/2020 4:50pm",", ","-64.919808","18.320466","unclear_coded_by_hand","Found"
82,"Most anywhere","discretion","","Charlotte Amalie, St. Thomas","Cruisy Area","Cruisy Areas",1975,"checked",NA,"","4/28/2020 12:34pm","4/28/2020 12:41pm",", ","-64.894095","18.338097","unclear_coded_by_hand","Found"
57,"Most anywhere","discretion","","Charlotte Amalie, St. Thomas","Cruisy Area","Cruisy Areas",1977,"checked",NA,"","4/27/2020 4:18pm","4/28/2020 12:21pm",", ","-64.894095","18.338097","unclear_coded_by_hand","Found"
70,"Most anywhere","discretion","","Charlotte Amalie, St. Thomas","Cruisy Area","Cruisy Areas",1976,"checked",NA,"","4/28/2020 12:34pm","4/28/2020 12:36pm",", ","-64.894095","18.338097","unclear_coded_by_hand","Found"
28,"Most anywhere","discretion","","Charlotte Amalie, St. Thomas","Cruisy Area","Cruisy Areas",1979,"checked",NA,"","4/27/2020 4:18pm","4/27/2020 5:03pm",", ","-64.894095","18.338097","unclear_coded_by_hand","Found"
43,"Most anywhere","discretion","","Charlotte Amalie, St. Thomas","Cruisy Area","Cruisy Areas",1978,"checked",NA,"","4/27/2020 4:18pm","4/27/2020 10:07pm",", ","-64.894095","18.338097","unclear_coded_by_hand","Found"
12,"Mostly anywhere","discretion","","Charlotte Amalie, St. Thomas","Cruisy Area","Cruisy Areas",1980,"checked",NA,"","4/27/2020 4:18pm","4/27/2020 4:36pm",", ","-64.894095","18.338097","unclear_coded_by_hand","Found"
38,"Paul's on the Waterfront","(Lunch) Center of town on the Waterfront","","Charlotte Amalie, St. Thomas","(R)","Restaurant",1978,"checked",NA,"","4/27/2020 4:18pm","4/27/2020 10:01pm",", ","-64.932498 (","18.340511","unclear_coded_by_hand","General Coordinates Used"
85,"Persian Virgin","","14 King St.","Frederiksted, St. Croix","(M)","Bars/Clubs",1975,"",NA,"","4/28/2020 12:34pm","4/28/2020 12:43pm","14 King St., ","-64.881535","17.712475","unclear_coded_by_hand","Found"
91,"Persian Virgin","","14 King St.","Frederiksted, St. Croix","(M)","Bars/Clubs",1974,"",NA,"","4/28/2020 12:34pm","4/28/2020 12:46pm","14 King St., ","-64.881535","17.712475","unclear_coded_by_hand","Found"
60,"Persian Virgin","","14 King Street","Frederiksted, St. Croix","(M)","Bars/Clubs",1977,"",NA,"","4/27/2020 4:18pm","4/28/2020 12:22pm","14 King Street, ","-64.881535","17.712475","unclear_coded_by_hand","Found"
16,"Persian Virgin","","14 King St.","Frederiksted, St. Croix","(M)","Bars/Clubs",1980,"",NA,"","4/27/2020 4:18pm","4/27/2020 4:39pm","14 King St., ","-64.881535","17.712475","unclear_coded_by_hand","Found"
73,"Persian Virgin","","14 King St.","Frederiksted, St. Croix","(M)","Bars/Clubs",1976,"",NA,"","4/28/2020 12:34pm","4/28/2020 12:36pm","14 King St., ","-64.881535","17.712475","unclear_coded_by_hand","Found"
101,"Persian Virgin","","14 King St.","Frederiksted, St. Croix","","Bars/Clubs",1972,"",NA,"","4/28/2020 12:34pm","4/28/2020 12:50pm","14 King St., ","-64.881535","17.712475","unclear_coded_by_hand","Found"
46,"Persian Virgin","","14 King St.","Frederiksted, St. Croix","(M)","Bars/Clubs",1978,"",NA,"","4/27/2020 4:18pm","4/27/2020 10:08pm","14 King St., ","-64.881535","17.712475","unclear_coded_by_hand","Found"
31,"Persian Virgin","","14 King St.","Frederiksted, St. Croix","(M)","Bars/Clubs",1979,"",NA,"","4/27/2020 4:18pm","4/27/2020 5:04pm","14 King St., ","-64.881535","17.712475","unclear_coded_by_hand","Found"
106,"Persian Virgin","","14 King St.","Frederiksted, St. Croix","","Bars/Clubs",1971,"",NA,"","4/28/2020 12:51pm","4/28/2020 12:52pm","14 King St., ","-64.881535","17.712475","unclear_coded_by_hand","Found"
96,"Persian Virgin","","14 King St.","Frederiksted, St. Croix","","Bars/Clubs",1973,"",NA,"","4/28/2020 12:34pm","4/28/2020 12:48pm","14 King St., ","-64.881535","17.712475","unclear_coded_by_hand","Found"
9,"Safari Lounge","(Some B)(Disco) On Tronpeter (an exit of Drake's Passage_ opp. & just above John Silver's on Vimmelskaft Gade (back street)","","Charlotte Amalie, St. Thomas","(B),(D),(AYOR),(*)","Bars/Clubs",1980,"checked",NA,"","4/27/2020 4:18pm","4/27/2020 4:33pm",", ","-64.933336","18.343002","unclear_coded_by_hand","General Coordinates Used"
54,"Safari Lounge","On Tronpeter (an extension of Drake's Passage) opp. & just above the 'Sandbox' on Vimmelskafts Gade (Back Street)","","Charlotte Amalie, St. Thomas","(D),(*)","Bars/Clubs",1977,"checked",NA,"","4/27/2020 4:18pm","4/28/2020 12:13pm",", ","-64.933336","18.343002","unclear_coded_by_hand","General Coordinates Used"
67,"Safari Lounge","On Tronpeter (an extension of Drake's Passage) opp. & just above the Sandbox on Vimmelskafts Gade (Back St.)","","Charlotte Amalie, St. Thomas","(D),(*)","Bars/Clubs",1976,"checked",NA,"","4/27/2020 4:18pm","4/28/2020 12:34pm",", ","-64.933336","18.343002","unclear_coded_by_hand","General Coordinates Used"
39,"Safari Lounge","(Some B) On Trompeter (an ext. of Drake's Passage) opp. & just above the 'Sandbox' on Vimmelskafts Gade (Back Street)","","Charlotte Amalie, St. Thomas","(M),(B),(D),(*)","Bars/Clubs",1978,"checked",NA,"","4/27/2020 4:18pm","4/27/2020 10:03pm",", ","-64.933336","18.343002","unclear_coded_by_hand","General Coordinates Used"
24,"Safari Lounge","(Some B) On Tronpeter (an exit of DRake's Passage) opp. & just above the 'Sandbox' on Vimmelskafts Gade (Back Street)","","Charlotte Amalie, St. Thomas","(M),(B),(D),(*)","Bars/Clubs",1979,"checked",NA,"","4/27/2020 4:18pm","4/27/2020 4:52pm",", ","-64.933336","18.343002","unclear_coded_by_hand","General Coordinates Used"
99,"Sebastian's","Veterans Drive","","Charlotte Amalie, St. Thomas","(M),(R)","Restaurant",1972,"checked",NA,"","4/28/2020 12:34pm","4/28/2020 12:50pm",", ","-64.93534","18.339578","unclear_coded_by_hand","General Coordinates Used"
94,"Sebastian's","Veterans Drive","","Charlotte Amalie, St. Thomas","(R),(M)","Restaurant",1973,"checked",NA,"","4/28/2020 12:34pm","4/28/2020 12:48pm",", ","-64.93534","18.339578","unclear_coded_by_hand","General Coordinates Used"
89,"Sebastian's","Veterans Drive","","Charlotte Amalie, St. Thomas","(M),(R)","Restaurant",1974,"checked",NA,"","4/28/2020 12:34pm","4/28/2020 12:45pm",", ","-64.93534","18.339578","unclear_coded_by_hand","General Coordinates Used"
104,"Sebastian's","Veterans Drive","","Charlotte Amalie, St. Thomas","(R),(M)","Restaurant",1971,"checked",NA,"","4/28/2020 12:51pm","4/28/2020 12:52pm",", ","-64.93534","18.339578","unclear_coded_by_hand","General Coordinates Used"
80,"Sebastian's","Veterans Drive","","Charlotte Amalie, St. Thomas","(M),(R)","Restaurant",1975,"checked",NA,"","4/28/2020 12:34pm","4/28/2020 12:40pm",", ","-64.93534","18.339578","unclear_coded_by_hand","General Coordinates Used"
10,"Sparky's Waterfront Saloon","(Very M) On Waterfront betw. Creques Alleys 1 & 2","","Charlotte Amalie, St. Thomas","(M)","Bars/Clubs",1980,"checked",NA,"","4/27/2020 4:18pm","4/27/2020 4:34pm",", ","-64.939312","18.338567","unclear_coded_by_hand","General Coordinates Used"
40,"Sparky's Waterfront Saloon","(Very M) (Mostly sailors) On Waterfront betw. Creques Alleys 1 & 2","","Charlotte Amalie, St. Thomas","(M)","Bars/Clubs",1978,"checked",NA,"","4/27/2020 4:18pm","4/27/2020 10:04pm",", ","-64.939312","18.338567","unclear_coded_by_hand","General Coordinates Used"
68,"Sparky's Waterfront Saloon","(mostly sailors) On Waterfront betw. Creques Aleys No. 1 & No. 2","","Charlotte Amalie, St. Thomas","(M)","Bars/Clubs",1976,"checked",NA,"","4/28/2020 12:34pm","4/28/2020 12:34pm",", ","-64.939312","18.338567","unclear_coded_by_hand","General Coordinates Used"
25,"Sparky's Waterfront Saloon","(Very M) (Mostly sailors) On Waterfront betw. Creques Alleys 1 & 2","","Charlotte Amalie, St. Thomas","(M)","Bars/Clubs",1979,"checked",NA,"","4/27/2020 4:18pm","4/27/2020 5:01pm",", ","-64.939312","18.338567","unclear_coded_by_hand","General Coordinates Used"
55,"Sparky's Waterfront Saloon","(mostly sailors) On Waterfront betw. Creques Alleys No.'s 1 & 2","","Charlotte Amalie, St. Thomas","(M)","Bars/Clubs",1977,"checked",NA,"","4/27/2020 4:18pm","4/28/2020 12:19pm",", ","-64.939312","18.338567","unclear_coded_by_hand","General Coordinates Used"
45,"Stone Ballon","","1 Queens Cross","Christiansted, St. Croix","(M),(*)","Bars/Clubs",1978,"",NA,"","4/27/2020 4:18pm","4/27/2020 10:08pm","1 Queens Cross, ","-64.701338","17.742735","unclear_coded_by_hand","Found"
95,"Stone Balloon","","1 Queens Cross","Christiansted, St. Croix","(*)","Bars/Clubs",1973,"",NA,"","4/28/2020 12:34pm","4/28/2020 12:48pm","1 Queens Cross, ","-64.701338","17.742735","unclear_coded_by_hand","Found"
100,"Stone Balloon","","1 Queens Cross","Christiansted, St. Croix","(*)","Bars/Clubs",1972,"",NA,"","4/28/2020 12:34pm","4/28/2020 12:50pm","1 Queens Cross, ","-64.701338","17.742735","unclear_coded_by_hand","Found"
15,"Stone Balloon","","1 Queens Cross","Christiansted, St. Croix","(M),(*)","Bars/Clubs",1980,"",NA,"","4/27/2020 4:18pm","4/27/2020 4:38pm","1 Queens Cross, ","-64.701338","17.742735","unclear_coded_by_hand","Found"
59,"Stone Balloon","","1 Queens Cross","Christiansted, St. Croix","(M),(*)","Bars/Clubs",1977,"",NA,"","4/27/2020 4:18pm","4/28/2020 12:21pm","1 Queens Cross, ","-64.701338","17.742735","unclear_coded_by_hand","Found"
84,"Stone Balloon","","1 Queens Cross","Christiansted, St. Croix","(M),(*)","Bars/Clubs",1975,"",NA,"","4/28/2020 12:34pm","4/28/2020 12:41pm","1 Queens Cross, ","-64.701338","17.742735","unclear_coded_by_hand","Found"
72,"Stone Balloon","","1 Queens Cross","Christiansted, St. Croix","(M),(*)","Bars/Clubs",1976,"",NA,"","4/28/2020 12:34pm","4/28/2020 12:36pm","1 Queens Cross, ","-64.701338","17.742735","unclear_coded_by_hand","Found"
30,"Stone Balloon","","1 Queens Cross","Christiansted, St. Croix","(M),(*)","Bars/Clubs",1979,"",NA,"","4/27/2020 4:18pm","4/27/2020 5:04pm","1 Queens Cross, ","-64.701338","17.742735","unclear_coded_by_hand","Found"
90,"Stone Balloon","","1 Queens Cross","Christiansted, St. Croix","(M),(*)","Bars/Clubs",1974,"",NA,"","4/28/2020 12:34pm","4/28/2020 12:45pm","1 Queens Cross, ","-64.701338","17.742735","unclear_coded_by_hand","Found"
105,"Stone Baloon","","1 Queens Cross","Christiansted, St. Croix","(*)","Bars/Clubs",1971,"",NA,"","4/28/2020 12:51pm","4/28/2020 12:52pm","1 Queens Cross, ","-64.701338","17.742735","unclear_coded_by_hand","Found"
81,"Thatch Farm","Box 548 St. Thomas, V.I. 00801","","Charlotte Amalie, St. Thomas","(H),(R)","Hotels,Restaurant",1975,"checked",NA,"","4/28/2020 12:34pm","4/28/2020 12:40pm",", ","-64.930701","18.3419","unclear_coded_by_hand","General Coordinates Used"
58,"Veterans Drive","","","Charlotte Amalie, St. Thomas","Cruisy Area","Cruisy Areas",1977,"checked",NA,"","4/27/2020 4:18pm","4/28/2020 12:21pm",", ","-64.93534","18.339578","unclear_coded_by_hand","Found"
44,"Veterans Drive","","","Charlotte Amalie, St. Thomas","Cruisy Area","Cruisy Areas",1978,"checked",NA,"","4/27/2020 4:18pm","4/27/2020 10:07pm",", ","-64.93534","18.339578","unclear_coded_by_hand","Found"
71,"Veterans Drive","","","Charlotte Amalie, St. Thomas","Cruisy Area","Cruisy Areas",1976,"checked",NA,"","4/28/2020 12:34pm","4/28/2020 12:36pm",", ","-64.93534","18.339578","unclear_coded_by_hand","Found"
29,"Veterans Drive","","","Charlotte Amalie, St. Thomas","Cruisy Area","Cruisy Areas",1979,"checked",NA,"","4/27/2020 4:18pm","4/27/2020 5:03pm",", ","-64.93534","18.339578","unclear_coded_by_hand","Found"
83,"Veterans Drive","","","Charlotte Amalie, St. Thomas","Cruisy Area","Cruisy Areas",1975,"checked",NA,"","4/28/2020 12:34pm","4/28/2020 12:41pm",", ","-64.93534","18.339578","unclear_coded_by_hand","Found"
13,"Veterans Drive","(AYOR at night)","","Charlotte Amalie, St. Thomas","Cruisy Area","Cruisy Areas",1980,"checked",NA,"","4/27/2020 4:18pm","4/27/2020 4:36pm",", ","-64.93534","18.339578","unclear_coded_by_hand","Found"
26,"Villa Fairview Guest House","P.O. Box 2205 St. Thomas, V.I. 00801. Tel: (809) 774-2661","","Charlotte Amalie, St. Thomas","(H)","Hotels",1979,"checked",NA,"","4/27/2020 4:18pm","4/27/2020 5:02pm",", ","-64.93534","18.339578","unclear_coded_by_hand","General Coordinates Used"
41,"Villa Fairview Guest House","P.O. Box 2205 St. Thomas, V.I. 00801. Tel: 809-774-2661","","Charlotte Amalie, St. Thomas","(H)","Hotels",1978,"checked",NA,"","4/27/2020 4:18pm","4/27/2020 10:05pm",", ","-64.93534","18.339578","unclear_coded_by_hand","General Coordinates Used"
42,"Walter's Living Room","(Mostly natives) Creques Alley No. 3, betw. Waterfront & Main St. (Dronningsgens Gade)","","Charlotte Amalie, St. Thomas","(M),(RT)","Bars/Clubs",1978,"checked",NA,"","4/27/2020 4:18pm","4/27/2020 10:06pm",", ","-64.93534","18.339578","unclear_coded_by_hand","General Coordinates Used"
69,"Walter's Living Room","(mostly natives) next to Jerry's Place on Creques Alley No. 3 bewt. Waterfront & Main St. (Dronningsgens Gade)","","Charlotte Amalie, St. Thomas","(M),(RT)","Bars/Clubs",1976,"checked",NA,"","4/28/2020 12:34pm","4/28/2020 12:35pm",", ","-64.93534","18.339578","unclear_coded_by_hand","General Coordinates Used"
11,"Walter's Living Room","(Mostly natives) Creques Alley No. 3 betw. Waterfront & Main St. (Dronningsgens Gade)","","Charlotte Amalie, St. Thomas","(M),(RT)","Bars/Clubs",1980,"checked",NA,"","4/27/2020 4:18pm","4/27/2020 4:35pm",", ","-64.93534","18.339578","unclear_coded_by_hand","General Coordinates Used"
27,"Walter's Living Room","(Mostly natives) Creques Alley No. 3, Betw. Waterfront & Main St. (Dronningsgens Gade)","","Charlotte Amalie, St. Thomas","(M),(RT)","Bars/Clubs",1979,"checked",NA,"","4/27/2020 4:18pm","4/27/2020 5:02pm",", ","-64.93534","18.339578","unclear_coded_by_hand","General Coordinates Used"
56,"Walter's Living Room","(mostly natives) next to 'Jerry's Place' on Creques Alley No. 3 betw. Waterfront & Main Street (Dronningsgens Gade)","","Charlotte Amalie, St. Thomas","(M),(RT)","Bars/Clubs",1977,"checked",NA,"","4/27/2020 4:18pm","4/28/2020 12:20pm",", ","-64.93534","18.339578","unclear_coded_by_hand","General Coordinates Used"
