ID,title,status,description,lat/lon,streetaddress,notes,city,state,amenityfeatures,type,unclearaddress,Year,Verified?,dateadded,lastmodified
292,'Black Forest',Found,walking area under bridge at 27th & Pennsylvania N.W.,"38.904951,-77.056082",,,DC,District of Columbia,Cruisy Area,Cruising Areas,checked,1977,,2/24/2020 5:41pm,2/26/2020 4:19pm
278,'Black Forest',Found,walking area under bridge at 27th & Pennsylvania N.W.,"38.904951,-77.056082",,,DC,District of Columbia,Cruisy Area,Cruising Areas,checked,1976,,2/24/2020 5:41pm,2/26/2020 4:19pm
262,'Black Forest',Found,walking area under bridge at 27th & Pennsylvania N.W.,"38.904951,-77.056082",,,DC,District of Columbia,Cruisy Area,Cruising Areas,checked,1975,,2/24/2020 5:41pm,2/26/2020 4:19pm
249,'Black Forest',Found,walking area under bridge at 27th & Pennsylvania N.W.,"38.904951,-77.056082",,,DC,District of Columbia,Cruisy Area,Cruising Areas,checked,1974,,2/24/2020 5:41pm,2/26/2020 4:19pm
236,'Black Forest',Found,walking area under bridge at 27th & Pennsylvania N.W.,"38.904951,-77.056082",,,DC,District of Columbia,Cruisy Area,Cruising Areas,checked,1973,,2/24/2020 5:41pm,2/26/2020 4:19pm
224,'Black Forest',Found,walking area under bridge at 27th & Pennsylvania N.W.,"38.904951,-77.056082",,,DC,District of Columbia,Cruisy Area,Cruising Areas,checked,1972,,2/24/2020 5:41pm,2/26/2020 4:19pm
257,'P' St. 'Beach' ,Found,(Georgetown),"38.90945,-77.049748",,,DC,District of Columbia,Cruisy Area,Cruising Areas,checked,1974,,2/24/2020 5:41pm,2/26/2020 4:23pm
272,'P' St. 'Beach' in Georgetown,Found,,"38.90945,-77.049748",,,DC,District of Columbia,Cruisy Area,Cruising Areas,checked,1975,,2/24/2020 5:41pm,2/26/2020 4:23pm
228,"'P' St. ""Beach""",Found,(Georgetown),"38.90945,-77.049748",,,DC,District of Columbia,Cruisy Area,Cruising Areas,checked,1972,,2/24/2020 5:41pm,2/26/2020 4:23pm
287,'P' St. Beach,Found,(Georgetown),"38.90945,-77.049748",,,DC,District of Columbia,Cruisy Area,Cruising Areas,checked,1976,,2/24/2020 5:41pm,2/26/2020 4:23pm
349,'P' Street Beach (Georgetown),Found,,"38.90945,-77.049748",,,DC,District of Columbia,"Cruisy Area,(AYOR) -  At Your Own Risk - Dangerous - Usually Fuzz",Cruising Areas,checked,1980,,2/24/2020 5:41pm,2/26/2020 4:23pm
333,'P' Street Beach (Georgetown),Found,,"38.90945,-77.049748",,,DC,District of Columbia,Cruisy Area,Cruising Areas,checked,1979,,2/24/2020 5:41pm,2/26/2020 4:23pm
317,'P' Street Beach (Georgetown),Found,,"38.90945,-77.049748",,,DC,District of Columbia,Cruisy Area,Cruising Areas,checked,1978,,2/24/2020 5:41pm,2/26/2020 4:23pm
300,"""P"" Street Beach (Georgetown)",Found,,"38.90945,-77.049748",,Pin placed in middle of block,DC,District of Columbia,Cruisy Area,Cruising Areas,checked,1977,,2/24/2020 5:41pm,2/26/2020 4:31pm
344,"""The Block"" ",Found,"from 30th to 31st, betw. 'O' & Dumbarton (Georgetown)","38.90797,-77.061198",,Pin placed in middle of block,DC,District of Columbia,Cruisy Area,Cruising Areas,checked,1980,,2/24/2020 5:41pm,2/26/2020 4:24pm
328,"""The Block"" ",Found,"from 30th to 31st, betw. 'O' & Dumbarton (Georgetown)","38.90797,-77.061198",,,DC,District of Columbia,Cruisy Area,Cruising Areas,checked,1979,,2/24/2020 5:41pm,2/26/2020 4:23pm
241,Brass Rail,Found,,"38.900301,-77.029588",809 13th St. N.W.,,DC,District of Columbia,"(M) - Mixed Crowds - Some Straights,(RT) - 'Raunchy types' - downtown type places - often hustlers,(B) - Blacks frequent",Bars/Clubs,checked,1974,,2/24/2020 5:41pm,2/26/2020 4:24pm
229,Brass Rail,Found,13th St. at New York Ave. N.W.,"38.900301,-77.029588",809 13th St. N.W.,,DC,District of Columbia,"(M) - Mixed Crowds - Some Straights,(RT) - 'Raunchy types' - downtown type places - often hustlers,(B) - Blacks frequent",Bars/Clubs,checked,1973,,2/24/2020 5:41pm,2/26/2020 4:24pm
218,Brass Rail,Found,13th St. at New York Ave. N.W.,"38.900301,-77.029588",,,DC,District of Columbia,"(M) - Mixed Crowds - Some Straights,(RT) - 'Raunchy types' - downtown type places - often hustlers",Bars/Clubs,checked,1972,,2/24/2020 5:41pm,2/26/2020 4:24pm
208,Brass Rail,Found,(across the street from the Court Jesters),"38.900301,-77.029588",809 13th St. N.W.,,DC,District of Columbia,(M) - Mixed Crowds - Some Straights,Bars/Clubs,checked,1971,,2/24/2020 5:41pm,2/26/2020 4:24pm
343,Canal & 'K' Sts. N.W.,Found,,"38.902422,-77.037293",,Pin placed on K St.,DC,District of Columbia,"Cruisy Area,(AYOR) -  At Your Own Risk - Dangerous - Usually Fuzz",Cruising Areas,checked,1980,,2/24/2020 5:41pm,2/26/2020 4:32pm
326,Canal & 'K' Sts. N.W.,Found,,"38.902422,-77.037293",,Pin placed on K St.,DC,District of Columbia,Cruisy Area,Cruising Areas,checked,1979,,2/24/2020 5:41pm,2/26/2020 4:32pm
310,Canal & 'K' Sts. N.W.,Found,,"38.902422,-77.037293",,Pin placed on K St.,DC,District of Columbia,Cruisy Area,Cruising Areas,checked,1978,,2/24/2020 5:41pm,2/26/2020 4:32pm
293,Canal & 'K' Sts. N.W.,Found,,"38.902422,-77.037293",,Pin placed on K St.,DC,District of Columbia,Cruisy Area,Cruising Areas,checked,1977,,2/24/2020 5:41pm,2/26/2020 4:32pm
279,Canal & 'K' Sts. N.W.,Found,,"38.902422,-77.037293",,Pin placed on K St.,DC,District of Columbia,Cruisy Area,Cruising Areas,checked,1976,,2/24/2020 5:41pm,2/26/2020 4:32pm
263,Canal & 'K' Sts. N.W.,Found,,"38.902422,-77.037293",,Pin placed on K St.,DC,District of Columbia,Cruisy Area,Cruising Areas,checked,1975,,2/24/2020 5:41pm,2/26/2020 4:32pm
250,Canal & 'K' Sts. N.W.,Found,,"38.902422,-77.037293",,Pin placed on K St.,DC,District of Columbia,Cruisy Area,Cruising Areas,checked,1974,,2/24/2020 5:41pm,2/26/2020 4:32pm
237,Canal & 'K' Sts. N.W.,Found,,"38.902422,-77.037293",,Pin placed on K St.,DC,District of Columbia,Cruisy Area,Cruising Areas,checked,1973,,2/24/2020 5:41pm,2/26/2020 4:32pm
327,Capitol Hill,Found,"Hitch-hikers bet. 6th & 9th on Pennsylvania
","38.884444,-76.996525",,Pin placed between 6th and 9th St.,DC,District of Columbia,Cruisy Area,Cruising Areas,checked,1979,,2/24/2020 5:41pm,2/26/2020 4:33pm
311,Capitol Hill,Found,"Hitch-hikers bet. 6th & 9th on Pennsylvania
","38.884444,-76.996525",,Pin placed between 6th and 9th St.,DC,District of Columbia,Cruisy Area,Cruising Areas,checked,1978,,2/24/2020 5:41pm,2/26/2020 4:33pm
294,Capitol Hill,Found,"Hitch-hikers bet. 6th & 9th on Pennsylvania
","38.884444,-76.996525",,Pin placed between 6th and 9th St.,DC,District of Columbia,Cruisy Area,Cruising Areas,checked,1977,,2/24/2020 5:41pm,2/26/2020 4:33pm
280,Capitol Hill,Found,"Hitch-hikers bet. 6th & 9th on Pennsylvania
","38.884444,-76.996525",,Pin placed between 6th and 9th St.,DC,District of Columbia,Cruisy Area,Cruising Areas,checked,1976,,2/24/2020 5:41pm,2/26/2020 4:33pm
264,Capitol Hill,Found,"Hitch-hikers bet. 6th & 9th on Pennsylvania
","38.884444,-76.996525",,Pin placed between 6th and 9th St.,DC,District of Columbia,Cruisy Area,Cruising Areas,checked,1975,,2/24/2020 5:41pm,2/26/2020 4:33pm
251,Capitol Hill,Found,"Hitch-hikers bet. 6th & 9th on Pennsylvania
","38.884444,-76.996525",,Pin placed between 6th and 9th St.,DC,District of Columbia,Cruisy Area,Cruising Areas,checked,1974,,2/24/2020 5:41pm,2/26/2020 4:33pm
238,Capitol Hill,Found,"Hitch-hikers bet. 6th & 9th on Pennsylvania
","38.884444,-76.996525",,Pin placed between 6th and 9th St.,DC,District of Columbia,Cruisy Area,Cruising Areas,checked,1973,,2/24/2020 5:41pm,2/26/2020 4:33pm
225,Capitol Hill,Found,"Hitch-hikers bet. 6th & 9th on Pennsylvania
","38.884444,-76.996525",,Pin placed between 6th and 9th St.,DC,District of Columbia,Cruisy Area,Cruising Areas,checked,1972,,2/24/2020 5:41pm,2/26/2020 4:33pm
304,Club de Sade ,General Coordinates Used,Tel: 331-WHIP,"38.907192,-77.036871",,,DC,District of Columbia,(P) - Private club - Inquire locally to admission,Bars/Clubs,checked,1978,,2/24/2020 5:41pm,2/26/2020 4:33pm
198,Dollie's,Found,,"38.900874,-77.02865 ",1200 block New York Ave. NW,,DC,District of Columbia,,Bars/Clubs,checked,1970,,2/24/2020 5:41pm,2/26/2020 4:34pm
312,Dumbarton St. Between 30th & 31st Sts. N.W.,Found,,"38.907643,-77.060186",,Pin placed in middle of block,DC,District of Columbia,Cruisy Area,Cruising Areas,checked,1978,,2/24/2020 5:41pm,2/26/2020 4:35pm
295,Dumbarton St. Between 30th & 31st Sts. N.W.,Found,,"38.907643,-77.060186",,Pin placed in middle of block,DC,District of Columbia,Cruisy Area,Cruising Areas,checked,1977,,2/24/2020 5:41pm,2/26/2020 4:35pm
281,Dumbarton St. Between 30th & 31st Sts. N.W.,Found,(Georgetown),"38.907643,-77.060186",,Pin placed in middle of block,DC,District of Columbia,Cruisy Area,Cruising Areas,checked,1976,,2/24/2020 5:41pm,2/26/2020 4:35pm
265,Dumbarton St. Between 30th & 31st Sts. N.W.,Found,(Georgetown),"38.907643,-77.060186",,Pin placed in middle of block,DC,District of Columbia,Cruisy Area,Cruising Areas,checked,1975,,2/24/2020 5:41pm,2/26/2020 4:35pm
252,Dumbarton St. Between 30th & 31st Sts. N.W.,Found,(Georgetown),"38.907643,-77.060186",,Pin placed in middle of block,DC,District of Columbia,Cruisy Area,Cruising Areas,checked,1974,,2/24/2020 5:41pm,2/26/2020 4:35pm
239,Dumbarton St. Between 30th & 31st Sts. N.W.,Found,(Georgetown),"38.907643,-77.060186",,Pin placed in middle of block,DC,District of Columbia,Cruisy Area,Cruising Areas,checked,1973,,2/24/2020 5:41pm,2/26/2020 4:35pm
226,Dumbarton St. Between 30th & 31st Sts. N.W.,Found,(Georgetown),"38.907643,-77.060186",,Pin placed in middle of block,DC,District of Columbia,Cruisy Area,Cruising Areas,checked,1972,,2/24/2020 5:41pm,2/26/2020 4:35pm
266,Dupont Circle--Connecticut Ave. at 'P' St. N.W.,Found,,"38.909694,-77.043339 ",,,DC,District of Columbia,Cruisy Area,Cruising Areas,checked,1975,,2/24/2020 5:41pm,2/26/2020 4:35pm
253,Dupont Circle--Connecticut Ave. at 'P' St. N.W.,Found,,"38.909694,-77.043339 ",,,DC,District of Columbia,Cruisy Area,Cruising Areas,checked,1974,,2/24/2020 5:41pm,2/26/2020 4:35pm
240,Dupont Circle--Connecticut Ave. at 'P' St. N.W.,Found,,"38.909694,-77.043339 ",,,DC,District of Columbia,Cruisy Area,Cruising Areas,checked,1973,,2/24/2020 5:41pm,2/26/2020 4:35pm
242,Eagle,Found,,"8.901757,-77.023894",904 9th St. NW,,DC,District of Columbia,,Bars/Clubs,checked,1974,,2/24/2020 5:41pm,2/26/2020 4:35pm
230,Eagle,Found,9th St. bet. New York & H Sts. NW,"8.901757,-77.023894",904 9th St. NW,,DC,District of Columbia,,Bars/Clubs,checked,1973,,2/24/2020 5:41pm,2/26/2020 4:35pm
305,Eagle in Exile,Found,"(The 'Exile') (Some W, SM, YC) (also basement bar)","8.901757,-77.023894",9th & New York Ave NW,,DC,District of Columbia,"(W) - Western or coyboy types,(YC) - Young and/or collegiate types,(*) - Very popular",Bars/Clubs,checked,1978,,2/24/2020 5:41pm,2/26/2020 4:35pm
321,Exile,Found,"(Disco) (Some W, levis) (Sun. buffet - C-AH-WE)","38.901343,-77.023984",953 9th St. NW,,DC,District of Columbia,"(*) - Very popular,(D) - Dancing,(W) - Western or coyboy types,""(C) - Coffee, soft drinks and sometimes snacks"",(AH) - After Hours,(WE) = Weekends",Bars/Clubs,checked,1979,,2/24/2020 5:41pm,2/26/2020 4:36pm
345,Georgetown U. -G.T. Walsh Bldg.,Found,"(3rd & 4th Floors), Gymnasium, and Student Union (main floor) - T-Rooms"," 38.906166,-77.070027",,,DC,District of Columbia,Cruisy Area,Cruising Areas,checked,1980,,2/24/2020 5:41pm,2/26/2020 4:37pm
329,Georgetown U. -G.T. Walsh Bldg.,Found,"(3rd & 4th Floors), Gymnasium, and Student Union (main floor) - T-Rooms"," 38.906166,-77.070027",,,DC,District of Columbia,Cruisy Area,Cruising Areas,checked,1979,,2/24/2020 5:41pm,2/26/2020 4:37pm
313,Georgetown U. -G.T. Walsh Bldg.,Found,"(3rd & 4th Floors), Gymnasium, and Student Union (main floor) - T-Rooms"," 38.906166,-77.070027",,,DC,District of Columbia,Cruisy Area,Cruising Areas,checked,1978,,2/24/2020 5:41pm,2/26/2020 4:37pm
296,Georgetown U. -G.T. Walsh Bldg.,Found,"(3rd & 4th Floors), Gymnasium, and Student Union (main floor)"," 38.906166,-77.070027",,,DC,District of Columbia,Cruisy Area,Cruising Areas,checked,1977,,2/24/2020 5:41pm,2/26/2020 4:37pm
282,Georgetown U. -G.T. Walsh Bldg.,Found,"(3rd & 4th Floors), Gymnasium, and Student Union (main floor)"," 38.906166,-77.070027",,,DC,District of Columbia,Cruisy Area,Cruising Areas,checked,1976,,2/24/2020 5:41pm,2/26/2020 4:37pm
346,Greyhound Bus Depot,Found,,"38.900256,-77.027589",,,DC,District of Columbia,Cruisy Area,Cruising Areas,checked,1980,,2/24/2020 5:41pm,2/26/2020 4:38pm
330,Greyhound Bus Depot,Found,,"38.900256,-77.027589",,,DC,District of Columbia,Cruisy Area,Cruising Areas,checked,1979,,2/24/2020 5:41pm,2/26/2020 4:38pm
314,Greyhound Bus Depot,Found,,"38.900256,-77.027589",,,DC,District of Columbia,"Cruisy Area,(RT) - 'Raunchy types' - downtown type places - often hustlers,(B) - Blacks frequent",Cruising Areas,checked,1978,,2/24/2020 5:41pm,2/26/2020 4:38pm
297,Greyhound Bus Depot,Found,,"38.900256,-77.027589",,,DC,District of Columbia,"Cruisy Area,(RT) - 'Raunchy types' - downtown type places - often hustlers",Cruising Areas,checked,1977,,2/24/2020 5:41pm,2/26/2020 4:38pm
283,Greyhound Bus Depot,Found,,"38.900256,-77.027589",,,DC,District of Columbia,Cruisy Area,Cruising Areas,checked,1976,,2/24/2020 5:41pm,2/26/2020 4:38pm
267,Greyhound Bus Depot,Found,,"38.900256,-77.027589",,,DC,District of Columbia,Cruisy Area,Cruising Areas,checked,1975,,2/24/2020 5:41pm,2/26/2020 4:38pm
268,Gymnasium- George Washington Univ.,Found,,"38.899715,-77.048599",,Pin on GW Campus,DC,District of Columbia,Cruisy Area,Cruising Areas,checked,1975,,2/24/2020 5:41pm,2/26/2020 4:40pm
254,Gymnasium--Geo. Washington Univ.,Found,,"38.899715,-77.048599",,Pin on GW Campus,DC,District of Columbia,Cruisy Area,Cruising Areas,checked,1974,,2/24/2020 5:41pm,2/26/2020 4:40pm
337,Hideaway,Found,(Downstairs) (Tired),"38.893709,-77.023651 ",9th & Pennsylvania,,DC,District of Columbia,"(D) - Dancing,(OC) - Older/More Mature Crowd",Business,checked,1980,,2/24/2020 5:41pm,2/26/2020 4:40pm
322,Hideaway,Found,(downstairs) (Tired),"38.893709,-77.023651 ",9th & Pennsylvania NW,,DC,District of Columbia,"(D) - Dancing,(OC) - Older/More Mature Crowd",Bars/Clubs,checked,1979,,2/24/2020 5:41pm,2/26/2020 4:40pm
306,Hideaway,Found,(downstairs) (WE*),"38.893709,-77.023651 ",9th & Pennsylvania NW,,DC,District of Columbia,"(D) - Dancing,(WE) = Weekends,(*) - Very popular",Bars/Clubs,checked,1978,,2/24/2020 5:41pm,2/26/2020 4:40pm
288,Hideaway,Found,(downstairs) (WE*),"38.893709,-77.023651 ",9th & Pennsylvania NW,,DC,District of Columbia,"(D) - Dancing,(WE) = Weekends,(*) - Very popular",Bars/Clubs,checked,1977,,2/24/2020 5:41pm,2/26/2020 4:40pm
273,Hideaway,Found,(downstairs),"38.893709,-77.023651 ",9th & Pennsylvania NW,,DC,District of Columbia,"(D) - Dancing,(WE) = Weekends,(*) - Very popular",Bars/Clubs,checked,1976,,2/24/2020 5:41pm,2/26/2020 4:40pm
258,Hideaway,Found,(downstairs- below Hickory House),"38.893709,-77.023651 ",9th & Pennsylvania NW,,DC,District of Columbia,"(YC) - Young and/or collegiate types,(*) - Very popular,(D) - Dancing",Bars/Clubs,checked,1975,,2/24/2020 5:41pm,2/26/2020 4:40pm
243,Hideaway,Found,(downstairs- below Hickory House),"38.893709,-77.023651 ",9th & Pennsylvania NW,,DC,District of Columbia,"(YC) - Young and/or collegiate types,(*) - Very popular,(D) - Dancing",Bars/Clubs,checked,1974,,2/24/2020 5:41pm,2/26/2020 4:40pm
231,Hideaway,Found,(downstairs- below Hickory House),"38.893709,-77.023651 ",9th & Pennsylvania NW,,DC,District of Columbia,"(YC) - Young and/or collegiate types,(*) - Very popular,(D) - Dancing",Bars/Clubs,checked,1973,,2/24/2020 5:41pm,2/26/2020 4:40pm
289,Horseshoe Saloon,Found,,"38.882861,-76.994956",8th & E Sts. S.E.,,DC,District of Columbia,,Bars/Clubs,checked,1977,,2/24/2020 5:41pm,2/26/2020 4:41pm
274,Horseshoe Saloon,Found,,"38.882861,-76.994956",8th & E Sts. S.E.,,DC,District of Columbia,"(W) - Western or coyboy types,(*) - Very popular",Bars/Clubs,checked,1976,,2/24/2020 5:41pm,2/26/2020 4:41pm
284,Iwo Jima Memorial--wooden area,Found,"(Arlington, VA)","38.890437,-77.069721",,,VA,Arlington,Cruisy Area,Cruising Areas,checked,1976,,2/24/2020 5:41pm,2/26/2020 4:41pm
269,Iwo Jima Memorial--wooden area,Found,"(Arlington, VA)","38.890437,-77.069721",,,VA,Arlington,Cruisy Area,Cruising Areas,checked,1975,,2/24/2020 5:41pm,2/26/2020 4:42pm
209,Jimmie's,Found,,"38.906366,-77.026909",11st St NW bet M & N,Pin in middle of street,DC,District of Columbia,"""(G) - Girls, but seldom exclusively"",(RT) - 'Raunchy types' - downtown type places - often hustlers",Bars/Clubs,checked,1971,,2/24/2020 5:41pm,2/26/2020 4:42pm
199,Jimmie's,Found,,"38.906366,-77.026909",11st St NW bet M & N,Pin in middle of street,DC,District of Columbia,"""(G) - Girls, but seldom exclusively"",(RT) - 'Raunchy types' - downtown type places - often hustlers",Bars/Clubs,checked,1970,,2/24/2020 5:41pm,2/26/2020 4:42pm
189,Jimmie's,Found,,"38.906366,-77.026909",11st St NW bet M & N,Pin in middle of street,DC,District of Columbia,"""(G) - Girls, but seldom exclusively"",(RT) - 'Raunchy types' - downtown type places - often hustlers",Bars/Clubs,checked,1969,,2/24/2020 5:41pm,2/26/2020 4:42pm
232,Joanna's,Found,,"38.882861,-76.994956",8th & E St. S.E.,,DC,District of Columbia,"(*) - Very popular,""(G) - Girls, but seldom exclusively"",(D) - Dancing",Bars/Clubs,checked,1973,,2/24/2020 5:41pm,2/26/2020 4:43pm
219,Joanna's,Found,,"38.882861,-76.994956",8th & E St. S.E.,,DC,District of Columbia,"(*) - Very popular,""(G) - Girls, but seldom exclusively"",(D) - Dancing",Bars/Clubs,checked,1972,,2/24/2020 5:41pm,2/26/2020 4:43pm
210,Joanna's,Found,,"38.882861,-76.994956",8th & E St. S.E.,,DC,District of Columbia,"(*) - Very popular,""(G) - Girls, but seldom exclusively"",(D) - Dancing",Bars/Clubs,checked,1971,,2/24/2020 5:41pm,2/26/2020 4:43pm
181,Johnnie's,Found,,"38.882861,-76.994956",8th & E Sts SE,,DC,District of Columbia,(*) - Very popular,Bars/Clubs,checked,1966,,2/24/2020 5:41pm,2/26/2020 4:43pm
1,Johnnie's,Found,,"38.882861,-76.994956",8th & E Sts SE,,DC,District of Columbia,(*) - Very popular,Bars/Clubs,checked,1965,,2/24/2020 5:39pm,2/26/2020 4:43pm
233,Johnnie's ,Found,,"38.882861,-76.994956",8th & E St. SE,,DC,District of Columbia,"(D) - Dancing,(*) - Very popular",Bars/Clubs,checked,1973,,2/24/2020 5:41pm,2/26/2020 4:43pm
220,Johnnie's ,Found,,"38.882861,-76.994956",8th & E St. SE,,DC,District of Columbia,,Bars/Clubs,checked,1972,,2/24/2020 5:41pm,2/26/2020 4:43pm
211,Johnnie's ,Found,,"38.882861,-76.994956",8th & E St. SE,,DC,District of Columbia,,Bars/Clubs,checked,1971,,2/24/2020 5:41pm,2/26/2020 4:43pm
200,Johnnie's ,Found,,"38.882861,-76.994956",8th & E St. SE,,DC,District of Columbia,(*) - Very popular,Bars/Clubs,checked,1970,,2/24/2020 5:41pm,2/26/2020 4:43pm
190,Johnnie's ,Found,,"38.882861,-76.994956",8th & E St. SE,,DC,District of Columbia,(*) - Very popular,Bars/Clubs,checked,1969,,2/24/2020 5:41pm,2/26/2020 4:43pm
185,Johnnie's ,Found,,"38.882861,-76.994956",8th & E Sts SE,,DC,District of Columbia,(*) - Very popular,Bars/Clubs,checked,1968,,2/24/2020 5:41pm,2/26/2020 4:43pm
315,Lafayette Park,Found,,"38.899537,-77.036549",,,DC,District of Columbia,Cruisy Area,Cruising Areas,checked,1978,,2/24/2020 5:41pm,2/26/2020 4:43pm
298,Lafayette Park,Found,,"38.899537,-77.036549",,,DC,District of Columbia,Cruisy Area,Cruising Areas,checked,1977,,2/24/2020 5:41pm,2/26/2020 4:43pm
285,Lafayette Park,Found,,"38.899537,-77.036549",,,DC,District of Columbia,Cruisy Area,Cruising Areas,checked,1976,,2/24/2020 5:41pm,2/26/2020 4:43pm
270,Lafayette Park,Found,,"38.899537,-77.036549",,,DC,District of Columbia,Cruisy Area,Cruising Areas,checked,1975,,2/24/2020 5:41pm,2/26/2020 4:43pm
255,Lafayette Park,Found,,"38.899537,-77.036549",,,DC,District of Columbia,Cruisy Area,Cruising Areas,checked,1974,,2/24/2020 5:41pm,2/26/2020 4:43pm
290,Last National Bank,Found,"(Some W, SM) (Looks promising)","8.901757,-77.023894",9th & New York Ave NW,,DC,District of Columbia,"(D) - Dancing,(W) - Western or coyboy types",Bars/Clubs,checked,1977,,2/24/2020 5:41pm,2/26/2020 4:44pm
202,Lou's Hide-A-Way,Found,(downstairs below Hickory House),"38.893709,-77.023651 ",9th & Pennsylvania NW,,DC,District of Columbia,"(YC) - Young and/or collegiate types,(*) - Very popular",Bars/Clubs,checked,1970,,2/24/2020 5:41pm,2/26/2020 4:44pm
192,Lou's Hide-A-Way,Found,(downstairs below Hickory House),"38.893709,-77.023651 ",9th & Pennsylvania NW,,DC,District of Columbia,"(YC) - Young and/or collegiate types,(*) - Very popular",Bars/Clubs,checked,1969,,2/24/2020 5:41pm,2/26/2020 4:44pm
221,Lou's Hideaway,Found,(downstairs- below Hickory House),"38.893709,-77.023651 ",9th & Pennsylvania NW,,DC,District of Columbia,"(YC) - Young and/or collegiate types,(*) - Very popular,(D) - Dancing",Bars/Clubs,checked,1972,,2/24/2020 5:41pm,2/26/2020 4:44pm
212,Lou's Hideaway,Found,(downstairs below Hickory House),"38.893709,-77.023651 ",9th & Pennsylvania NW,,DC,District of Columbia,"(YC) - Young and/or collegiate types,(*) - Very popular,(D) - Dancing",Bars/Clubs,checked,1971,,2/24/2020 5:41pm,2/26/2020 4:44pm
201,Louie's ,Found,(weekends-- back bar 9th St. entrance),"38.893709,-77.023651 ",9th & Pennsylvania NW,,DC,District of Columbia,,Bars/Clubs,checked,1970,,2/24/2020 5:41pm,2/26/2020 4:44pm
191,Louie's ,Found,(weekends) (in back bar),"38.893709,-77.023651 ",9th & Pennsylvania NW,,DC,District of Columbia,,Bars/Clubs,checked,1969,,2/24/2020 5:41pm,2/26/2020 4:44pm
275,M.C.C.,Found,,"38.898321,-77.025989",10th & G Sts.,,DC,District of Columbia,M.C.C. - Metropolitan Community Church,Church,checked,1976,,2/24/2020 5:41pm,2/26/2020 4:44pm
259,M.C.C.,Found,,"38.895871,-76.993744",9th & Maryland Ave. N.E.,,DC,District of Columbia,M.C.C. - Metropolitan Community Church,Church,checked,1975,,2/24/2020 5:41pm,2/26/2020 4:45pm
339,M.C.T.,General Coordinates Used,Gay Synagogue (202) 547-4562," 38.907192,-77.036871",,,DC,District of Columbia,,Church,checked,1980,,2/24/2020 5:41pm,2/26/2020 4:46pm
244,Metropolitan Community Church,Found,,"38.895871,-76.993744",9th & Maryland Ave. N.E.,,DC,District of Columbia,,Church,checked,1974,,2/24/2020 5:41pm,2/26/2020 4:46pm
260,Michelangelo,Found,(after hours*),"38.882861,-76.994956",8th & E St SE,,DC,District of Columbia,"(M) - Mixed Crowds - Some Straights,""(C) - Coffee, soft drinks and sometimes snacks"",(D) - Dancing,(*) - Very popular","Restaurant,Bars/Clubs",checked,1975,,2/24/2020 5:41pm,2/26/2020 4:46pm
245,Michelangelo,Found,,"38.882861,-76.994956",8th & E St SE,,DC,District of Columbia,"(M) - Mixed Crowds - Some Straights,""(C) - Coffee, soft drinks and sometimes snacks"",(D) - Dancing,(*) - Very popular","Restaurant,Bars/Clubs",checked,1974,,2/24/2020 5:41pm,2/26/2020 4:46pm
338,Millie's & Lou's,Found,,"38.882861,-76.994956",8th & E Sts. SE,,DC,District of Columbia,"(M) - Mixed Crowds - Some Straights,""(C) - Coffee, soft drinks and sometimes snacks"",(B) - Blacks frequent,(AH) - After Hours,(RT) - 'Raunchy types' - downtown type places - often hustlers,(AYOR) -  At Your Own Risk - Dangerous - Usually Fuzz","Bars/Clubs,Restaurant",checked,1980,,2/24/2020 5:41pm,2/26/2020 4:46pm
323,Millie's & Lou's,Found,,"38.882861,-76.994956",8th & E Sts. SE,,DC,District of Columbia,"(M) - Mixed Crowds - Some Straights,""(C) - Coffee, soft drinks and sometimes snacks"",(B) - Blacks frequent,(AH) - After Hours,(RT) - 'Raunchy types' - downtown type places - often hustlers,(AYOR) -  At Your Own Risk - Dangerous - Usually Fuzz","Bars/Clubs,Restaurant",checked,1979,,2/24/2020 5:41pm,2/26/2020 4:46pm
307,Millie's & Lou's,Found,,"38.882861,-76.994956",8th & E Sts. SE,,DC,District of Columbia,"(M) - Mixed Crowds - Some Straights,""(C) - Coffee, soft drinks and sometimes snacks"",(B) - Blacks frequent,(AH) - After Hours,(RT) - 'Raunchy types' - downtown type places - often hustlers,(AYOR) -  At Your Own Risk - Dangerous - Usually Fuzz","Bars/Clubs,Restaurant",checked,1978,,2/24/2020 5:41pm,2/26/2020 4:46pm
213,Mr. Henry's,Found,,"38.893589,-77.020398",601 Pennsylvania,,DC,District of Columbia,(M) - Mixed Crowds - Some Straights,Bars/Clubs,checked,1971,,2/24/2020 5:41pm,2/26/2020 4:46pm
203,Mr. Henry's,Found,,"38.893589,-77.020398",601 Pennsylvania,,DC,District of Columbia,(M) - Mixed Crowds - Some Straights,Bars/Clubs,checked,1970,,2/24/2020 5:41pm,2/26/2020 4:46pm
193,Mr. Henry's,Found,,"38.893589,-77.020398",601 Pennsylvania,,DC,District of Columbia,(M) - Mixed Crowds - Some Straights,Bars/Clubs,checked,1969,,2/24/2020 5:41pm,2/26/2020 4:46pm
347,National Theatre,Found,(2nd floor T-Room),"38.896339,-77.030517",,,DC,District of Columbia,Cruisy Area,Cruising Areas,checked,1980,,2/24/2020 5:41pm,2/26/2020 4:47pm
331,National Theatre,Found,(2nd floor T-Room),"38.896339,-77.030517",,,DC,District of Columbia,Cruisy Area,Cruising Areas,checked,1979,,2/24/2020 5:41pm,2/26/2020 4:47pm
227,New York Ave. bet. 10th & 13th Sts. N.W. in area of bus depots,Found,,"38.900708,-77.028083",,Pin at NY and 12th,DC,District of Columbia,Cruisy Area,Cruising Areas,checked,1972,,2/24/2020 5:41pm,2/26/2020 4:48pm
256,New York Ave. betw. 10th & 13th Sts. N.W. in area of bus depots,Found,,"38.900708,-77.028083",,Pin at NY and 12th,DC,District of Columbia,Cruisy Area,Cruising Areas,checked,1974,,2/24/2020 5:41pm,2/26/2020 4:48pm
286,New York Ave. between 10th & 13th St. N.W. - in area of bus depots,Found,,"38.900708,-77.028083",,Pin at NY and 12th,DC,District of Columbia,Cruisy Area,Cruising Areas,checked,1976,,2/24/2020 5:41pm,2/26/2020 4:48pm
271,New York Ave. between 10th & 13th St. N.W. - in area of bus depots,Found,,"38.900708,-77.028083",,Pin at NY and 12th,DC,District of Columbia,Cruisy Area,Cruising Areas,checked,1975,,2/24/2020 5:41pm,2/26/2020 4:48pm
348,New York Avenue between 10th & 13th Streets,Found,('Hustlers'),"38.900708,-77.028083",,Pin at NY and 12th,DC,District of Columbia,Cruisy Area,Cruising Areas,checked,1980,,2/24/2020 5:41pm,2/26/2020 4:48pm
332,New York Avenue between 10th & 13th Streets,Found,('Hustlers'),"38.900708,-77.028083",,Pin at NY and 12th,DC,District of Columbia,Cruisy Area,Cruising Areas,checked,1979,,2/24/2020 5:41pm,2/26/2020 4:48pm
316,New York Avenue between 10th & 13th Streets,Found,,"38.900708,-77.028083",,Pin at NY and 12th,DC,District of Columbia,Cruisy Area,Cruising Areas,checked,1978,,2/24/2020 5:41pm,2/26/2020 4:48pm
299,New York Avenue between 10th & 13th Streets,Found,,"38.900708,-77.028083",,Pin at NY and 12th,DC,District of Columbia,Cruisy Area,Cruising Areas,checked,1977,,2/24/2020 5:41pm,2/26/2020 4:48pm
214,Paramount Steak House,Found,,"38.912563,-77.038409",17th & R Sts NW,,DC,District of Columbia,,Restaurant,checked,1971,,2/24/2020 5:41pm,2/26/2020 4:49pm
204,Paramount Steak House,Found,,"38.912563,-77.038409",17th & R Sts NW,,DC,District of Columbia,,Restaurant,checked,1970,,2/24/2020 5:41pm,2/26/2020 4:49pm
194,Paramount Steak House,Found,,"38.912563,-77.038409",17th & R Sts NW,,DC,District of Columbia,,Restaurant,checked,1969,,2/24/2020 5:41pm,2/26/2020 4:49pm
186,Paramount Steak House,Found,,"38.912563,-77.038409",17th & R Sts NW,,DC,District of Columbia,,Restaurant,checked,1968,,2/24/2020 5:41pm,2/26/2020 4:49pm
177,Paramount Steak House,Found,,"38.912563,-77.038409",17th & R Sts NW,,DC,District of Columbia,,Restaurant,checked,1965,,2/24/2020 5:41pm,2/26/2020 4:49pm
308,Pink Elephant,Found,"(Some OC, RT) Harrington Hotel","38.895939,-77.027319",11th & E Streets NW,,DC,District of Columbia,"(M) - Mixed Crowds - Some Straights,(OC) - Older/More Mature Crowd,(RT) - 'Raunchy types' - downtown type places - often hustlers","Bars/Clubs,Hotels",checked,1978,,2/24/2020 5:41pm,2/26/2020 4:50pm
291,Pink Elephant,Found,"(Some OC, RT) Harrington Hotel","38.895939,-77.027319",11th & E Streets NW,,DC,District of Columbia,"(M) - Mixed Crowds - Some Straights,(OC) - Older/More Mature Crowd,(RT) - 'Raunchy types' - downtown type places - often hustlers","Bars/Clubs,Hotels",checked,1977,,2/24/2020 5:41pm,2/26/2020 4:50pm
246,Pink Elephant,Found,Harrington Hotel,"38.895939,-77.027319",11th & E Sts NW,,DC,District of Columbia,(RT) - 'Raunchy types' - downtown type places - often hustlers,"Bars/Clubs,Hotels",checked,1974,,2/24/2020 5:41pm,2/26/2020 4:50pm
234,Pink Elephant,Found,Harrington Hotel,"38.895939,-77.027319",11th & E Sts NW,,DC,District of Columbia,"(B) - Blacks frequent,(RT) - 'Raunchy types' - downtown type places - often hustlers","Bars/Clubs,Hotels",checked,1973,,2/24/2020 5:41pm,2/26/2020 4:50pm
222,Pink Elephant,Found,Harrington Hotel,"38.895939,-77.027319",11th & E Sts NW,,DC,District of Columbia,,"Bars/Clubs,Hotels",checked,1972,,2/24/2020 5:41pm,2/26/2020 4:50pm
215,Pink Elephant,Found,Harrington Hotel,"38.895939,-77.027319",11th & E Sts NW,,DC,District of Columbia,,"Bars/Clubs,Hotels",checked,1971,,2/24/2020 5:41pm,2/26/2020 4:50pm
205,Pink Elephant,Found,Harrington Hotel,"38.895939,-77.027319",11th & E Sts NW,,DC,District of Columbia,"(RT) - 'Raunchy types' - downtown type places - often hustlers,(M) - Mixed Crowds - Some Straights","Bars/Clubs,Hotels",checked,1970,,2/24/2020 5:41pm,2/26/2020 4:50pm
195,Pink Elephant,Found,,"38.895939,-77.027319",11th & E Sts NW,,DC,District of Columbia,"(RT) - 'Raunchy types' - downtown type places - often hustlers,(M) - Mixed Crowds - Some Straights",Bars/Clubs,checked,1969,,2/24/2020 5:41pm,2/26/2020 4:50pm
182,Pink Elephant,Found,,"38.895939,-77.027319",11th & E NW,,DC,District of Columbia,"(M) - Mixed Crowds - Some Straights,(RT) - 'Raunchy types' - downtown type places - often hustlers",Bars/Clubs,checked,1966,,2/24/2020 5:41pm,2/26/2020 4:50pm
178,Pink Elephant,Found,,"38.895939,-77.027319",11th & E NW,,DC,District of Columbia,"(M) - Mixed Crowds - Some Straights,(RT) - 'Raunchy types' - downtown type places - often hustlers",Bars/Clubs,checked,1965,,2/24/2020 5:41pm,2/26/2020 4:50pm
324,Plain Brown Wrapper,Found,"(Books, films, peep shows, liquid, toys, etc.)","38.900232,-77.028799",1210 New York Ave. NW,,DC,District of Columbia,(*) - Very popular,"Book Store,Business",checked,1979,,2/24/2020 5:41pm,2/26/2020 4:50pm
247,Rendezvous Club,Found,,"38.882861,-76.994956",8th & E Sts. SE,,DC,District of Columbia,(S) - Shows - impersonators or record pantomime acts - often touristy,Bars/Clubs,checked,1974,,2/24/2020 5:41pm,2/26/2020 4:50pm
340,Something Different,General Coordinates Used,(Model & escorts) (202)638-3997," 38.907192,-77.036871",,,DC,District of Columbia,,Business,checked,1980,,2/24/2020 5:41pm,2/26/2020 4:50pm
277,Sophisticated Stuff,Found,(Book Store),"38.881268,-76.994975",8th & G Sts. SE,,DC,District of Columbia,,Book Store,checked,1976,,2/24/2020 5:41pm,2/26/2020 4:51pm
301,Springfield & Tyson Corner Mall,Found,," 38.917126,-77.222257",,Pin on Tyson Corner Mall,VA,,Cruisy Area,Cruising Areas,checked,1977,,2/24/2020 5:41pm,2/26/2020 11:57pm
354,Springfield & Tyson Corner Mall,Found,," 38.917126,-77.222257",,Pin on Tyson Corner Mall,VA,,Cruisy Area,Cruising Areas,checked,1977,,2/26/2020 11:55pm,2/26/2020 11:57pm
350,Springfield & Tyson Corner Malls,Found,," 38.917126,-77.222257",,Pin on Tyson Corner Mall,VA,,Cruisy Area,Cruising Areas,checked,1980,,2/24/2020 5:41pm,2/26/2020 11:57pm
342,Springfield & Tyson Corner Malls,Found,," 38.917126,-77.222257",,Pin on Tyson Corner Mall,VA,,Cruisy Area,Cruising Areas,checked,1980,,2/24/2020 5:41pm,2/26/2020 11:57pm
334,Springfield & Tyson Corner Malls,Found,,"38.775031,-77.173506 ",,Pin on Springfield Mall,VA,,Cruisy Area,Cruising Areas,checked,1979,,2/24/2020 5:41pm,2/26/2020 11:57pm
325,Springfield & Tyson Corner Malls,Found,,"38.775031,-77.173506 ",,Pin on Springfield Mall,VA,,Cruisy Area,Cruising Areas,checked,1979,,2/24/2020 5:41pm,2/26/2020 11:57pm
309,Springfield & Tyson Corner Malls,Found,,"38.775031,-77.173506 ",,Pin on Springfield Mall,VA,,Cruisy Area,Cruising Areas,checked,1978,,2/24/2020 5:41pm,2/26/2020 11:57pm
318,Springfield & Tyson Corner Malls,Found,,"38.775031,-77.173506 ",,Pin on Springfield Mall,VA,,Cruisy Area,Cruising Areas,checked,1978,,2/24/2020 5:41pm,2/26/2020 11:57pm
276,Stader Hilton Hotel Bar,Found,,"38.902768,-77.036153 ",16th & K Sts. NW,,DC,District of Columbia,"(M) - Mixed Crowds - Some Straights,(PE) - Pretty elegant - jacket & tie may be required,(OC) - Older/More Mature Crowd","Hotels,Bars/Clubs",checked,1976,,2/24/2020 5:41pm,2/26/2020 4:54pm
261,Statler-Hilton Hotel Bar,Found,,"38.902768,-77.036153 ",16th & K Sts NW,,DC,District of Columbia,"(M) - Mixed Crowds - Some Straights,(PE) - Pretty elegant - jacket & tie may be required","Hotels,Bars/Clubs",checked,1975,,2/24/2020 5:41pm,2/26/2020 4:54pm
248,Statler-Hilton Hotel Bar,Found,,"38.902768,-77.036153 ",16th & K Sts NW,,DC,District of Columbia,"(M) - Mixed Crowds - Some Straights,(PE) - Pretty elegant - jacket & tie may be required","Hotels,Bars/Clubs",checked,1974,,2/24/2020 5:41pm,2/26/2020 4:54pm
235,Statler-Hilton Hotel Bar,Found,,"38.902768,-77.036153 ",16th & K Sts NW,,DC,District of Columbia,"(M) - Mixed Crowds - Some Straights,(PE) - Pretty elegant - jacket & tie may be required","Hotels,Bars/Clubs",checked,1973,,2/24/2020 5:41pm,2/26/2020 4:54pm
223,Statler-Hilton Hotel Bar,Found,,"38.902768,-77.036153 ",16th & K Sts NW,,DC,District of Columbia,"(M) - Mixed Crowds - Some Straights,(PE) - Pretty elegant - jacket & tie may be required","Hotels,Bars/Clubs",checked,1972,,2/24/2020 5:41pm,2/26/2020 4:54pm
216,Statler-Hilton Hotel Bar,Found,,"38.902768,-77.036153 ",16th & K Sts NW,,DC,District of Columbia,"(M) - Mixed Crowds - Some Straights,(PE) - Pretty elegant - jacket & tie may be required","Hotels,Bars/Clubs",checked,1971,,2/24/2020 5:41pm,2/26/2020 4:54pm
206,Statler-Hilton Hotel Bar,Found,,"38.902768,-77.036153 ",16th & K Sts NW,,DC,District of Columbia,"(M) - Mixed Crowds - Some Straights,(PE) - Pretty elegant - jacket & tie may be required","Hotels,Bars/Clubs",checked,1970,,2/24/2020 5:41pm,2/26/2020 4:54pm
196,Statler-Hilton Hotel Bar,Found,,"38.902768,-77.036153 ",16th & K Sts NW,,DC,District of Columbia,"(M) - Mixed Crowds - Some Straights,(PE) - Pretty elegant - jacket & tie may be required","Hotels,Bars/Clubs",checked,1969,,2/24/2020 5:41pm,2/26/2020 4:54pm
187,Statler-Hilton Hotel Bar,Found,,"38.902768,-77.036153 ",16th & K Sts NW,,DC,District of Columbia,"(M) - Mixed Crowds - Some Straights,(PE) - Pretty elegant - jacket & tie may be required","Hotels,Bars/Clubs",checked,1968,,2/24/2020 5:41pm,2/26/2020 4:54pm
183,Statler-Hilton Hotel Bar,Found,,"38.902768,-77.036153 ",16th & K NW,,DC,District of Columbia,"(M) - Mixed Crowds - Some Straights,(PE) - Pretty elegant - jacket & tie may be required","Hotels,Bars/Clubs",checked,1966,,2/24/2020 5:41pm,2/26/2020 4:54pm
179,Statler-Hilton Hotel Bar,Found,,"38.902768,-77.036153 ",16th & R Sts NW,,DC,District of Columbia,"(M) - Mixed Crowds - Some Straights,(PE) - Pretty elegant - jacket & tie may be required","Hotels,Bars/Clubs",checked,1965,,2/24/2020 5:41pm,2/26/2020 4:54pm
217,Steve's,Found,,"38.937022,-77.032704",14th & Spring NW,,DC,District of Columbia,"""(G) - Girls, but seldom exclusively""",Bars/Clubs,checked,1971,,2/24/2020 5:41pm,2/26/2020 4:55pm
207,Steve's,Found,,"38.937022,-77.032704",14th & Spring NW,,DC,District of Columbia,"""(G) - Girls, but seldom exclusively""",Bars/Clubs,checked,1970,,2/24/2020 5:41pm,2/26/2020 4:55pm
197,Steve's,Found,,"38.937022,-77.032704",14th & Spring NW,,DC,District of Columbia,"""(G) - Girls, but seldom exclusively""",Bars/Clubs,checked,1969,,2/24/2020 5:41pm,2/26/2020 4:55pm
188,Steve's,Found,,"38.937022,-77.032704",14th & Spring NW,,DC,District of Columbia,"""(G) - Girls, but seldom exclusively""",Bars/Clubs,checked,1968,,2/24/2020 5:41pm,2/26/2020 4:55pm
184,Steve's,Found,,"38.937022,-77.032704",14th & Spring NW,,DC,District of Columbia,"""(G) - Girls, but seldom exclusively""",Bars/Clubs,checked,1966,,2/24/2020 5:41pm,2/26/2020 4:55pm
180,Steve's,Found,,"38.937022,-77.032704",14th St & Spring NW,,DC,District of Columbia,,Bars/Clubs,checked,1965,,2/24/2020 5:41pm,2/26/2020 4:55pm
341,The Stables,General Coordinates Used,(Escorts) (703)548-0005," 38.907192,-77.036871",,,DC,District of Columbia,,Business,checked,1980,,2/24/2020 5:41pm,2/26/2020 4:55pm
335,The Streets of Georgetown,Found,,"38.904834,-77.062477",,,DC,District of Columbia,Cruisy Area,Cruising Areas,checked,1979,,2/24/2020 5:41pm,2/26/2020 4:55pm
319,The Streets of Georgetown,Found,,"38.904834,-77.062477",,,DC,District of Columbia,Cruisy Area,Cruising Areas,checked,1978,,2/24/2020 5:41pm,2/26/2020 4:55pm
302,The Streets of Georgetown,Found,,"38.904834,-77.062477",,,DC,District of Columbia,Cruisy Area,Cruising Areas,checked,1977,,2/24/2020 5:41pm,2/26/2020 4:55pm
320,Wisconsin Avenue 'Hitch-hikers',Found,,"38.932545,-77.072548",,,DC,District of Columbia,Cruisy Area,Cruising Areas,checked,1978,,2/24/2020 5:41pm,2/26/2020 4:56pm
351,Wisconsin Avenue 'hitch-hikers',Found,,"38.932545,-77.072548",,,DC,District of Columbia,Cruisy Area,Cruising Areas,checked,1980,,2/24/2020 5:41pm,2/26/2020 4:56pm
336,Wisconsin Avenue 'hitch-hikers',Found,,"38.932545,-77.072548",,,DC,District of Columbia,Cruisy Area,Cruising Areas,checked,1979,,2/24/2020 5:41pm,2/26/2020 4:56pm
303,"Wisconsin Avenue ""Hitch-hikers""",Found,,"38.932545,-77.072548",,,DC,District of Columbia,Cruisy Area,Cruising Areas,checked,1977,,2/24/2020 5:41pm,2/26/2020 4:56pm