ID,Title,status,description,streetaddress,lat.lon,city,state,amenityfeatures,type,Year,unclearaddress,uncleartype,notes,dateadded,lastmodified
185,Mesker Park,Found,,," 37.99634,-87.606021",Evansville,IN,Cruisy Area,Cruising Areas,1977,checked,,,2/29/2020 12:30am,2/29/2020 1:05am
392,Mesker Park,Found,,," 37.99634,-87.606021",Evansville,IN,Cruisy Area,Cruising Areas,1973,checked,,,3/2/2020 3:53am,3/2/2020 2:55pm
293,Mesker Park,Found,,," 37.99634,-87.606021",Evansville,IN,Cruisy Area,Cruising Areas,1975,checked,,,2/29/2020 7:46pm,3/2/2020 2:39am
238,Mesker Park,Found,,," 37.99634,-87.606021",Evansville,IN,Cruisy Area,Cruising Areas,1976,checked,,,2/29/2020 7:46pm,3/2/2020 12:42am
15,Mesker Park,Found,,," 37.99634,-87.606021",Evansville,IN,Cruisy Area,Cruising Areas,1980,checked,,,2/21/2020 12:02am,2/21/2020 12:05am
68,Mesker Park,Found,,," 37.99634,-87.606021",Evansville,IN,Cruisy Area,Cruising Areas,1979,checked,,,2/27/2020 2:17am,2/27/2020 3:09am
127,Mesker Park,Found,,," 37.99634,-87.606021",Evansville,IN,Cruisy Area,Cruising Areas,1978,checked,,,2/27/2020 10:33pm,2/27/2020 11:32pm
340,Mesker Park,Found,,," 37.99634,-87.606021",Evansville,IN,Cruisy Area,Cruising Areas,1974,checked,,,3/2/2020 3:53am,3/2/2020 4:22am
391,Main St.,Found,,," 37.971258,-87.571724 ",Evansville,IN,Cruisy Area,Cruising Areas,1973,checked,,,3/2/2020 3:53am,3/2/2020 2:55pm
184,Main Street,Found,,," 37.971258,-87.571724 ",Evansville,IN,Cruisy Area,Cruising Areas,1977,checked,,,2/29/2020 12:30am,2/29/2020 1:05am
67,Main St.,Found,,," 37.971258,-87.571724 ",Evansville,IN,Cruisy Area,Cruising Areas,1979,checked,,,2/27/2020 2:17am,2/27/2020 3:09am
292,Main Street,Found,,," 37.971258,-87.571724 ",Evansville,IN,Cruisy Area,Cruising Areas,1975,checked,,,2/29/2020 7:46pm,3/2/2020 2:39am
339,Main St.,Found,,," 37.971258,-87.571724 ",Evansville,IN,Cruisy Area,Cruising Areas,1974,checked,,,3/2/2020 3:53am,3/2/2020 4:22am
237,Main Street,Found,,," 37.971258,-87.571724 ",Evansville,IN,Cruisy Area,Cruising Areas,1976,checked,,,2/29/2020 7:46pm,3/2/2020 12:42am
14,Main St.,Found,,," 37.971258,-87.571724 ",Evansville,IN,Cruisy Area,Cruising Areas,1980,checked,,,2/21/2020 12:02am,2/21/2020 12:05am
126,Main Street,Found,,," 37.971258,-87.571724 ",Evansville,IN,Cruisy Area,Cruising Areas,1978,checked,,,2/27/2020 10:33pm,2/27/2020 11:32pm
374,Monument Circle,Found,,," 39.76909,-86.158018 ",Indianapolis,IN,Cruisy Area,Cruising Areas,1974,checked,,,3/2/2020 3:53am,3/2/2020 4:22am
159,Monument Circle,Found,(Hustlers) (HOT),," 39.76909,-86.158018 ",Indianapolis,IN,"Cruisy Area,(AYOR),(HOT)",Cruising Areas,1978,checked,,,2/27/2020 10:33pm,3/30/2020 12:53pm
102,Monument Circle,Found,('Hustlers') (HOT),," 39.76909,-86.158018 ",Indianapolis,IN,"Cruisy Area,(AYOR),(HOT)",Cruising Areas,1979,checked,,,2/27/2020 2:18am,3/30/2020 12:52pm
320,Monument Circle,Found,,," 39.76909,-86.158018 ",Indianapolis,IN,Cruisy Area,Cruising Areas,1975,checked,,,3/2/2020 2:31am,3/2/2020 2:39am
269,Monument Circle,Found,,," 39.76909,-86.158018 ",Indianapolis,IN,Cruisy Area,Cruising Areas,1976,checked,,,2/29/2020 7:46pm,3/2/2020 12:42am
423,Monument Circle,Found,,," 39.76909,-86.158018 ",Indianapolis,IN,Cruisy Area,Cruising Areas,1973,checked,,,3/2/2020 2:33pm,3/2/2020 2:55pm
458,Monument Circle,Found,,," 39.76909,-86.158018 ",Indianapolis,IN,Cruisy Area,Cruising Areas,1972,checked,,,3/2/2020 2:33pm,3/2/2020 11:12pm
213,Monument Circle,Found,(hot),," 39.76909,-86.158018 ",Indianapolis,IN,"Cruisy Area,(HOT)",Cruising Areas,1977,checked,,,2/29/2020 12:30am,3/30/2020 12:53pm
628,Linday Bath's,Found,,400 blck Massachusetts ," 39.772771,-86.152154 ",Indianapolis,IN,,Baths,1966,checked,,,3/14/2020 11:28am,3/14/2020 11:41am
655,Linday Bath's,Found,,400 blck Massachusetts ," 39.772771,-86.152154 ",Indianapolis,IN,,Baths,1965,checked,,,3/14/2020 11:42am,3/14/2020 11:51am
623,Tremont Bar,General City Coordinates Used,,8 mi E on U.S. 12," 41.60204,-87.337152 ",Gary,IN,(*),Bars/Clubs,1966,checked,,,3/14/2020 11:28am,3/14/2020 11:51am
648,Tremont Bar,General City Coordinates Used,,8 mi E on U.S. 12," 41.60204,-87.337152 ",Gary,IN,(*),Bars/Clubs,1965,checked,,,3/14/2020 11:42am,3/14/2020 11:51am
444,U.S. 20 'rest stop',General City Coordinates Used,,3 miles E. of Gary," 41.60204,-87.337152 ",Gary,IN,Cruisy Area,Cruising Areas,1972,checked,,,3/2/2020 2:33pm,3/30/2020 12:54pm
597,Tremont Bar,General City Coordinates Used,,8 mi E on U.S. 12," 41.60204,-87.337152 ",Gary,IN,(*),Bars/Clubs,1968,checked,,,3/14/2020 11:15am,3/14/2020 11:51am
563,Tremont Bar,General City Coordinates Used,,8 mi E on U.S. 12," 41.60204,-87.337152 ",Gary,IN,(*),Bars/Clubs,1969,checked,,,3/14/2020 10:53am,3/14/2020 11:13am
75,Pearl St. ,Found,,from Harrison to Ewing," 41.080146,-85.144793",Ft. Wayne,IN,Cruisy Area,Cruising Areas,1979,checked,,,2/27/2020 2:17am,3/30/2020 1:37pm
394,Famous Barr,Found,(Maybe opening 6/72),Main St. at Barr St.," 41.080862,-85.136889 ",Ft. Wayne,IN,,Bars/Clubs,1973,checked,,,3/2/2020 3:53am,3/2/2020 2:55pm
52,North Village Mall,Found,T-Rooms,," 41.729656,-86.25169 ",South Bend,IN,Cruisy Area,Cruising Areas,1980,checked,,,2/21/2020 12:30am,2/21/2020 12:42am
112,North Village Mall,Found,T-rooms,," 41.729656,-86.25169 ",South Bend,IN,Cruisy Area,Cruising Areas,1979,checked,,,2/27/2020 2:18am,2/27/2020 3:09am
186,Sunset Park,Found,,,"37.96045,-87.572026",Evansville,IN,Cruisy Area,Cruising Areas,1977,checked,,,2/29/2020 12:30am,2/29/2020 1:05am
239,Sunset Park,Found,,,"37.96045,-87.572026",Evansville,IN,Cruisy Area,Cruising Areas,1976,checked,,,2/29/2020 7:46pm,3/2/2020 12:42am
294,Sunset Park,Found,,,"37.96045,-87.572026",Evansville,IN,Cruisy Area,Cruising Areas,1975,checked,,,2/29/2020 7:46pm,3/2/2020 2:39am
393,Sunset Park,Found,,,"37.96045,-87.572026",Evansville,IN,Cruisy Area,Cruising Areas,1973,checked,,,3/2/2020 3:53am,3/2/2020 2:55pm
341,Sunset Park,Found,,,"37.96045,-87.572026",Evansville,IN,Cruisy Area,Cruising Areas,1974,checked,,,3/2/2020 3:53am,3/2/2020 4:22am
289,Happy Hour,General City Coordinates Used,,Franklin Street,"37.97991,-87.547691",Evansville,IN,(S),Bars/Clubs,1975,checked,,,2/29/2020 7:46pm,3/2/2020 2:39am
336,Happy Hour,General City Coordinates Used,,Franklin St.,"37.97991,-87.547691",Evansville,IN,(S),Bars/Clubs,1974,checked,,,3/2/2020 3:53am,3/2/2020 4:22am
69,The Levee,General City Coordinates Used,,,"37.958178,-87.571712 ",Evansville,IN,Cruisy Area,Cruising Areas,1979,checked,,,2/27/2020 2:17am,2/27/2020 3:09am
128,The Levee,General City Coordinates Used,,,"37.958178,-87.571712 ",Evansville,IN,Cruisy Area,Cruising Areas,1978,checked,,,2/27/2020 10:33pm,2/27/2020 11:32pm
16,The Levee,General City Coordinates Used,,,"37.958178,-87.571712 ",Evansville,IN,Cruisy Area,Cruising Areas,1980,checked,,,2/21/2020 12:02am,2/21/2020 12:05am
182,Raymon's,General City Coordinates Used,(Inquire Locally),,"37.971559,-87.57109",Evansville,IN,,Bars/Clubs,1977,checked,,,2/29/2020 12:30am,3/14/2020 12:04pm
390,Campus,Found,Evansville St. Univ.,,"37.973317,-87.531864",Evansville,IN,Cruisy Area,Cruising Areas,1973,checked,,,3/2/2020 3:53am,3/2/2020 2:55pm
471,Wooden Indian,General City Coordinates Used,On campus-Inquire locally,,"37.973317,-87.531864",Evansville,IN,(YC),Bars/Clubs,1971,checked,,,3/2/2020 2:33pm,3/13/2020 7:01pm
338,Campus,Found,"Evansville State Univ,",,"37.973317,-87.531864",Evansville,IN,Cruisy Area,Cruising Areas,1974,checked,,,3/2/2020 3:53am,3/2/2020 4:22am
234,Campus ,Found,Evansville State U.,,"37.973317,-87.531864",Evansville,IN,Cruisy Area,"Cruising Areas,Organizations",1976,checked,,,2/29/2020 12:30am,3/13/2020 10:31pm
291,Campus ,Found,Evansville State Univ,,"37.973317,-87.531864",Evansville,IN,Cruisy Area,Cruising Areas,1975,checked,,,2/29/2020 7:46pm,3/2/2020 2:39am
183,Campus ,Found,Evansville State University,,"37.973317,-87.531864",Evansville,IN,Cruisy Area,Cruising Areas,1977,checked,,,2/29/2020 12:30am,2/29/2020 1:05am
13,Studio Art Theatre,Found,,W. Franklin St.,"37.980842,-87.596296",Evansville,IN,,Theatre,1980,checked,,,2/21/2020 12:02am,2/21/2020 12:04am
331,George Rogers Clark Memorial Park,Found,,,"38.677998,-87.536709 (",Vincennes,IN,Cruisy Area,Cruising Areas,1975,checked,,,3/2/2020 2:32am,3/2/2020 2:39am
385,George Rogers Memorial Park,Found,,,"38.677998,-87.536709 (",Vincennes,IN,Cruisy Area,Cruising Areas,1974,checked,,,3/2/2020 3:53am,3/2/2020 4:22am
175,George Rogers Clark Memorial Park,Found,,,"38.677998,-87.536709 (",Vincennes,IN,Cruisy Area,Cruising Areas,1978,checked,,,2/27/2020 10:33pm,2/27/2020 11:32pm
285,George Rogers Clark Memorial Park,Found,,,"38.677998,-87.536709 (",Vincennes,IN,Cruisy Area,Cruising Areas,1976,checked,,,2/29/2020 7:46pm,3/2/2020 12:42am
435,George Rogers Clark Memorial Park,Found,,,"38.677998,-87.536709 (",Vincennes,IN,Cruisy Area,Cruising Areas,1973,checked,,,3/2/2020 2:33pm,3/2/2020 2:55pm
60,George Rogers Clark Memorial Park,Found,,,"38.677998,-87.536709 (",Vincennes,IN,Cruisy Area,Cruising Areas,1980,checked,,,2/21/2020 12:44am,2/21/2020 12:45am
118,George Rogers Clark Memorial Park,Found,,,"38.677998,-87.536709 (",Vincennes,IN,Cruisy Area,Cruising Areas,1979,checked,,,2/27/2020 2:18am,2/27/2020 3:09am
10,Rock Quarries,General City Coordinates Used,'Skinny dipping',,"39.08462,-86.524461",Bloomington,IN,Cruisy Area,Cruising Areas,1980,checked,,,2/20/2020 11:47pm,2/21/2020 12:02am
7,Birthplace of the fabulous Tish,General City Coordinates Used,,,"39.165325,-86.526386 ",Bloomington,IN,"Cruisy Area,(RT)",Cruising Areas,1980,checked,checked,Not sure what type is,2/20/2020 11:47pm,3/13/2020 10:24pm
231,Kirkwood Ave.,Found,,,"39.166542,-86.526378 (",Bloomington,IN,Cruisy Area,Cruising Areas,1976,checked,,,2/29/2020 12:30am,3/2/2020 12:42am
9,Kirkwood Ave,Found,,,"39.166542,-86.526378 (",Bloomington,IN,Cruisy Area,Cruising Areas,1980,checked,,,2/20/2020 11:47pm,2/21/2020 12:02am
64,Kirkwood Ave,Found,,,"39.166542,-86.526378 (",Bloomington,IN,Cruisy Area,Cruising Areas,1979,checked,,,2/27/2020 2:17am,2/27/2020 3:09am
287,Kirkwood Avenue,Found,,,"39.166542,-86.526378 (",Bloomington,IN,Cruisy Area,Cruising Areas,1975,checked,,,2/29/2020 7:46pm,3/2/2020 2:39am
334,Kirkwood Ave.,Found,,,"39.166542,-86.526378 (",Bloomington,IN,Cruisy Area,Cruising Areas,1974,checked,,,3/2/2020 3:53am,3/2/2020 4:22am
180,Kirkwood Ave,Found,,,"39.166542,-86.526378 (",Bloomington,IN,Cruisy Area,Cruising Areas,1977,checked,,,2/27/2020 10:33pm,2/29/2020 1:05am
387,Kirkwood Ave,Found,,,"39.166542,-86.526378 (",Bloomington,IN,Cruisy Area,Cruising Areas,1973,checked,,,3/2/2020 3:53am,3/2/2020 2:55pm
123,Kirkwood Ave.,Found,,,"39.166542,-86.526378 (",Bloomington,IN,Cruisy Area,Cruising Areas,1978,checked,,,2/27/2020 10:33pm,2/27/2020 11:32pm
63,Block around Monroe Public Library,Found,,,"39.166705,-86.53048",Bloomington,IN,Cruisy Area,Cruising Areas,1979,checked,,,2/27/2020 2:17am,2/27/2020 3:09am
179,Block around Monroe Public Library,Found,,,"39.166705,-86.53048",Bloomington,IN,Cruisy Area,Cruising Areas,1977,checked,,,2/27/2020 10:33pm,2/29/2020 1:05am
8,Block,Found,around Monroe Public Library,,"39.166705,-86.53048",Bloomington,IN,Cruisy Area,Cruising Areas,1980,checked,,,2/20/2020 11:47pm,2/21/2020 12:02am
122,Block around Monroe Public Library,Found,,,"39.166705,-86.53048",Bloomington,IN,Cruisy Area,Cruising Areas,1978,checked,,,2/27/2020 10:33pm,2/27/2020 11:32pm
335,Student Union,Found,Indiana Univ.,,"39.167703,-86.523707",Bloomington,IN,Cruisy Area,"Cruising Areas,Organizations",1974,checked,,,3/2/2020 3:53am,3/13/2020 10:33pm
232,Student Union,Found,Indiana U.,,"39.167703,-86.523707",Bloomington,IN,Cruisy Area,"Cruising Areas,Organizations",1976,checked,,,2/29/2020 12:30am,3/13/2020 10:31pm
124,U. of Indiana,Found,Student Union Bldg-T-Rooms,,"39.167703,-86.523707",Bloomington,IN,Cruisy Area,"Cruising Areas,Organizations",1978,checked,,,2/27/2020 10:33pm,3/13/2020 10:27pm
181,Student Union Bldg.,Found,University of Indiana,,"39.167703,-86.523707",Bloomington,IN,Cruisy Area,"Cruising Areas,Organizations",1977,checked,,,2/27/2020 10:33pm,3/13/2020 10:29pm
65,U. of Indiana,Found,Student Union Bldg-T-Rooms,,"39.167703,-86.523707",Bloomington,IN,Cruisy Area,"Cruising Areas,Organizations",1979,checked,,,2/27/2020 2:17am,3/13/2020 10:25pm
11,U. of Indiana,Found,Student Union Bldg. T-Rooms,,"39.167703,-86.523707",Bloomington,IN,Cruisy Area,"Cruising Areas,Organizations",1980,checked,,,2/20/2020 11:47pm,3/13/2020 10:24pm
388,Student Union,Found,Indiana Univ.,,"39.167703,-86.523707",Bloomington,IN,Cruisy Area,"Cruising Areas,Organizations",1973,checked,,,3/2/2020 3:53am,3/13/2020 10:34pm
288,"Student Union, Indiana U.",Found,,,"39.167703,-86.523707",Bloomington,IN,Cruisy Area,"Cruising Areas,Organizations",1975,checked,,,2/29/2020 7:46pm,3/13/2020 10:32pm
5,Library Adult Books,Found,,7th & Washington,"39.168617,-86.532227 ",Bloomington,IN,,Book Store,1980,checked,,,2/20/2020 11:47pm,2/21/2020 12:02am
4,Hour House,Found,(Open 24 hrs),,"39.169164,-86.533952",Bloomington,IN,"(M),(R)",Restaurant,1980,checked,,,2/20/2020 11:47pm,3/14/2020 12:38pm
3,Doc Johnson,Found,('Books n things),14th & College,"39.175964,-86.534754 ",Bloomington,IN,(M),Book Store,1980,checked,,,2/20/2020 11:47pm,3/14/2020 12:38pm
119,Woodside Road Park,General City Coordinates Used,,10 mi. S. on Hwy 41,"39.466703,-87.413909 (",Terre Haute,IN,Cruisy Area,Cruising Areas,1979,checked,,,2/27/2020 3:06am,3/30/2020 12:52pm
58,Woodside Road Park,General City Coordinates Used,,10 mi. S. on Hwy 41,"39.466703,-87.413909 (",Terre Haute,IN,Cruisy Area,Cruising Areas,1980,checked,,,2/21/2020 12:30am,3/30/2020 12:51pm
438,Farmer's Inn,General City Coordinates Used,,R.R.2,"39.523652,-87.125015 ",Brazil,IN,(M),Hotels,1972,checked,,,3/2/2020 2:33pm,3/2/2020 11:12pm
152,Airport,General City Coordinates Used,(HOT),,"39.736523,-86.272208 ",Indianapolis,IN,"Cruisy Area,(AYOR),(HOT)",Cruising Areas,1978,checked,,,2/27/2020 10:33pm,3/30/2020 12:52pm
369,Airport,General City Coordinates Used,,,"39.736523,-86.272208 ",Indianapolis,IN,Cruisy Area,Cruising Areas,1974,checked,,,3/2/2020 3:53am,3/2/2020 4:22am
95,Airport,General City Coordinates Used,(HOT),,"39.736523,-86.272208 ",Indianapolis,IN,"Cruisy Area,(AYOR),(HOT)",Cruising Areas,1979,checked,,,2/27/2020 2:18am,3/30/2020 12:52pm
264,Airport,General City Coordinates Used,,,"39.736523,-86.272208 ",Indianapolis,IN,Cruisy Area,Cruising Areas,1976,checked,,,2/29/2020 7:46pm,3/2/2020 12:42am
207,Airport,General City Coordinates Used,,,"39.736523,-86.272208 ",Indianapolis,IN,Cruisy Area,Cruising Areas,1977,checked,,,2/29/2020 12:30am,2/29/2020 1:05am
38,Airport,General City Coordinates Used,,,"39.736523,-86.272208 ",Indianapolis,IN,"(AYOR),Cruisy Area",Cruising Areas,1980,checked,,,2/21/2020 12:13am,2/21/2020 12:30am
316,Airport,General City Coordinates Used,,,"39.736523,-86.272208 ",Indianapolis,IN,Cruisy Area,Cruising Areas,1975,checked,,,2/29/2020 7:46pm,3/2/2020 2:39am
480,Darlo's,Found,,417 (?) or 508 S. Alabama,"39.759868,-86.153534 ",Indianapolis,IN,"(YC),(D)",Bars/Clubs,1971,checked,,,3/2/2020 2:33pm,3/13/2020 7:01pm
405,Club Indianapolis,General City Coordinates Used,May be opening summer of '720Inquire Locally,,"39.768403,-86.158068",Indianapolis,IN,,Baths,1973,checked,,,3/2/2020 2:33pm,3/2/2020 2:55pm
420,Fox Theatre,Found,,240 N. Illinois Street,"39.770618,-86.160035",Indianapolis,IN,Cruisy Area,"Cruising Areas,Theatre",1973,checked,,,3/2/2020 2:33pm,3/13/2020 10:34pm
318,Fox Theatre,Found,,240 N. Illinois Street,"39.770618,-86.160035",Indianapolis,IN,Cruisy Area,"Cruising Areas,Theatre",1975,checked,,,2/29/2020 7:46pm,3/13/2020 10:33pm
266,Fox Theatre,Found,,240 N. Illinois Street,"39.770618,-86.160035",Indianapolis,IN,Cruisy Area,"Cruising Areas,Theatre",1976,checked,,,2/29/2020 7:46pm,3/13/2020 10:31pm
98,Fox Theatre,Found,(HOT),240 N. Illinois Street,"39.770618,-86.160035",Indianapolis,IN,"Cruisy Area,(AYOR),(HOT)","Cruising Areas,Theatre",1979,checked,,,2/27/2020 2:18am,3/30/2020 12:52pm
371,Fox Theatre,Found,,240 N. Illinois Street,"39.770618,-86.160035",Indianapolis,IN,Cruisy Area,"Cruising Areas,Theatre",1974,checked,,,3/2/2020 3:53am,3/13/2020 10:33pm
209,Fox Theatre,Found,,240 N. Illinois Street,"39.770618,-86.160035",Indianapolis,IN,Cruisy Area,"Cruising Areas,Theatre",1977,checked,,,2/29/2020 12:30am,3/13/2020 10:30pm
155,Fox Theatre,Found,(HOT),240 N. Illinois Street,"39.770618,-86.160035",Indianapolis,IN,"Cruisy Area,(AYOR),(HOT)","Cruising Areas,Theatre",1978,checked,,,2/27/2020 10:33pm,3/30/2020 12:52pm
656,Ponderosa,General City Coordinates Used,,Washington St,"39.771523,-86.056174 ",Indianapolis,IN,,Bars/Clubs,1965,checked,,,3/14/2020 11:42am,3/14/2020 11:51am
645,Ponderosa,General City Coordinates Used,,Washington St,"39.771523,-86.056174 ",Indianapolis,IN,,Bars/Clubs,1966,checked,,,3/14/2020 11:38am,3/14/2020 11:41am
459,University Park,Found,,,"39.771979,-86.157012",Indianapolis,IN,Cruisy Area,Cruising Areas,1972,checked,,,3/2/2020 2:33pm,3/2/2020 11:12pm
418,American Legion Park,Found,,,"39.777298,-86.156793",Indianapolis,IN,Cruisy Area,Cruising Areas,1973,checked,,,3/2/2020 2:33pm,3/2/2020 2:55pm
153,American Legion Park,Found,(HOT),,"39.777298,-86.156793",Indianapolis,IN,"Cruisy Area,(AYOR),(HOT)",Cruising Areas,1978,checked,,,2/27/2020 10:33pm,3/30/2020 12:52pm
317,American Legion Park,Found,,,"39.777298,-86.156793",Indianapolis,IN,Cruisy Area,Cruising Areas,1975,checked,,,2/29/2020 7:46pm,3/2/2020 2:39am
265,American Legion Park,Found,,,"39.777298,-86.156793",Indianapolis,IN,Cruisy Area,Cruising Areas,1976,checked,,,2/29/2020 7:46pm,3/2/2020 12:42am
39,American Legion Park,Found,,,"39.777298,-86.156793",Indianapolis,IN,"(AYOR),Cruisy Area",Cruising Areas,1980,checked,,,2/21/2020 12:13am,2/21/2020 12:30am
96,American Legion Park,Found,(HOT),,"39.777298,-86.156793",Indianapolis,IN,"Cruisy Area,(AYOR),(HOT)",Cruising Areas,1979,checked,,,2/27/2020 2:18am,3/30/2020 12:52pm
370,American Legion Park,Found,,,"39.777298,-86.156793",Indianapolis,IN,Cruisy Area,Cruising Areas,1974,checked,,,3/2/2020 3:53am,3/2/2020 4:22am
208,American Legion Park,Found,,,"39.777298,-86.156793",Indianapolis,IN,Cruisy Area,Cruising Areas,1977,checked,,,2/29/2020 12:30am,2/29/2020 1:05am
212,Indianapolis Public library ,Found,Surrounding Block-especially in back,,"39.778168,-86.156761",Indianapolis,IN,Cruisy Area,"Cruising Areas,Organizations",1977,checked,,,2/29/2020 12:30am,3/13/2020 10:30pm
101,Indianapolis Public Library,Found,,v,"39.778168,-86.156761",Indianapolis,IN,"Cruisy Area,(AYOR)","Cruising Areas,Organizations",1979,checked,,,2/27/2020 2:18am,3/30/2020 1:37pm
158,Indianapolis Public Library,Found,surrounding block-especially in back (HOT),,"39.778168,-86.156761",Indianapolis,IN,"Cruisy Area,(AYOR)","Cruising Areas,Organizations",1978,checked,,,2/27/2020 10:33pm,3/13/2020 10:28pm
357,Dobbs House,Found,(after hours),9th & Pennsylvania,"39.778985,-86.155819",Indianapolis,IN,"(M),(R),(C),(AH)",Restaurant,1974,checked,,,3/2/2020 3:53am,3/2/2020 4:22am
306,Dobbs House,Found,(HOT),9th & Pennsylvania,"39.778985,-86.155819",Indianapolis,IN,"(M),(R),(C),(AH),(HOT)",Restaurant,1975,checked,,,2/29/2020 7:46pm,3/30/2020 1:37pm
408,Dobb's House,Found,(after hours),6th & Pennsylvania,"39.778985,-86.155819",Indianapolis,IN,"(M),(R),(C)",Bars/Clubs,1973,checked,,,3/2/2020 2:33pm,3/2/2020 2:55pm
91,Steak 'n' Eggs,Found,(HOT),9th & Pennsylvania ,"39.779174,-86.155812",Indianapolis,IN,"(M),(R),(AH),(HOT)",Restaurant,1979,checked,,,2/27/2020 2:18am,3/30/2020 12:52pm
204,Steak 'n' Eggs,Found,(Hot),9th & Pennsylvania,"39.779174,-86.155812",Indianapolis,IN,"(M),(R),(C),(AH),(HOT)",Restaurant,1977,checked,,,2/29/2020 12:30am,3/30/2020 12:53pm
261,Steak 'n' Egg,Found,(HOT),9th & Pennsylvania ,"39.779174,-86.155812",Indianapolis,IN,"(M),(R),(C),(AH),(HOT)",Restaurant,1976,checked,,,2/29/2020 7:46pm,3/30/2020 1:37pm
149,Steak 'n' eggs,Found,(HOT),9th & Pennsylvania,"39.779174,-86.155812",Indianapolis,IN,"(M),(R),(AH),(HOT)",Restaurant,1978,checked,,,2/27/2020 10:33pm,3/30/2020 12:52pm
321,'Rest Area',General City Coordinates Used,,3 mi. N.F. on U.S 40,"39.795601,-85.526363 ",Knightstown,IN,Cruisy Area,Cruising Areas,1975,checked,,,3/2/2020 2:31am,3/30/2020 12:53pm
214,'Rest Stop',General City Coordinates Used,,3 miles N.E. on U.S 40,"39.795601,-85.526363 ",Knightstown,IN,Cruisy Area,Cruising Areas,1977,checked,,,2/29/2020 12:30am,3/30/2020 12:53pm
375,Rest area,General City Coordinates Used,,3 mi N.E. on US 40,"39.795601,-85.526363 ",Knightstown,IN,Cruisy Area,Cruising Areas,1974,checked,,,3/2/2020 3:53am,3/30/2020 12:54pm
160,'Rest Stop',General City Coordinates Used,,3 mi. N.E. on US 40,"39.795601,-85.526363 ",Knightstown,IN,Cruisy Area,Cruising Areas,1978,checked,,,2/27/2020 10:33pm,3/30/2020 12:53pm
42,'Rest Stop',General City Coordinates Used,,3 mi. N.E on US 40,"39.795601,-85.526363 ",Knightstown,IN,Cruisy Area,Cruising Areas,1980,checked,,,2/21/2020 12:30am,3/30/2020 12:51pm
270,'Rest Area',General City Coordinates Used,,3 mi. N.E. on U.S. 40,"39.795601,-85.526363 ",Knightstown,IN,Cruisy Area,Cruising Areas,1976,checked,,,2/29/2020 7:46pm,3/30/2020 12:53pm
424,Rest area,General City Coordinates Used,,3 mi. N.E. on U.S. 40,"39.795601,-85.526363 ",Knightstown,IN,Cruisy Area,Cruising Areas,1973,checked,,,3/2/2020 2:33pm,3/30/2020 12:54pm
419,End of Fall Creek Blvd.,General City Coordinates Used,,,"39.798338,-86.170411 ",Indianapolis,IN,Cruisy Area,Cruising Areas,1973,checked,,,3/2/2020 2:33pm,3/2/2020 2:55pm
454,Knife & Fork,General City Coordinates Used,(after hours),Illinois Ave.,"39.813747,-86.159094",Indianapolis,IN,"(M),(R),(C)",Restaurant,1972,checked,,,3/2/2020 2:33pm,3/2/2020 11:12pm
40,Fall Creek Parkway,General City Coordinates Used,,from 56th to Interstate,"39.813767,-86.143671",Indianapolis,IN,"(AYOR),Cruisy Area",Cruising Areas,1980,checked,,,2/21/2020 12:13am,3/30/2020 1:36pm
97,Fall Creek Parkway,General City Coordinates Used,,from 56th to Interstate (HOT),"39.813767,-86.143671",Indianapolis,IN,"Cruisy Area,(AYOR)",Cruising Areas,1979,checked,,,2/27/2020 2:18am,3/30/2020 1:37pm
154,Fall Creek Parkway,General City Coordinates Used,,from  56th to Interstate (HOT),"39.813767,-86.143671",Indianapolis,IN,"Cruisy Area,(AYOR)",Cruising Areas,1978,checked,,,2/27/2020 10:33pm,3/30/2020 12:52pm
156,Glendale Shopping Center,Found,(HOT),,"39.866162,-86.119534",Indianapolis,IN,"Cruisy Area,(AYOR),(HOT)",Cruising Areas,1978,checked,,,2/27/2020 10:33pm,3/30/2020 12:52pm
99,Glendale Shopping Center,Found,(HOT),,"39.866162,-86.119534",Indianapolis,IN,"Cruisy Area,(AYOR),(HOT)",Cruising Areas,1979,checked,,,2/27/2020 2:18am,3/30/2020 12:52pm
372,Glendale Shopping Center,Found,,,"39.866162,-86.119534",Indianapolis,IN,Cruisy Area,Cruising Areas,1974,checked,,,3/2/2020 3:53am,3/2/2020 4:22am
235,Glendale Shopping Center,Found,,,"39.866162,-86.119534",Indianapolis,IN,Cruisy Area,Cruising Areas,1975,checked,,,2/29/2020 12:30am,3/2/2020 2:39am
267,Glendale Shopping Center,Found,,,"39.866162,-86.119534",Indianapolis,IN,Cruisy Area,Cruising Areas,1976,checked,,,2/29/2020 7:46pm,3/2/2020 12:42am
421,Glendale Shopping Center,Found,,62nd & Keystone,"39.866162,-86.119534",Indianapolis,IN,Cruisy Area,Cruising Areas,1973,checked,,,3/2/2020 2:33pm,3/30/2020 12:54pm
210,Glendale Shopping Center,Found,,,"39.866162,-86.119534",Indianapolis,IN,Cruisy Area,Cruising Areas,1977,checked,,,2/29/2020 12:30am,2/29/2020 1:05am
373,Holiday Park,Found,,,"39.870893,-86.163494 ",Indianapolis,IN,Cruisy Area,Cruising Areas,1974,checked,,,3/2/2020 3:53am,3/2/2020 4:22am
157,Holiday Park,Found,(HOT),,"39.870893,-86.163494 ",Indianapolis,IN,"Cruisy Area,(AYOR),(HOT)",Cruising Areas,1978,checked,,,2/27/2020 10:33pm,3/30/2020 12:52pm
457,Holiday Park,Found,,64th & Spring Mill Rd.,"39.870893,-86.163494 ",Indianapolis,IN,Cruisy Area,Cruising Areas,1972,checked,,,3/2/2020 2:33pm,3/30/2020 12:54pm
319,Holiday Park,Found,,,"39.870893,-86.163494 ",Indianapolis,IN,Cruisy Area,Cruising Areas,1975,checked,,,3/2/2020 2:31am,3/2/2020 2:39am
211,Holiday Park,Found,,,"39.870893,-86.163494 ",Indianapolis,IN,Cruisy Area,Cruising Areas,1977,checked,,,2/29/2020 12:30am,2/29/2020 1:05am
422,Holiday Park,Found,,64th & Spring Mill Rd.,"39.870893,-86.163494 ",Indianapolis,IN,Cruisy Area,Cruising Areas,1973,checked,,,3/2/2020 2:33pm,3/30/2020 12:54pm
41,Holiday Park,Found,,,"39.870893,-86.163494 ",Indianapolis,IN,"(AYOR),Cruisy Area",Cruising Areas,1980,checked,,,2/21/2020 12:13am,2/21/2020 12:30am
268,Holiday Park,Found,,,"39.870893,-86.163494 ",Indianapolis,IN,Cruisy Area,Cruising Areas,1976,checked,,,2/29/2020 7:46pm,3/2/2020 12:42am
100,Holiday Park,Found,(HOT),,"39.870893,-86.163494 ",Indianapolis,IN,"Cruisy Area,(AYOR),(HOT)",Cruising Areas,1979,checked,,,2/27/2020 2:18am,3/30/2020 12:52pm
107,'Rest Stop',General City Coordinates Used,,"10 mi. S. on Ind. 36, just off Ind.3","40.193377,-85.38636",Muncie,IN,Cruisy Area,Cruising Areas,1979,checked,,,2/27/2020 2:18am,3/30/2020 12:52pm
380,Rest area,General City Coordinates Used,,"10 mi. S. on Ind. 36, just off Ind. 3","40.193377,-85.38636",Muncie,IN,Cruisy Area,Cruising Areas,1974,checked,,,3/2/2020 3:53am,3/30/2020 12:54pm
220,'Rest Stop',General City Coordinates Used,,"10 miles south on Indiana 36, just off Indiana 3","40.193377,-85.38636",Muncie,IN,Cruisy Area,Cruising Areas,1977,checked,,,2/29/2020 12:30am,3/30/2020 12:53pm
166,'Rest Stop',General City Coordinates Used,,"10 mi. So. on Ind.36, just off Ind. 3. ","40.193377,-85.38636",Muncie,IN,Cruisy Area,Cruising Areas,1978,checked,,,2/27/2020 10:33pm,3/30/2020 12:53pm
429,Rest area,General City Coordinates Used,,"10 mi. S. on Ind. 36, just off Ind. 3","40.193377,-85.38636",Muncie,IN,Cruisy Area,Cruising Areas,1973,checked,,,3/2/2020 2:33pm,3/30/2020 12:54pm
326,Rest Area,General City Coordinates Used,,"10 mi. S. on Ind. 36, just off Ind.3","40.193377,-85.38636",Muncie,IN,Cruisy Area,Cruising Areas,1975,checked,,,3/2/2020 2:31am,3/30/2020 12:53pm
278,'Rest Area',General City Coordinates Used,,"10 mi. S. on Ind. 36, just off Ind. 3","40.193377,-85.38636",Muncie,IN,Cruisy Area,Cruising Areas,1976,checked,,,2/29/2020 7:46pm,3/30/2020 12:53pm
46,'Rest Stop',General City Coordinates Used,,"10 mi. S. on Ind. 36, just off Ind. 3","40.193377,-85.38636",Muncie,IN,Cruisy Area,Cruising Areas,1980,checked,,,2/21/2020 12:30am,3/30/2020 12:51pm
428,Mark III,Found,,100 block S. Walnut St.,"40.193411,-85.386308",Muncie,IN,(*),Bars/Clubs,1973,checked,,,3/2/2020 2:33pm,3/2/2020 2:55pm
462,Mark III,Found,,"100 block, S. Walnut St.","40.193411,-85.386308",Muncie,IN,(*),Bars/Clubs,1972,checked,,,3/2/2020 2:33pm,3/2/2020 11:12pm
274,'Rest Stop',General City Coordinates Used,,3 mi. N. on Ind. 43,"40.416702,-86.875287",Lafayette,IN,Cruisy Area,Cruising Areas,1976,checked,,,2/29/2020 7:46pm,3/30/2020 12:53pm
322,Rest Area,General City Coordinates Used,,3 mi N. on Ind. 43,"40.416702,-86.875287",Lafayette,IN,Cruisy Area,Cruising Areas,1975,checked,,,3/2/2020 2:31am,3/30/2020 12:53pm
376,Rest area,General City Coordinates Used,,3 mi N. on Ind. 43,"40.416702,-86.875287",Lafayette,IN,Cruisy Area,Cruising Areas,1974,checked,,,3/2/2020 3:53am,3/30/2020 12:54pm
425,Rest area,General City Coordinates Used,,3 mi N. on Ind. 43,"40.416702,-86.875287",Lafayette,IN,Cruisy Area,Cruising Areas,1973,checked,,,3/2/2020 2:33pm,3/30/2020 12:54pm
271,Gay 90's,General City Coordinates Used,,Inquire Locally,"40.486427,-86.133603",Kokomo,IN,,Bars/Clubs,1976,checked,,,2/29/2020 7:46pm,3/30/2020 12:53pm
215,Gay 90's ,General City Coordinates Used,,Inquire Locally,"40.486427,-86.133603",Kokomo,IN,,Bars/Clubs,1977,checked,,,2/29/2020 12:30am,3/30/2020 12:53pm
273,Knickerbocker,Found,(W. Lafayette),5th between Main & Columbia,"41.8287,-86.891687",Lafayette,IN,"(M),(YC)",Bars/Clubs,1976,checked,,,2/29/2020 7:46pm,3/2/2020 12:42am
217,Knickerbocker,Found,,5th street between Main & Columbia (W. Lafayette,"41.8287,-86.891687",Lafayette,IN,"(M),(YC)",Bars/Clubs,1977,checked,,,2/29/2020 12:30am,3/30/2020 12:53pm
103,Knickerbocker,Found,,5th St. Betw. Main & Columbia (W. Lafayette),"41.8287,-86.891687",Lafayette,IN,"(M),(YC)",Bars/Clubs,1979,checked,,,2/27/2020 2:18am,3/30/2020 12:52pm
161,Knickerbocker ,Found,,5th betw. Main & Columbia (W. Lafayette),"41.18287,-86.891687",Lafayette,IN,"(M),(YC)",Bars/Clubs,1978,checked,,,2/27/2020 10:33pm,3/30/2020 12:53pm
190,Webster Street between Pearl & Berry,General City Coordinates Used,,,"41.055103,-85.139957 ",Ft. Wayne,IN,Cruisy Area,Cruising Areas,1977,checked,,,2/29/2020 12:30am,2/29/2020 1:05am
298,Webster St.,General City Coordinates Used,between Pearl & Berry,,"41.055103,-85.139957 ",Ft. Wayne,IN,Cruisy Area,Cruising Areas,1975,checked,,,2/29/2020 7:46pm,3/2/2020 2:39am
399,Webster St. bet. Pearl & Berry,General City Coordinates Used,,,"41.055103,-85.139957 ",Ft. Wayne,IN,Cruisy Area,Cruising Areas,1973,checked,,,3/2/2020 2:33pm,3/2/2020 2:55pm
347,Webster St.,General City Coordinates Used,,betw. Pearl & Berry,"41.055103,-85.139957 ",Ft. Wayne,IN,Cruisy Area,Cruising Areas,1974,checked,,,3/2/2020 3:53am,3/30/2020 12:54pm
243,"Webster St., betw. Pearl & Berry",General City Coordinates Used,,,"41.055103,-85.139957 ",Ft. Wayne,IN,Cruisy Area,Cruising Areas,1976,checked,,,2/29/2020 7:46pm,3/2/2020 12:42am
135,Swinny Oark,Found,(Days),,"41.074159,-85.162008 ",Ft. Wayne,IN,Cruisy Area,Cruising Areas,1978,checked,,,2/27/2020 10:33pm,2/27/2020 11:32pm
76,Swinney Park,Found,(Days),,"41.074159,-85.162008 ",Ft. Wayne,IN,Cruisy Area,Cruising Areas,1979,checked,,,2/27/2020 2:17am,2/27/2020 3:09am
133,'Homo Heights',General City Coordinates Used,,"W. Wayne St, nr. Webster","41.077059,-85.147022",Ft. Wayne,IN,Cruisy Area,Cruising Areas,1978,checked,,,2/27/2020 10:33pm,3/30/2020 12:52pm
134,Pearl & Berry Sts.,General City Coordinates Used,,,"41.078611,-85.141974 (",Ft. Wayne,IN,Cruisy Area,Cruising Areas,1978,checked,,,2/27/2020 10:33pm,2/27/2020 11:32pm
297,Main Street,Found,,,"41.078663,-85.156802",Ft. Wayne,IN,Cruisy Area,Cruising Areas,1975,checked,,,2/29/2020 7:46pm,3/2/2020 2:39am
131,M.C.C.,General City Coordinates Used,,W. Main St.,"41.078663,-85.156802",Ft. Wayne,IN,,Church,1978,checked,,,2/27/2020 10:33pm,2/27/2020 11:32pm
189,Main Street,Found,,,"41.078663,-85.156802",Ft. Wayne,IN,Cruisy Area,Cruising Areas,1977,checked,,,2/29/2020 12:30am,2/29/2020 1:05am
398,Main Street,Found,,,"41.078663,-85.156802",Ft. Wayne,IN,Cruisy Area,Cruising Areas,1973,checked,,,3/2/2020 3:53am,3/2/2020 2:55pm
346,Main St.,Found,,,"41.078663,-85.156802",Ft. Wayne,IN,Cruisy Area,Cruising Areas,1974,checked,,,3/2/2020 3:53am,3/2/2020 4:22am
242,Main Street,Found,,,"41.078663,-85.156802",Ft. Wayne,IN,Cruisy Area,Cruising Areas,1976,checked,,,2/29/2020 7:46pm,3/2/2020 12:42am
467,U.S. Hwy. 30 'rest stop',General City Coordinates Used,,2 miles W. of Valparaiso,"41.473095,-87.061141 ",Valparaiso,IN,Cruisy Area,Cruising Areas,1972,checked,,,3/2/2020 2:33pm,3/30/2020 12:54pm
330,Rest Area,General City Coordinates Used,,2 mi on W. on U.S. 30,"41.473095,-87.061141 ",Valparaiso,IN,Cruisy Area,Cruising Areas,1975,checked,,,3/2/2020 2:31am,3/30/2020 12:53pm
284,'Rest area',General City Coordinates Used,,2 mi. W. on U.S. 30,"41.473095,-87.061141 ",Valparaiso,IN,Cruisy Area,Cruising Areas,1976,checked,,,2/29/2020 7:46pm,3/30/2020 12:53pm
434,'Rest stop',General City Coordinates Used,,2 mi. W.  on U.S. Hwy. 30,"41.473095,-87.061141 ",Valparaiso,IN,Cruisy Area,Cruising Areas,1973,checked,,,3/2/2020 2:33pm,3/30/2020 12:54pm
384,Rest stop ,General City Coordinates Used,,2 mi. W. on US Hwy. 30,"41.473095,-87.061141 ",Valparaiso,IN,Cruisy Area,Cruising Areas,1974,checked,,,3/2/2020 3:53am,3/30/2020 12:54pm
244,West section of Marquette Park & Miller's Beach,Found,,,"41.616667,-87.261111 ",Gary,IN,Cruisy Area,Cruising Areas,1976,checked,,,2/29/2020 7:46pm,3/2/2020 12:42am
191,West section of Marquette Park & Miller beach,Found,,,"41.616667,-87.261111 ",Gary,IN,Cruisy Area,Cruising Areas,1977,checked,,,2/29/2020 12:30am,2/29/2020 1:05am
77,W. section ,Found,,of Marquette Park & Miller Beach,"41.616667,-87.261111 ",Gary,IN,Cruisy Area,Cruising Areas,1979,checked,,,2/27/2020 2:17am,3/30/2020 1:37pm
136,W. Section of Marquette Park & Miller Beach,Found,,,"41.616667,-87.261111 ",Gary,IN,Cruisy Area,Cruising Areas,1978,checked,,,2/27/2020 10:33pm,2/27/2020 11:32pm
400,West section of Marquette Pk. & Millers Beach,Found,,,"41.616667,-87.261111 ",Gary,IN,Cruisy Area,Cruising Areas,1973,checked,,,3/2/2020 2:33pm,3/2/2020 2:55pm
443,Marquette Park & Millers Beach,Found,,,"41.616667,-87.261111 ",Gary,IN,Cruisy Area,Cruising Areas,1972,checked,,,3/2/2020 2:33pm,3/2/2020 11:12pm
348,West Section of Marquette Park & Millers Beach,Found,,,"41.616667,-87.261111 ",Gary,IN,Cruisy Area,Cruising Areas,1974,checked,,,3/2/2020 3:53am,3/2/2020 4:22am
299,West section of Marquette Park & Millers Beach,Found,,,"41.616667,-87.261111 ",Gary,IN,Cruisy Area,Cruising Areas,1975,checked,,,2/29/2020 7:46pm,3/2/2020 2:39am
115,Scottsdale Shopping Center,Found,T-Rooms,,"41.626909,-86.23013 ",South Bend,IN,Cruisy Area,Cruising Areas,1979,checked,,,2/27/2020 2:18am,2/27/2020 3:09am
55,Scottsdale Shopping Center,Found,T-Rooms,,"41.626909,-86.23013 ",South Bend,IN,Cruisy Area,Cruising Areas,1980,checked,,,2/21/2020 12:30am,2/21/2020 12:42am
51,Adult Book Stores,General City Coordinates Used,,County Line Rd. at US 20 & US 20 at Osceola,"41.665049,-86.075836",South Bend,IN,Cruisy Area,"Cruising Areas,Book Store",1980,checked,,,2/21/2020 12:30am,3/30/2020 12:51pm
111,Adult Book Stores,General City Coordinates Used,,County Line Rd. at US 20 & US 20 at Osceola,"41.665049,-86.075836",South Bend,IN,Cruisy Area,"Book Store,Cruising Areas",1979,checked,,,2/27/2020 2:18am,3/30/2020 12:52pm
108,Paradise Books,Found,,Mishawaka & Main,"41.666217,-86.181319 ",Mishawaka,IN,,Book Store,1979,checked,,,2/27/2020 2:18am,3/30/2020 12:52pm
224,Potawatami Park,Found,,,"41.668323,-86.219502 ",South Bend,IN,Cruisy Area,Cruising Areas,1977,checked,,,2/29/2020 12:30am,2/29/2020 1:05am
54,Potawatami Park,Found,,,"41.668323,-86.219502 ",South Bend,IN,Cruisy Area,Cruising Areas,1980,checked,,,2/21/2020 12:30am,2/21/2020 12:42am
114,Potawatami Park,Found,,,"41.668323,-86.219502 ",South Bend,IN,Cruisy Area,Cruising Areas,1979,checked,,,2/27/2020 2:18am,2/27/2020 3:09am
171,Potawatami Park,Found,,,"41.668323,-86.219502 ",South Bend,IN,Cruisy Area,Cruising Areas,1978,checked,,,2/27/2020 10:33pm,2/27/2020 11:32pm
116,Vicinity of Bus Depot,Found,,,"41.668932,-86.251214",South Bend,IN,Cruisy Area,Cruising Areas,1979,checked,,,2/27/2020 2:18am,2/27/2020 3:09am
172,Vicinity of Bus Depot,Found,,,"41.668932,-86.251214",South Bend,IN,Cruisy Area,Cruising Areas,1978,checked,,,2/27/2020 10:33pm,2/27/2020 11:32pm
56,Vicinity of Bus Depot,Found,,,"41.668932,-86.251214",South Bend,IN,Cruisy Area,Cruising Areas,1980,checked,,,2/21/2020 12:30am,2/21/2020 12:42am
281,Vicinity of Bus Depot,Found,,,"41.668932,-86.251214",South Bend,IN,Cruisy Area,Cruising Areas,1976,checked,,,2/29/2020 7:46pm,3/2/2020 12:42am
225,Vicinity Park,General City Coordinates Used,,,"41.676355,-86.25199",South Bend,IN,Cruisy Area,Cruising Areas,1977,checked,,,2/29/2020 12:30am,2/29/2020 1:05am
1,Outpost ,General City Coordinates Used,,Merivale Rd.,"41.690787,-86.975155 ",Beverly Shores,IN,"(M),(R)",Restaurant,1980,checked,,,2/20/2020 11:47pm,2/20/2020 11:50pm
113,Notre Dame U. ,Found,"Library, Downstairs, T-Room",,"41.702816,-86.232865",South Bend,IN,Cruisy Area,Cruising Areas,1979,checked,,,2/27/2020 2:18am,2/27/2020 3:09am
170,Notre Dame U.,Found,,,"41.702816,-86.232865",South Bend,IN,Cruisy Area,"Cruising Areas,Organizations",1978,checked,,,2/27/2020 10:33pm,3/13/2020 10:29pm
53,Notre Dame U.,Found,"Library, downstairs T-Room",,"41.702816,-86.232865",South Bend,IN,Cruisy Area,"Cruising Areas,Organizations",1980,checked,,,2/21/2020 12:30am,3/13/2020 10:25pm