"","ID","title","description","streetaddress","city","state","amenityfeatures","type","Year","unclearaddress","uncleartype","notes","dateadded","lastmodified","full.address","lon","lat","geoAddress","status"
"1","VI001","Stone Balloon",NA,"1 Queens Cross","Christiansted, St. Croix","VI","(M),(*)","Bars/Clubs",1980,NA,NA,NA,"4/27/2020 6:18pm","4/27/2020 6:38pm","1 Queens Cross, Christiansted, St. Croix, ",-64.7013379,17.7427351,"1 queen cross st, christiansted, st croix 00820, usvi","Google Verified Location"
"2","VI002","Persian Virgin",NA,"14 King St.","Frederiksted, St. Croix","VI","(M)","Bars/Clubs",1980,NA,NA,NA,"4/27/2020 6:18pm","4/27/2020 6:39pm","14 King St., Frederiksted, St. Croix, ",-64.8824811,17.7113441,"king st, frederiksted, st croix 00840, usvi","Google Verified Location"
"3","VI003","Stone Balloon",NA,"1 Queens Cross","Christiansted, St. Croix","VI","(M),(*)","Bars/Clubs",1979,NA,NA,NA,"4/27/2020 6:18pm","4/27/2020 7:04pm","1 Queens Cross, Christiansted, St. Croix, ",-64.7013379,17.7427351,"1 queen cross st, christiansted, st croix 00820, usvi","Google Verified Location"
"4","VI004","Persian Virgin",NA,"14 King St.","Frederiksted, St. Croix","VI","(M)","Bars/Clubs",1979,NA,NA,NA,"4/27/2020 6:18pm","4/27/2020 7:04pm","14 King St., Frederiksted, St. Croix, ",-64.8824811,17.7113441,"king st, frederiksted, st croix 00840, usvi","Google Verified Location"
"5","VI005","Stone Ballon",NA,"1 Queens Cross","Christiansted, St. Croix","VI","(M),(*)","Bars/Clubs",1978,NA,NA,NA,"4/27/2020 6:18pm","4/28/2020 12:08am","1 Queens Cross, Christiansted, St. Croix, ",-64.7013379,17.7427351,"1 queen cross st, christiansted, st croix 00820, usvi","Google Verified Location"
"6","VI006","Persian Virgin",NA,"14 King St.","Frederiksted, St. Croix","VI","(M)","Bars/Clubs",1978,NA,NA,NA,"4/27/2020 6:18pm","4/28/2020 12:08am","14 King St., Frederiksted, St. Croix, ",-64.8824811,17.7113441,"king st, frederiksted, st croix 00840, usvi","Google Verified Location"
"7","VI007","Stone Balloon",NA,"1 Queens Cross","Christiansted, St. Croix","VI","(M),(*)","Bars/Clubs",1977,NA,NA,NA,"4/27/2020 6:18pm","4/28/2020 2:21pm","1 Queens Cross, Christiansted, St. Croix, ",-64.7013379,17.7427351,"1 queen cross st, christiansted, st croix 00820, usvi","Google Verified Location"
"8","VI008","Persian Virgin",NA,"14 King Street","Frederiksted, St. Croix","VI","(M)","Bars/Clubs",1977,NA,NA,NA,"4/27/2020 6:18pm","4/28/2020 2:22pm","14 King Street, Frederiksted, St. Croix, ",-64.8824811,17.7113441,"king st, frederiksted, st croix 00840, usvi","Google Verified Location"
"9","VI009","Stone Balloon",NA,"1 Queens Cross","Christiansted, St. Croix","VI","(M),(*)","Bars/Clubs",1976,NA,NA,NA,"4/28/2020 2:34pm","4/28/2020 2:36pm","1 Queens Cross, Christiansted, St. Croix, ",-64.7013379,17.7427351,"1 queen cross st, christiansted, st croix 00820, usvi","Google Verified Location"
"10","VI010","Persian Virgin",NA,"14 King St.","Frederiksted, St. Croix","VI","(M)","Bars/Clubs",1976,NA,NA,NA,"4/28/2020 2:34pm","4/28/2020 2:36pm","14 King St., Frederiksted, St. Croix, ",-64.8824811,17.7113441,"king st, frederiksted, st croix 00840, usvi","Google Verified Location"
"11","VI011","Stone Balloon",NA,"1 Queens Cross ","Christiansted, St. Croix","VI","(M),(*)","Bars/Clubs",1975,NA,NA,NA,"4/28/2020 2:34pm","4/28/2020 2:41pm","1 Queens Cross , Christiansted, St. Croix, ",-64.7013379,17.7427351,"1 queen cross st, christiansted, st croix 00820, usvi","Google Verified Location"
"12","VI012","Persian Virgin",NA,"14 King St.","Frederiksted, St. Croix","VI","(M)","Bars/Clubs",1975,NA,NA,NA,"4/28/2020 2:34pm","4/28/2020 2:43pm","14 King St., Frederiksted, St. Croix, ",-64.8824811,17.7113441,"king st, frederiksted, st croix 00840, usvi","Google Verified Location"
"13","VI013","Stone Balloon",NA,"1 Queens Cross","Christiansted, St. Croix","VI","(M),(*)","Bars/Clubs",1974,NA,NA,NA,"4/28/2020 2:34pm","4/28/2020 2:45pm","1 Queens Cross, Christiansted, St. Croix, ",-64.7013379,17.7427351,"1 queen cross st, christiansted, st croix 00820, usvi","Google Verified Location"
"14","VI014","Persian Virgin",NA,"14 King St.","Frederiksted, St. Croix","VI","(M)","Bars/Clubs",1974,NA,NA,NA,"4/28/2020 2:34pm","4/28/2020 2:46pm","14 King St., Frederiksted, St. Croix, ",-64.8824811,17.7113441,"king st, frederiksted, st croix 00840, usvi","Google Verified Location"
"15","VI015","Katie's",NA,"1 Nelike Gade","Charlotte Amalie, St. Thomas","VI","(*)","Bars/Clubs",1973,NA,NA,NA,"4/28/2020 2:34pm","4/28/2020 2:47pm","1 Nelike Gade, Charlotte Amalie, St. Thomas, ",-64.9307007,18.3419004,"charlotte amalie, st thomas 00802, usvi","Google Verified Location"
"16","VI016","Stone Balloon",NA,"1 Queens Cross","Christiansted, St. Croix","VI","(*)","Bars/Clubs",1973,NA,NA,NA,"4/28/2020 2:34pm","4/28/2020 2:48pm","1 Queens Cross, Christiansted, St. Croix, ",-64.7013379,17.7427351,"1 queen cross st, christiansted, st croix 00820, usvi","Google Verified Location"
"17","VI017","Persian Virgin",NA,"14 King St.","Frederiksted, St. Croix","VI","","Bars/Clubs",1973,NA,NA,NA,"4/28/2020 2:34pm","4/28/2020 2:48pm","14 King St., Frederiksted, St. Croix, ",-64.8824811,17.7113441,"king st, frederiksted, st croix 00840, usvi","Google Verified Location"
"18","VI018","Katie's",NA,"1 Nelike Gade","Charlotte Amalie, St. Thomas","VI","(*)","Bars/Clubs",1972,NA,NA,NA,"4/28/2020 2:34pm","4/28/2020 2:49pm","1 Nelike Gade, Charlotte Amalie, St. Thomas, ",-64.9307007,18.3419004,"charlotte amalie, st thomas 00802, usvi","Google Verified Location"
"19","VI019","Stone Balloon",NA,"1 Queens Cross","Christiansted, St. Croix","VI","(*)","Bars/Clubs",1972,NA,NA,NA,"4/28/2020 2:34pm","4/28/2020 2:50pm","1 Queens Cross, Christiansted, St. Croix, ",-64.7013379,17.7427351,"1 queen cross st, christiansted, st croix 00820, usvi","Google Verified Location"
"20","VI020","Persian Virgin",NA,"14 King St.","Frederiksted, St. Croix","VI","","Bars/Clubs",1972,NA,NA,NA,"4/28/2020 2:34pm","4/28/2020 2:50pm","14 King St., Frederiksted, St. Croix, ",-64.8824811,17.7113441,"king st, frederiksted, st croix 00840, usvi","Google Verified Location"
"21","VI021","Katie's",NA,"1 Nelike Gade","Charlotte Amalie, St. Thomas","VI","(*)","Bars/Clubs",1971,NA,NA,NA,"4/28/2020 2:34pm","4/28/2020 2:51pm","1 Nelike Gade, Charlotte Amalie, St. Thomas, ",-64.9307007,18.3419004,"charlotte amalie, st thomas 00802, usvi","Google Verified Location"
"22","VI022","Stone Baloon",NA,"1 Queens Cross","Christiansted, St. Croix","VI","(*)","Bars/Clubs",1971,NA,NA,NA,"4/28/2020 2:51pm","4/28/2020 2:52pm","1 Queens Cross, Christiansted, St. Croix, ",-64.7013379,17.7427351,"1 queen cross st, christiansted, st croix 00820, usvi","Google Verified Location"
"23","VI023","Persian Virgin",NA,"14 King St.","Frederiksted, St. Croix","VI","","Bars/Clubs",1971,NA,NA,NA,"4/28/2020 2:51pm","4/28/2020 2:52pm","14 King St., Frederiksted, St. Croix, ",-64.8824811,17.7113441,"king st, frederiksted, st croix 00840, usvi","Google Verified Location"
"24","VI024","Andy's","In alley off Main Street (Norre Gade) S.E. of P.O.","","Charlotte Amalie, St. Thomas","VI","(M),(R)","Restaurant",1977,"checked",NA,"","4/27/2020 4:18pm","4/28/2020 11:46am",", ",-64.930701,18.3419,"unclear_coded_by_hand","Location could not be verified. General city or location coordinates used."
"25","VI025","Andy's","In alley off Main St. (Norre Gade) S.E. of P.O.","","Charlotte Amalie, St. Thomas","VI","(M),(R)","Restaurant",1976,"checked",NA,"","4/27/2020 4:18pm","4/28/2020 12:28pm",", ",-64.930701,18.3419,"unclear_coded_by_hand","Location could not be verified. General city or location coordinates used."
"26","VI026","Bar at Frenchman's Reef","(Can be cruisy in season)","","Charlotte Amalie, St. Thomas","VI","(M)","Cruising Areas,Bars/Clubs",1980,"checked",NA,"","4/27/2020 4:18pm","4/27/2020 4:26pm",", ",-64.920792,18.323221,"unclear_coded_by_hand","Verified Location"
"27","VI027","Castaways","On the Waterfront","","Charlotte Amalie, St. Thomas","VI","(M)","Bars/Clubs",1971,"checked",NA,"","4/28/2020 12:34pm","4/28/2020 12:51pm",", ",-64.939312,18.338567,"unclear_coded_by_hand","Location could not be verified. General city or location coordinates used."
"28","VI028","Castaways","On the waterfront","","Charlotte Amalie, St. Thomas","VI","(M)","Bars/Clubs",1973,"checked",NA,"","4/28/2020 12:34pm","4/28/2020 12:47pm",", ",-64.939312,18.338567,"unclear_coded_by_hand","Location could not be verified. General city or location coordinates used."
"29","VI029","Castaways","On the waterfront","","Charlotte Amalie, St. Thomas","VI","(M)","Bars/Clubs",1972,"checked",NA,"","4/28/2020 12:34pm","4/28/2020 12:49pm",", ",-64.939312,18.338567,"unclear_coded_by_hand","Location could not be verified. General city or location coordinates used."
"30","VI030","Castaways","On the Waterfront","","Charlotte Amalie, St. Thomas","VI","(M)","Bars/Clubs",1974,"checked",NA,"","4/28/2020 12:34pm","4/28/2020 12:43pm",", ",-64.939312,18.338567,"unclear_coded_by_hand","Location could not be verified. General city or location coordinates used."
"31","VI031","Castaways","On the Waterfront","","Charlotte Amalie, St. Thomas","VI","(M)","Bars/Clubs",1975,"checked",NA,"","4/28/2020 12:34pm","4/28/2020 12:37pm",", ",-64.939312,18.338567,"unclear_coded_by_hand","Location could not be verified. General city or location coordinates used."
"32","VI032","Danish Inn Guest House","9E &9J Gamble Norisideve's Tel: 809-774-5764","","Charlotte Amalie, St. Thomas","VI","(M),(H)","Hotels",1978,"checked",NA,"","4/27/2020 4:18pm","4/27/2020 9:54pm",", ",-64.930701,18.3419,"unclear_coded_by_hand","Location could not be verified. General city or location coordinates used."
"33","VI033","Danish Inn Guest House","9E & 9J Gamble Norisdeve's Tel: (809) 774-5764","","Charlotte Amalie, St. Thomas","VI","(M),(H)","Hotels",1979,"checked",NA,"","4/27/2020 4:18pm","4/27/2020 4:44pm",", ",-64.930701,18.3419,"unclear_coded_by_hand","Location could not be verified. General city or location coordinates used."
"34","VI034","Danish Inn Guest House","Gamble Norisideve's Tel: (809)774-5764","","Charlotte Amalie, St. Thomas","VI","(M)","Hotels,Bars/Clubs",1980,"checked",NA,"","4/27/2020 4:18pm","4/27/2020 4:26pm",", ",-64.930701,18.3419,"unclear_coded_by_hand","Location could not be verified. General city or location coordinates used."
"35","VI035","Do Drop Inn","Inquire locally","","Charlotte Amalie, St. Thomas","VI","(B)","Bars/Clubs",1975,"checked",NA,"","4/28/2020 12:34pm","4/28/2020 12:38pm",", ",-64.930701,18.3419,"unclear_coded_by_hand","Location could not be verified. General city or location coordinates used."
"36","VI036","Driftwood","(Italian R) nr. Mafolie Hotel on Abortion Hill. Tel: (809)774-5764 for reservations & directions","","Charlotte Amalie, St. Thomas","VI","(M),(R)","Restaurant",1979,"checked",NA,"approximate location","4/27/2020 4:18pm","4/27/2020 4:45pm",", ",-64.931519,18.348732,"unclear_coded_by_hand","Verified Location"
"37","VI037","Driftwood","(Italian R) nr Mafolie Hotel on Abortion Hill. Call 774-2390 for reservations & directions","","Charlotte Amalie, St. Thomas","VI","(M),(R)","Restaurant",1978,"checked",NA,"approximate location","4/27/2020 4:18pm","4/27/2020 9:55pm",", ",-64.931519,18.348732,"unclear_coded_by_hand","Verified Location"
"38","VI038","Driftwood Inn","(Italian) Nr. Mafolie Hotel on Abortion Hill. Call 774-2390 for reservations and directions","","Charlotte Amalie, St. Thomas","VI","(M),(R)","Restaurant",1976,"checked",NA,"approximate location","4/27/2020 4:18pm","4/28/2020 12:28pm",", ",-64.931519,18.348732,"unclear_coded_by_hand","Verified Location"
"39","VI039","Driftwood Inn","(Italian R) nr. Mafolir Hotel on Abortion Hill. Call 774-2390 for reservations & directions","","Charlotte Amalie, St. Thomas","VI","(M),(R)","Restaurant",1977,"checked",NA,"approximate location","4/27/2020 4:18pm","4/28/2020 11:49am",", ",-64.931519,18.348732,"unclear_coded_by_hand","Verified Location"
"40","VI040","Eccentric Egret","(Looks promising) Strand St.","","Christiansted, St. Croix","VI","(M),(R)","Restaurant",1980,"checked",NA,"","4/27/2020 4:18pm","4/27/2020 4:37pm",", ",-64.707195,17.744276,"unclear_coded_by_hand","Location could not be verified. General city or location coordinates used."
"41","VI041","Fat City","On Raadets Gade, betw. Back Street (Vimmelskafts Gade) & Crystal Gade","","Charlotte Amalie, St. Thomas","VI","(HIP),(M),(YC)","Bars/Clubs",1977,"checked",NA,"approximate location","4/27/2020 4:18pm","4/28/2020 11:50am",", ",-64.932552,18.342657,"unclear_coded_by_hand","Verified Location"
"42","VI042","Fat City","On Raadets Gade, betw. Back St. (Vimmelskafts Gade) & Crystal Gade","","Charlotte Amalie, St. Thomas","VI","(HIP),(M),(YC)","Bars/Clubs",1976,"checked",NA,"approximate location","4/27/2020 4:18pm","4/28/2020 12:29pm",", ",-64.932552,18.342657,"unclear_coded_by_hand","Verified Location"
"43","VI043","Galleon House","P.O. Box 1189, St. Thomas, V.I. Call (809) 774-1445","","Charlotte Amalie, St. Thomas","VI","(H),(R),(E),(D)","Restaurant,Hotels",1977,"checked",NA,"","4/27/2020 4:18pm","4/28/2020 12:07pm",", ",-64.930701,18.3419,"unclear_coded_by_hand","Location could not be verified. General city or location coordinates used."
"44","VI044","Galleon House","(This is the place- your hosts Larry & Jerry) (Bar) (Disco) (Swim pool) next to Hotel 1829 Tel: 809-774-1445. Box 1189 St. Thomas, V.I. 00801","","Charlotte Amalie, St. Thomas","VI","(H),(R),(E),(D),(*)","Hotels,Restaurant,Bars/Clubs",1978,"checked",NA,"","4/27/2020 4:18pm","4/27/2020 9:58pm",", ",-64.930701,18.3419,"unclear_coded_by_hand","Location could not be verified. General city or location coordinates used."
"45","VI045","Galleon House","(This is the place- your hosts Larry & Jerry (Bar) (Disco) (Swim pool) next to Hotel 1829. Box 1189, St. Thomas, V.I. 00801. Tel: (809) 774-5764","","Charlotte Amalie, St. Thomas","VI","(*),(H),(R),(E),(D)","Bars/Clubs,Hotels,Restaurant",1979,"checked",NA,"","4/27/2020 4:18pm","4/27/2020 4:47pm",", ",-64.930701,18.3419,"unclear_coded_by_hand","Location could not be verified. General city or location coordinates used."
"46","VI046","Good Old Times","(Some OC)(Best cocktail hour or late) (above the Safari)","","Charlotte Amalie, St. Thomas","VI","(*),(OC)","Bars/Clubs",1980,"checked",NA,"","4/27/2020 4:18pm","4/27/2020 4:27pm",", ",-64.930701,18.3419,"unclear_coded_by_hand","Location could not be verified. General city or location coordinates used."
"47","VI047","Grand Hotel","On the Square","","Charlotte Amalie, St. Thomas","VI","(H)","Hotels",1975,"checked",NA,"","4/28/2020 12:34pm","4/28/2020 12:38pm",", ",-64.949961,18.338535,"unclear_coded_by_hand","Verified Location"
"48","VI048","Greenhouse","On the Waterfront","","Charlotte Amalie, St. Thomas","VI","(M),(R),(E)","Restaurant",1979,"checked",NA,"","4/27/2020 4:18pm","4/27/2020 4:47pm",", ",-64.933258,18.340352,"unclear_coded_by_hand","Verified Location"
"49","VI049","Greenhouse","(Disco) On the Waterfront","","Charlotte Amalie, St. Thomas","VI","(M),(R),(D),(E)","Bars/Clubs,Restaurant",1980,"checked",NA,"","4/27/2020 4:18pm","4/27/2020 4:28pm",", ",-64.933258,18.340352,"unclear_coded_by_hand","Verified Location"
"50","VI050","Harbour View","(Best at cocktail hour) (Inquire locally)","","Charlotte Amalie, St. Thomas","VI","(PE),(R),(E)","Restaurant",1980,"checked",NA,"","4/27/2020 4:18pm","4/27/2020 4:28pm",", ",-64.930701,18.3419,"unclear_coded_by_hand","Location could not be verified. General city or location coordinates used."
"51","VI051","Hotel 1829","Government Hill above Post Office","","Charlotte Amalie, St. Thomas","VI","(M),(H)","Hotels",1980,"checked",NA,"approximate location","4/27/2020 4:18pm","4/27/2020 4:29pm",", ",-64.929034,18.344123,"unclear_coded_by_hand","Verified Location"
"52","VI052","Indies House","(swim pool) Lobster Pot (Dinner reservations required) & Anchor Room Lounge Best during cocktail hour of late. Overlooks Magens Bay- a 10 min. ride from town. Call (809) 774-4391 for reservations.","","Charlotte Amalie, St. Thomas","VI","(M),(H),(*)","Bars/Clubs,Restaurant,Hotels",1976,"checked",NA,"","4/27/2020 4:18pm","4/28/2020 12:30pm",", ",-64.930701,18.3419,"unclear_coded_by_hand","Location could not be verified. General city or location coordinates used."
"53","VI053","Indies House","(swim pool) Lobster Pot (Dinner reservations required) & Anchor Room Lounge best during cocktail hour or late. Overlooks Magens Bay- a 10 min. ride from town. Call (809) 774-4391 for reservations","","Charlotte Amalie, St. Thomas","VI","(M),(H),(PE),(R),(*)","Hotels,Restaurant,Bars/Clubs",1977,"checked",NA,"","4/27/2020 4:18pm","4/28/2020 12:09pm",", ",-64.930701,18.3419,"unclear_coded_by_hand","Location could not be verified. General city or location coordinates used."
"54","VI054","Jerry's Place","(Natives) (Some G) just off Waterfront Hwy. in Creques Alley No. 3 (behind the Carousel)","","Charlotte Amalie, St. Thomas","VI","(M),(D),(G)","Bars/Clubs",1977,"checked",NA,"","4/27/2020 4:18pm","4/28/2020 12:10pm",", ",-64.930701,18.3419,"unclear_coded_by_hand","Location could not be verified. General city or location coordinates used."
"55","VI055","Jerry's Place","(natives) (some G) just off Waterfront  Hwy. in Creques Alley No. 3 (behind the Carousel)","","Charlotte Amalie, St. Thomas","VI","(M),(D),(G)","Bars/Clubs",1976,"checked",NA,"","4/27/2020 4:18pm","4/28/2020 12:31pm",", ",-64.930701,18.3419,"unclear_coded_by_hand","Location could not be verified. General city or location coordinates used."
"56","VI056","Katie's","('Sing along') (Best late) Below the Safari","","Charlotte Amalie, St. Thomas","VI","(OC),(E),(*)","Bars/Clubs",1979,"checked",NA,"","4/27/2020 4:18pm","4/27/2020 4:48pm",", ",-64.930701,18.3419,"unclear_coded_by_hand","Location could not be verified. General city or location coordinates used."
"57","VI057","Katie's","","1 Nelike Gade","Charlotte Amalie, St. Thomas","VI","(*)","Bars/Clubs",1973,"",NA,"","4/28/2020 12:34pm","4/28/2020 12:47pm","1 Nelike Gade, ",-64.930701,18.3419,"unclear_coded_by_hand","Location could not be verified. General city or location coordinates used."
"58","VI058","Katie's","","1 Nelike Gade","Charlotte Amalie, St. Thomas","VI","(*)","Bars/Clubs",1971,"",NA,"","4/28/2020 12:34pm","4/28/2020 12:51pm","1 Nelike Gade, ",-64.930701,18.3419,"unclear_coded_by_hand","Location could not be verified. General city or location coordinates used."
"59","VI059","Katie's","","1 Nelike Gade","Charlotte Amalie, St. Thomas","VI","(*)","Bars/Clubs",1972,"",NA,"","4/28/2020 12:34pm","4/28/2020 12:49pm","1 Nelike Gade, ",-64.930701,18.3419,"unclear_coded_by_hand","Location could not be verified. General city or location coordinates used."
"60","VI060","Katie's","('Sing along')(Best late) Below the Safari","","Charlotte Amalie, St. Thomas","VI","(*),(OC),(E)","Bars/Clubs",1978,"checked",NA,"","4/27/2020 4:18pm","4/27/2020 9:58pm",", ",-64.930701,18.3419,"unclear_coded_by_hand","Location could not be verified. General city or location coordinates used."
"61","VI061","Lime Tree Beach Hotel","box 4986, St. Thomas, V.I.","","Charlotte Amalie, St. Thomas","VI","(M),(H)","Hotels",1975,"checked",NA,"","4/28/2020 12:34pm","4/28/2020 12:38pm",", ",-64.911835,18.318005,"unclear_coded_by_hand","Verified Location"
"62","VI062","Lime Tree Beach Hotel","Box 4986, St. Thomas, V.I.","","Charlotte Amalie, St. Thomas","VI","(M)","Hotels",1974,"checked",NA,"","4/28/2020 12:34pm","4/28/2020 12:44pm",", ",-64.911835,18.318005,"unclear_coded_by_hand","Verified Location"
"63","VI063","Maison Greaux Guest House","Solburg Tel: 809-774-0063","","Charlotte Amalie, St. Thomas","VI","(H),(*)","Hotels",1978,"checked",NA,"","4/27/2020 4:18pm","4/27/2020 9:59pm",", ",-64.930701,18.3419,"unclear_coded_by_hand","Location could not be verified. General city or location coordinates used."
"64","VI064","Maison Greaux Guest House","Solburg Tel: (809) 774-0063","","Charlotte Amalie, St. Thomas","VI","(H),(*)","Hotels",1979,"checked",NA,"","4/27/2020 4:18pm","4/27/2020 4:49pm",", ",-64.930701,18.3419,"unclear_coded_by_hand","Location could not be verified. General city or location coordinates used."
"65","VI065","Maison Greaux Guest House","Solburg Tel: (809)774-0063","","Charlotte Amalie, St. Thomas","VI","(H)","Hotels",1980,"checked",NA,"","4/27/2020 4:18pm","4/27/2020 4:29pm",", ",-64.930701,18.3419,"unclear_coded_by_hand","Location could not be verified. General city or location coordinates used."
"66","VI066","Midtown Hotel","Centrally located","","Charlotte Amalie, St. Thomas","VI","(H)","Hotels",1975,"checked",NA,"","4/28/2020 12:34pm","4/28/2020 12:39pm",", ",-64.930701,18.3419,"unclear_coded_by_hand","Location could not be verified. General city or location coordinates used."
"67","VI067","Morning Star Beach Hotel","(Private beach $2.00 admn. Bar is (M) days, but * nights)","","Charlotte Amalie, St. Thomas","VI","(M),(H),(*)","Hotels,Bars/Clubs",1975,"checked",NA,"","4/28/2020 12:34pm","4/28/2020 12:40pm",", ",-64.919808,18.320466,"unclear_coded_by_hand","Verified Location"
"68","VI068","Morningstar Beach Hotel","(Private beach, $2 adm. charge. Bar is (M) days but * nights)","","Charlotte Amalie, St. Thomas","VI","(M),(*),(H)","Hotels,Bars/Clubs",1974,"checked",NA,"","4/28/2020 12:34pm","4/28/2020 12:45pm",", ",-64.919808,18.320466,"unclear_coded_by_hand","Verified Location"
"69","VI069","Morningstar Beach Resort","($3.00 adm. to (P) Beach*) Bar is (M) days but good late. 10 min. drive from town at E. end of harbor. Tel: 809-774-2650","","Charlotte Amalie, St. Thomas","VI","(M),(H),(R),(P),(*)","Bars/Clubs,Hotels,Restaurant",1978,"checked",NA,"","4/27/2020 4:18pm","4/27/2020 10:00pm",", ",-64.919808,18.320466,"unclear_coded_by_hand","Verified Location"
"70","VI070","Morningstar Beach Resort","($3. adm. to (P) Beach*) Bar is (M) days but * late. 10 min. drive from town at E. end of harbor. Call (809) 774-2650","","Charlotte Amalie, St. Thomas","VI","(M),(H),(R),(*),(P)","Bars/Clubs,Hotels,Restaurant",1977,"checked",NA,"","4/27/2020 4:18pm","4/28/2020 12:12pm",", ",-64.919808,18.320466,"unclear_coded_by_hand","Verified Location"
"71","VI071","Morningstar Beach Resort","($3 adm. to (P) Beach*) Bar is (M) days but good late. 10 min. drive from town at E. end of harbor. Tel: (809) 774-2650","","Charlotte Amalie, St. Thomas","VI","(M),(H),(R),(*)","Hotels,Restaurant,Bars/Clubs",1980,"checked",NA,"","4/27/2020 4:18pm","4/27/2020 4:31pm",", ",-64.919808,18.320466,"unclear_coded_by_hand","Verified Location"
"72","VI072","Morningstar Beach Resort","($3.00 adm. to (P Beach*) Bar is (M) days but * late. 10 min. drive from town at E. end of Charlotte Amalie Harbor. Call 774-2650 for reservations","","Charlotte Amalie, St. Thomas","VI","(M),(H),(R),(P),(*)","Bars/Clubs,Hotels,Restaurant",1976,"checked",NA,"","4/27/2020 4:18pm","4/28/2020 12:33pm",", ",-64.919808,18.320466,"unclear_coded_by_hand","Verified Location"
"73","VI073","Morningstar Beach Resort","($3. adm. to (P) Beach*) Bar is (M) says but good late. 10 min. drive from town at E. end of harbor. Tel:(809) 774-2650","","Charlotte Amalie, St. Thomas","VI","(M),(H),(R),(P),(*)","Bars/Clubs,Hotels,Restaurant",1979,"checked",NA,"","4/27/2020 4:18pm","4/27/2020 4:50pm",", ",-64.919808,18.320466,"unclear_coded_by_hand","Verified Location"
"74","VI074","Most anywhere","discretion","","Charlotte Amalie, St. Thomas","VI","Cruisy Area","Cruisy Areas",1975,"checked",NA,"","4/28/2020 12:34pm","4/28/2020 12:41pm",", ",-64.894095,18.338097,"unclear_coded_by_hand","Verified Location"
"75","VI075","Most anywhere","discretion","","Charlotte Amalie, St. Thomas","VI","Cruisy Area","Cruisy Areas",1977,"checked",NA,"","4/27/2020 4:18pm","4/28/2020 12:21pm",", ",-64.894095,18.338097,"unclear_coded_by_hand","Verified Location"
"76","VI076","Most anywhere","discretion","","Charlotte Amalie, St. Thomas","VI","Cruisy Area","Cruisy Areas",1976,"checked",NA,"","4/28/2020 12:34pm","4/28/2020 12:36pm",", ",-64.894095,18.338097,"unclear_coded_by_hand","Verified Location"
"77","VI077","Most anywhere","discretion","","Charlotte Amalie, St. Thomas","VI","Cruisy Area","Cruisy Areas",1979,"checked",NA,"","4/27/2020 4:18pm","4/27/2020 5:03pm",", ",-64.894095,18.338097,"unclear_coded_by_hand","Verified Location"
"78","VI078","Most anywhere","discretion","","Charlotte Amalie, St. Thomas","VI","Cruisy Area","Cruisy Areas",1978,"checked",NA,"","4/27/2020 4:18pm","4/27/2020 10:07pm",", ",-64.894095,18.338097,"unclear_coded_by_hand","Verified Location"
"79","VI079","Mostly anywhere","discretion","","Charlotte Amalie, St. Thomas","VI","Cruisy Area","Cruisy Areas",1980,"checked",NA,"","4/27/2020 4:18pm","4/27/2020 4:36pm",", ",-64.894095,18.338097,"unclear_coded_by_hand","Verified Location"
"80","VI080","Paul's on the Waterfront","(Lunch) Center of town on the Waterfront","","Charlotte Amalie, St. Thomas","VI","(R)","Restaurant",1978,"checked",NA,"","4/27/2020 4:18pm","4/27/2020 10:01pm",", ",-64.932498,18.340511,"unclear_coded_by_hand","Location could not be verified. General city or location coordinates used."
"81","VI081","Persian Virgin","","14 King St.","Frederiksted, St. Croix","VI","(M)","Bars/Clubs",1975,"",NA,"","4/28/2020 12:34pm","4/28/2020 12:43pm","14 King St., ",-64.881535,17.712475,"unclear_coded_by_hand","Verified Location"
"82","VI082","Persian Virgin","","14 King St.","Frederiksted, St. Croix","VI","(M)","Bars/Clubs",1974,"",NA,"","4/28/2020 12:34pm","4/28/2020 12:46pm","14 King St., ",-64.881535,17.712475,"unclear_coded_by_hand","Verified Location"
"83","VI083","Persian Virgin","","14 King Street","Frederiksted, St. Croix","VI","(M)","Bars/Clubs",1977,"",NA,"","4/27/2020 4:18pm","4/28/2020 12:22pm","14 King Street, ",-64.881535,17.712475,"unclear_coded_by_hand","Verified Location"
"84","VI084","Persian Virgin","","14 King St.","Frederiksted, St. Croix","VI","(M)","Bars/Clubs",1980,"",NA,"","4/27/2020 4:18pm","4/27/2020 4:39pm","14 King St., ",-64.881535,17.712475,"unclear_coded_by_hand","Verified Location"
"85","VI085","Persian Virgin","","14 King St.","Frederiksted, St. Croix","VI","(M)","Bars/Clubs",1976,"",NA,"","4/28/2020 12:34pm","4/28/2020 12:36pm","14 King St., ",-64.881535,17.712475,"unclear_coded_by_hand","Verified Location"
"86","VI086","Persian Virgin","","14 King St.","Frederiksted, St. Croix","VI","","Bars/Clubs",1972,"",NA,"","4/28/2020 12:34pm","4/28/2020 12:50pm","14 King St., ",-64.881535,17.712475,"unclear_coded_by_hand","Verified Location"
"87","VI087","Persian Virgin","","14 King St.","Frederiksted, St. Croix","VI","(M)","Bars/Clubs",1978,"",NA,"","4/27/2020 4:18pm","4/27/2020 10:08pm","14 King St., ",-64.881535,17.712475,"unclear_coded_by_hand","Verified Location"
"88","VI088","Persian Virgin","","14 King St.","Frederiksted, St. Croix","VI","(M)","Bars/Clubs",1979,"",NA,"","4/27/2020 4:18pm","4/27/2020 5:04pm","14 King St., ",-64.881535,17.712475,"unclear_coded_by_hand","Verified Location"
"89","VI089","Persian Virgin","","14 King St.","Frederiksted, St. Croix","VI","","Bars/Clubs",1971,"",NA,"","4/28/2020 12:51pm","4/28/2020 12:52pm","14 King St., ",-64.881535,17.712475,"unclear_coded_by_hand","Verified Location"
"90","VI090","Persian Virgin","","14 King St.","Frederiksted, St. Croix","VI","","Bars/Clubs",1973,"",NA,"","4/28/2020 12:34pm","4/28/2020 12:48pm","14 King St., ",-64.881535,17.712475,"unclear_coded_by_hand","Verified Location"
"91","VI091","Safari Lounge","(Some B)(Disco) On Tronpeter (an exit of Drake's Passage_ opp. & just above John Silver's on Vimmelskaft Gade (back street)","","Charlotte Amalie, St. Thomas","VI","(B),(D),(AYOR),(*)","Bars/Clubs",1980,"checked",NA,"","4/27/2020 4:18pm","4/27/2020 4:33pm",", ",-64.933336,18.343002,"unclear_coded_by_hand","Location could not be verified. General city or location coordinates used."
"92","VI092","Safari Lounge","On Tronpeter (an extension of Drake's Passage) opp. & just above the 'Sandbox' on Vimmelskafts Gade (Back Street)","","Charlotte Amalie, St. Thomas","VI","(D),(*)","Bars/Clubs",1977,"checked",NA,"","4/27/2020 4:18pm","4/28/2020 12:13pm",", ",-64.933336,18.343002,"unclear_coded_by_hand","Location could not be verified. General city or location coordinates used."
"93","VI093","Safari Lounge","On Tronpeter (an extension of Drake's Passage) opp. & just above the Sandbox on Vimmelskafts Gade (Back St.)","","Charlotte Amalie, St. Thomas","VI","(D),(*)","Bars/Clubs",1976,"checked",NA,"","4/27/2020 4:18pm","4/28/2020 12:34pm",", ",-64.933336,18.343002,"unclear_coded_by_hand","Location could not be verified. General city or location coordinates used."
"94","VI094","Safari Lounge","(Some B) On Trompeter (an ext. of Drake's Passage) opp. & just above the 'Sandbox' on Vimmelskafts Gade (Back Street)","","Charlotte Amalie, St. Thomas","VI","(M),(B),(D),(*)","Bars/Clubs",1978,"checked",NA,"","4/27/2020 4:18pm","4/27/2020 10:03pm",", ",-64.933336,18.343002,"unclear_coded_by_hand","Location could not be verified. General city or location coordinates used."
"95","VI095","Safari Lounge","(Some B) On Tronpeter (an exit of DRake's Passage) opp. & just above the 'Sandbox' on Vimmelskafts Gade (Back Street)","","Charlotte Amalie, St. Thomas","VI","(M),(B),(D),(*)","Bars/Clubs",1979,"checked",NA,"","4/27/2020 4:18pm","4/27/2020 4:52pm",", ",-64.933336,18.343002,"unclear_coded_by_hand","Location could not be verified. General city or location coordinates used."
"96","VI096","Sebastian's","Veterans Drive","","Charlotte Amalie, St. Thomas","VI","(M),(R)","Restaurant",1972,"checked",NA,"","4/28/2020 12:34pm","4/28/2020 12:50pm",", ",-64.93534,18.339578,"unclear_coded_by_hand","Location could not be verified. General city or location coordinates used."
"97","VI097","Sebastian's","Veterans Drive","","Charlotte Amalie, St. Thomas","VI","(R),(M)","Restaurant",1973,"checked",NA,"","4/28/2020 12:34pm","4/28/2020 12:48pm",", ",-64.93534,18.339578,"unclear_coded_by_hand","Location could not be verified. General city or location coordinates used."
"98","VI098","Sebastian's","Veterans Drive","","Charlotte Amalie, St. Thomas","VI","(M),(R)","Restaurant",1974,"checked",NA,"","4/28/2020 12:34pm","4/28/2020 12:45pm",", ",-64.93534,18.339578,"unclear_coded_by_hand","Location could not be verified. General city or location coordinates used."
"99","VI099","Sebastian's","Veterans Drive","","Charlotte Amalie, St. Thomas","VI","(R),(M)","Restaurant",1971,"checked",NA,"","4/28/2020 12:51pm","4/28/2020 12:52pm",", ",-64.93534,18.339578,"unclear_coded_by_hand","Location could not be verified. General city or location coordinates used."
"100","VI100","Sebastian's","Veterans Drive","","Charlotte Amalie, St. Thomas","VI","(M),(R)","Restaurant",1975,"checked",NA,"","4/28/2020 12:34pm","4/28/2020 12:40pm",", ",-64.93534,18.339578,"unclear_coded_by_hand","Location could not be verified. General city or location coordinates used."
"101","VI101","Sparky's Waterfront Saloon","(Very M) On Waterfront betw. Creques Alleys 1 & 2","","Charlotte Amalie, St. Thomas","VI","(M)","Bars/Clubs",1980,"checked",NA,"","4/27/2020 4:18pm","4/27/2020 4:34pm",", ",-64.939312,18.338567,"unclear_coded_by_hand","Location could not be verified. General city or location coordinates used."
"102","VI102","Sparky's Waterfront Saloon","(Very M) (Mostly sailors) On Waterfront betw. Creques Alleys 1 & 2","","Charlotte Amalie, St. Thomas","VI","(M)","Bars/Clubs",1978,"checked",NA,"","4/27/2020 4:18pm","4/27/2020 10:04pm",", ",-64.939312,18.338567,"unclear_coded_by_hand","Location could not be verified. General city or location coordinates used."
"103","VI103","Sparky's Waterfront Saloon","(mostly sailors) On Waterfront betw. Creques Aleys No. 1 & No. 2","","Charlotte Amalie, St. Thomas","VI","(M)","Bars/Clubs",1976,"checked",NA,"","4/28/2020 12:34pm","4/28/2020 12:34pm",", ",-64.939312,18.338567,"unclear_coded_by_hand","Location could not be verified. General city or location coordinates used."
"104","VI104","Sparky's Waterfront Saloon","(Very M) (Mostly sailors) On Waterfront betw. Creques Alleys 1 & 2","","Charlotte Amalie, St. Thomas","VI","(M)","Bars/Clubs",1979,"checked",NA,"","4/27/2020 4:18pm","4/27/2020 5:01pm",", ",-64.939312,18.338567,"unclear_coded_by_hand","Location could not be verified. General city or location coordinates used."
"105","VI105","Sparky's Waterfront Saloon","(mostly sailors) On Waterfront betw. Creques Alleys No.'s 1 & 2","","Charlotte Amalie, St. Thomas","VI","(M)","Bars/Clubs",1977,"checked",NA,"","4/27/2020 4:18pm","4/28/2020 12:19pm",", ",-64.939312,18.338567,"unclear_coded_by_hand","Location could not be verified. General city or location coordinates used."
"106","VI106","Stone Ballon","","1 Queens Cross","Christiansted, St. Croix","VI","(M),(*)","Bars/Clubs",1978,"",NA,"","4/27/2020 4:18pm","4/27/2020 10:08pm","1 Queens Cross, ",-64.701338,17.742735,"unclear_coded_by_hand","Verified Location"
"107","VI107","Stone Balloon","","1 Queens Cross","Christiansted, St. Croix","VI","(*)","Bars/Clubs",1973,"",NA,"","4/28/2020 12:34pm","4/28/2020 12:48pm","1 Queens Cross, ",-64.701338,17.742735,"unclear_coded_by_hand","Verified Location"
"108","VI108","Stone Balloon","","1 Queens Cross","Christiansted, St. Croix","VI","(*)","Bars/Clubs",1972,"",NA,"","4/28/2020 12:34pm","4/28/2020 12:50pm","1 Queens Cross, ",-64.701338,17.742735,"unclear_coded_by_hand","Verified Location"
"109","VI109","Stone Balloon","","1 Queens Cross","Christiansted, St. Croix","VI","(M),(*)","Bars/Clubs",1980,"",NA,"","4/27/2020 4:18pm","4/27/2020 4:38pm","1 Queens Cross, ",-64.701338,17.742735,"unclear_coded_by_hand","Verified Location"
"110","VI110","Stone Balloon","","1 Queens Cross","Christiansted, St. Croix","VI","(M),(*)","Bars/Clubs",1977,"",NA,"","4/27/2020 4:18pm","4/28/2020 12:21pm","1 Queens Cross, ",-64.701338,17.742735,"unclear_coded_by_hand","Verified Location"
"111","VI111","Stone Balloon","","1 Queens Cross","Christiansted, St. Croix","VI","(M),(*)","Bars/Clubs",1975,"",NA,"","4/28/2020 12:34pm","4/28/2020 12:41pm","1 Queens Cross, ",-64.701338,17.742735,"unclear_coded_by_hand","Verified Location"
"112","VI112","Stone Balloon","","1 Queens Cross","Christiansted, St. Croix","VI","(M),(*)","Bars/Clubs",1976,"",NA,"","4/28/2020 12:34pm","4/28/2020 12:36pm","1 Queens Cross, ",-64.701338,17.742735,"unclear_coded_by_hand","Verified Location"
"113","VI113","Stone Balloon","","1 Queens Cross","Christiansted, St. Croix","VI","(M),(*)","Bars/Clubs",1979,"",NA,"","4/27/2020 4:18pm","4/27/2020 5:04pm","1 Queens Cross, ",-64.701338,17.742735,"unclear_coded_by_hand","Verified Location"
"114","VI114","Stone Balloon","","1 Queens Cross","Christiansted, St. Croix","VI","(M),(*)","Bars/Clubs",1974,"",NA,"","4/28/2020 12:34pm","4/28/2020 12:45pm","1 Queens Cross, ",-64.701338,17.742735,"unclear_coded_by_hand","Verified Location"
"115","VI115","Stone Baloon","","1 Queens Cross","Christiansted, St. Croix","VI","(*)","Bars/Clubs",1971,"",NA,"","4/28/2020 12:51pm","4/28/2020 12:52pm","1 Queens Cross, ",-64.701338,17.742735,"unclear_coded_by_hand","Verified Location"
"116","VI116","Thatch Farm","Box 548 St. Thomas, V.I. 00801","","Charlotte Amalie, St. Thomas","VI","(H),(R)","Hotels,Restaurant",1975,"checked",NA,"","4/28/2020 12:34pm","4/28/2020 12:40pm",", ",-64.930701,18.3419,"unclear_coded_by_hand","Location could not be verified. General city or location coordinates used."
"117","VI117","Veterans Drive","","","Charlotte Amalie, St. Thomas","VI","Cruisy Area","Cruisy Areas",1977,"checked",NA,"","4/27/2020 4:18pm","4/28/2020 12:21pm",", ",-64.93534,18.339578,"unclear_coded_by_hand","Verified Location"
"118","VI118","Veterans Drive","","","Charlotte Amalie, St. Thomas","VI","Cruisy Area","Cruisy Areas",1978,"checked",NA,"","4/27/2020 4:18pm","4/27/2020 10:07pm",", ",-64.93534,18.339578,"unclear_coded_by_hand","Verified Location"
"119","VI119","Veterans Drive","","","Charlotte Amalie, St. Thomas","VI","Cruisy Area","Cruisy Areas",1976,"checked",NA,"","4/28/2020 12:34pm","4/28/2020 12:36pm",", ",-64.93534,18.339578,"unclear_coded_by_hand","Verified Location"
"120","VI120","Veterans Drive","","","Charlotte Amalie, St. Thomas","VI","Cruisy Area","Cruisy Areas",1979,"checked",NA,"","4/27/2020 4:18pm","4/27/2020 5:03pm",", ",-64.93534,18.339578,"unclear_coded_by_hand","Verified Location"
"121","VI121","Veterans Drive","","","Charlotte Amalie, St. Thomas","VI","Cruisy Area","Cruisy Areas",1975,"checked",NA,"","4/28/2020 12:34pm","4/28/2020 12:41pm",", ",-64.93534,18.339578,"unclear_coded_by_hand","Verified Location"
"122","VI122","Veterans Drive","(AYOR at night)","","Charlotte Amalie, St. Thomas","VI","Cruisy Area","Cruisy Areas",1980,"checked",NA,"","4/27/2020 4:18pm","4/27/2020 4:36pm",", ",-64.93534,18.339578,"unclear_coded_by_hand","Verified Location"
"123","VI123","Villa Fairview Guest House","P.O. Box 2205 St. Thomas, V.I. 00801. Tel: (809) 774-2661","","Charlotte Amalie, St. Thomas","VI","(H)","Hotels",1979,"checked",NA,"","4/27/2020 4:18pm","4/27/2020 5:02pm",", ",-64.93534,18.339578,"unclear_coded_by_hand","Location could not be verified. General city or location coordinates used."
"124","VI124","Villa Fairview Guest House","P.O. Box 2205 St. Thomas, V.I. 00801. Tel: 809-774-2661","","Charlotte Amalie, St. Thomas","VI","(H)","Hotels",1978,"checked",NA,"","4/27/2020 4:18pm","4/27/2020 10:05pm",", ",-64.93534,18.339578,"unclear_coded_by_hand","Location could not be verified. General city or location coordinates used."
"125","VI125","Walter's Living Room","(Mostly natives) Creques Alley No. 3, betw. Waterfront & Main St. (Dronningsgens Gade)","","Charlotte Amalie, St. Thomas","VI","(M),(RT)","Bars/Clubs",1978,"checked",NA,"","4/27/2020 4:18pm","4/27/2020 10:06pm",", ",-64.93534,18.339578,"unclear_coded_by_hand","Location could not be verified. General city or location coordinates used."
"126","VI126","Walter's Living Room","(mostly natives) next to Jerry's Place on Creques Alley No. 3 bewt. Waterfront & Main St. (Dronningsgens Gade)","","Charlotte Amalie, St. Thomas","VI","(M),(RT)","Bars/Clubs",1976,"checked",NA,"","4/28/2020 12:34pm","4/28/2020 12:35pm",", ",-64.93534,18.339578,"unclear_coded_by_hand","Location could not be verified. General city or location coordinates used."
"127","VI127","Walter's Living Room","(Mostly natives) Creques Alley No. 3 betw. Waterfront & Main St. (Dronningsgens Gade)","","Charlotte Amalie, St. Thomas","VI","(M),(RT)","Bars/Clubs",1980,"checked",NA,"","4/27/2020 4:18pm","4/27/2020 4:35pm",", ",-64.93534,18.339578,"unclear_coded_by_hand","Location could not be verified. General city or location coordinates used."
"128","VI128","Walter's Living Room","(Mostly natives) Creques Alley No. 3, Betw. Waterfront & Main St. (Dronningsgens Gade)","","Charlotte Amalie, St. Thomas","VI","(M),(RT)","Bars/Clubs",1979,"checked",NA,"","4/27/2020 4:18pm","4/27/2020 5:02pm",", ",-64.93534,18.339578,"unclear_coded_by_hand","Location could not be verified. General city or location coordinates used."
"129","VI129","Walter's Living Room","(mostly natives) next to 'Jerry's Place' on Creques Alley No. 3 betw. Waterfront & Main Street (Dronningsgens Gade)","","Charlotte Amalie, St. Thomas","VI","(M),(RT)","Bars/Clubs",1977,"checked",NA,"","4/27/2020 4:18pm","4/28/2020 12:20pm",", ",-64.93534,18.339578,"unclear_coded_by_hand","Location could not be verified. General city or location coordinates used."
