ID,Title,description,streetaddress,city,state,amenityfeatures,type,Year,unclearaddress,notes,dateadded,lastmodified
1,Atlas Baths ,,118 1/2 Occidental ,Seattle,WA,,Baths,1965,,,3/20/2020 6:15pm,5/7/2020 7:46am
3,Dave's Baths,,2402 1st Ave N,Seattle,WA,,Baths,1965,,,3/20/2020 6:15pm,5/7/2020 7:46am
5,Golden Horseshoe,,207 2nd Ave S,Seattle,WA,(D),Bars/Clubs,1965,,,3/20/2020 6:15pm,5/7/2020 7:46am
7,Luckytavern ,,158 Washington ,Seattle,WA,,Bars/Clubs,1965,,,3/20/2020 6:15pm,5/7/2020 7:46am
8,Madison ,,922 3rd Ave,Seattle,WA,"(G),(D),(*)",Bars/Clubs,1965,,,3/20/2020 6:15pm,5/7/2020 7:46am
9,Mocambo ,(only liquor bar listed),203 Yessler,Seattle,WA,(*),Bars/Clubs,1965,,,3/20/2020 6:15pm,5/7/2020 7:46am
10,Pike Street Tavern,,824 Pike St. ,Seattle,WA,,Bars/Clubs,1965,,,3/20/2020 6:15pm,5/7/2020 7:46am
11,Six-Fourteen,,614 1st St. ,Seattle,WA,"(D),(*)",Bars/Clubs,1965,,,3/20/2020 6:15pm,5/7/2020 7:46am
13,Casbah,,919 W. Spague ,Spokane,WA,(*),Bars/Clubs,1965,,,3/20/2020 6:15pm,5/7/2020 7:46am
14,Atlas Baths ,,118 1/2 Occidental ,Seattle,WA,,Baths,1966,,,3/20/2020 6:15pm,5/7/2020 7:46am
16,Caper ,"('new dance'--after hours Fri & Sat; semi-private; bring your own booze. 2nd fl, Morrison Hotel)",517 3rd Ave,Seattle,WA,(*),"Bars/Clubs,Hotels",1966,,,3/20/2020 6:15pm,5/7/2020 7:46am
17,Dave's Baths ,,2402 1st Ave,Seattle,WA,,Baths,1966,,,3/20/2020 6:15pm,5/7/2020 7:46am
19,Golden Horseshoe,,207 2nd Ave S,Seattle,WA,"(D),(*)",Bars/Clubs,1966,,,3/20/2020 6:15pm,5/7/2020 7:46am
20,Mocambo,(liquor),203 Yesler Way ,Seattle,WA,(*),Bars/Clubs,1966,,,3/20/2020 6:15pm,5/7/2020 7:46am
21,Pike Street Tavern ,,824 Pike St. ,Seattle,WA,,Bars/Clubs,1966,,,3/20/2020 6:15pm,5/7/2020 7:46am
22,Six Eleven Club ,,611 2nd Ave,Seattle,WA,(*),Bars/Clubs,1966,,,3/20/2020 6:15pm,5/7/2020 7:46am
24,Stage Door ,,158 Washington ,Seattle,WA,,Bars/Clubs,1966,,,3/20/2020 6:15pm,5/7/2020 7:46am
26,Casbah ,,919 W. Sprague ,Spokane,WA,(*),Bars/Clubs,1966,,,3/20/2020 6:15pm,5/7/2020 7:46am
27,Murphy's Cafe ,,938 Pacific Ave ,Tacoma,WA,,Bars/Clubs,1966,,,3/20/2020 6:15pm,5/7/2020 7:46am
28,Atlas Bath ,,118 1/2 Occidental ,Seattle,WA,,Baths,1968,,,3/20/2020 6:15pm,5/7/2020 7:46am
29,Busy Bee ,(liquor),417 2nd Ave ,Seattle,WA,,Bars/Clubs,1968,,,3/20/2020 6:15pm,5/7/2020 7:46am
30,Caper ,"(D- semi-private BYOB Fri & Sat nites, 2nd floor Morrison Hotel)",517 3rd Ave,Seattle,WA,(*),"Bars/Clubs,Hotels",1968,,,3/20/2020 6:15pm,5/7/2020 7:46am
31,Clark's Clock,(After hours),1001 Olive Way,Seattle,WA,"(C),(M),(R)",Restaurant,1968,,,3/20/2020 6:15pm,5/7/2020 7:46am
32,Dave's Baths ,,2402 1st Ave ,Seattle,WA,,Baths,1968,,,3/20/2020 6:15pm,5/7/2020 7:46am
34,Golden Horseshoe,,207 2nd Ave S,Seattle,WA,"(D),(*)",Bars/Clubs,1968,,,3/20/2020 6:15pm,5/7/2020 7:46am
35,Mocambo,(liquor),203 Yesler,Seattle,WA,,Bars/Clubs,1968,,,3/20/2020 6:15pm,5/7/2020 7:46am
36,Pike St. Tavern ,,824 Pike St. ,Seattle,WA,,Bars/Clubs,1968,,,3/20/2020 6:15pm,5/7/2020 7:46am
37,Silver Star ,,173 S. Washington,Seattle,WA,"(M),(RT)",Bars/Clubs,1968,,,3/20/2020 6:15pm,5/7/2020 7:46am
38,Six Eleven Club ,,611 2nd Ave,Seattle,WA,,Bars/Clubs,1968,,,3/20/2020 6:15pm,5/7/2020 7:46am
40,Stage Door ,,158 Washington,Seattle,WA,,Bars/Clubs,1968,,,3/20/2020 6:15pm,5/7/2020 7:46am
41,Submarine Room,(liquor- basement of Smith Tower),506 2nd Ave,Seattle,WA,"(G),(D)",Bars/Clubs,1968,,,3/20/2020 6:15pm,5/7/2020 7:46am
42,Casbah ,,919 W. Sprague,Spokane,WA,(*),Bars/Clubs,1968,,,3/20/2020 6:15pm,5/7/2020 7:46am
43,Saddle Tavern ,,927 1st Ave,Spokane,WA,(M),Bars/Clubs,1968,,,3/20/2020 6:15pm,5/7/2020 7:46am
44,Murphy's Cafe ,,938 Pacific Ave,Tacoma,WA,,Bars/Clubs,1968,,,3/20/2020 6:15pm,5/7/2020 7:46am
45,Atlas Baths ,,118 1/2 Occidental ,Seattle,WA,,Baths,1969,,,3/20/2020 6:15pm,5/7/2020 7:46am
47,Caper ,"(semi-private, BYOB, Fri-Sat nites after bars close, 2nd floor) Morrison Hotel ",517 3rd Ave. ,Seattle,WA,"(*),(D),(BYOB)","Bars/Clubs,Hotels",1969,,,3/20/2020 6:15pm,5/7/2020 7:46am
48,Centurion Book Store,,903 Pine St. ,Seattle,WA,,Book Store,1969,,,3/20/2020 6:15pm,5/7/2020 7:46am
49,Clark's Clock ,(after hours),1001 Olive Way ,Seattle,WA,"(M),(R)",Restaurant,1969,,,3/20/2020 6:15pm,5/7/2020 7:46am
50,Dave's Baths ,,2402 1st Ave,Seattle,WA,(*),Baths,1969,,,3/20/2020 6:15pm,5/7/2020 7:46am
52,Golden Horseshoe,,207 2nd Ave So.,Seattle,WA,"(YC),(D),(*)",Bars/Clubs,1969,,,3/20/2020 6:15pm,5/7/2020 7:46am
53,Mocambo ,(Liquor),203 Yessler ,Seattle,WA,,Bars/Clubs,1969,,,3/20/2020 6:15pm,5/7/2020 7:46am
54,Nine-Twenty-Two Club,,922 3rd St. ,Seattle,WA,(SM),Bars/Clubs,1969,,,3/20/2020 6:15pm,5/7/2020 7:46am
55,Pike St. Tavern,,824 Pike St. ,Seattle,WA,(*),Bars/Clubs,1969,,,3/20/2020 6:15pm,5/7/2020 7:46am
56,Silver Star ,,173 S. Washington,Seattle,WA,"(RT),(M)",Bars/Clubs,1969,,,3/20/2020 6:15pm,5/7/2020 7:46am
57,Six-Eleven Club,,611 2nd Ave,Seattle,WA,,Bars/Clubs,1969,,,3/20/2020 6:15pm,5/7/2020 7:46am
58,Six-Fourteen Club,,614 1st St. ,Seattle,WA,"(YC),(D),(*)",Bars/Clubs,1969,,,3/20/2020 6:15pm,5/7/2020 7:46am
60,Stage Door ,,158 Washington,Seattle,WA,,Bars/Clubs,1969,,,3/20/2020 6:15pm,5/7/2020 7:46am
61,Submarine Room ,(Liquor-basement Smith Towers),506 2nd Ave,Seattle,WA,"(G),(D)",Bars/Clubs,1969,,,3/20/2020 6:15pm,5/7/2020 7:46am
62,Casbah ,,919 Sprague ,Spokane,WA,(*),Bars/Clubs,1969,,,3/20/2020 6:15pm,5/7/2020 7:46am
63,Saddle Tarvern ,,927 1st Ave ,Spokane,WA,(M),Bars/Clubs,1969,,,3/20/2020 6:15pm,5/7/2020 7:46am
64,Murphy's Cafe ,,938 Pacific,Tacoma,WA,,Bars/Clubs,1969,,,3/20/2020 6:15pm,5/7/2020 7:46am
65,Atlas Baths ,,118 1/2 Occidental ,Seattle,WA,,Baths,1970,,,3/20/2020 6:15pm,5/7/2020 7:46am
67,Caper ,"(semi-private- BYOB, Fri.- Sat. nites after hours, 2nd floor) Morrison Hotel ",517 1/2 3rd Ave. ,Seattle,WA,(BYOB),"Bars/Clubs,Hotels",1970,,,3/20/2020 6:15pm,5/7/2020 7:46am
68,Dave's Baths ,,2402 1st Ave.,Seattle,WA,(*),Baths,1970,,,3/20/2020 6:15pm,5/7/2020 7:46am
69,Denny's ,(after hours) ,307 N. Aurora,Seattle,WA,(C),Restaurant,1970,,,3/20/2020 6:15pm,5/7/2020 7:46am
71,Golden Horseshoe,,207 2nd Ave,Seattle,WA,"(YC),(D),(*)",Bars/Clubs,1970,,,3/20/2020 6:15pm,5/7/2020 7:46am
72,Mocambo ,(only liquor bar),203 Yessler ,Seattle,WA,"(R),(C)",Restaurant,1970,,,3/20/2020 6:15pm,5/7/2020 7:46am
73,Nine-Twenty-Two Club ,,922 3rd St. ,Seattle,WA,"(SM),(*)",Bars/Clubs,1970,,,3/20/2020 6:15pm,5/7/2020 7:46am
74,Pike Street Tavern ,,824 Pike St. ,Seattle,WA,(*),Bars/Clubs,1970,,,3/20/2020 6:15pm,5/7/2020 7:46am
76,Silver Slipper ,,210 S. Jackson,Seattle,WA,(G),Bars/Clubs,1970,,,3/20/2020 6:15pm,5/7/2020 7:46am
77,Silver Star ,,173 S. Washington,Seattle,WA,"(M),(RT)",Bars/Clubs,1970,,,3/20/2020 6:15pm,5/7/2020 7:46am
78,Six-Eleven Club ,,611 2nd Ave ,Seattle,WA,,Bars/Clubs,1970,,,3/20/2020 6:15pm,5/7/2020 7:46am
79,Six-Fourteen Club ,,614 1st St. ,Seattle,WA,"(YC),(D),(*)",Bars/Clubs,1970,,,3/20/2020 6:15pm,5/7/2020 7:46am
81,Stage Door ,,158 Washington ,Seattle,WA,"(RT),(S)",Bars/Clubs,1970,,,3/20/2020 6:15pm,5/7/2020 7:46am
82,Submarine Room ,(basement Smith Towers),506 2nd Ave,Seattle,WA,"(G),(D)",Bars/Clubs,1970,,,3/20/2020 6:15pm,5/7/2020 7:46am
83,Casbah,,919 W. Sprague ,Spokane,WA,(*),Bars/Clubs,1970,,,3/20/2020 6:15pm,5/7/2020 7:46am
84,Saddle Tavern ,,927 1st Ave,Spokane,WA,(M),Bars/Clubs,1970,,,3/20/2020 6:15pm,5/7/2020 7:46am
85,Atlas Baths ,(fourth floor) ,1318 2nd Ave,Seattle,WA,,Baths,1971,,,3/20/2020 6:15pm,5/7/2020 7:46am
86,Caper ,"(Fri & Sat nights- after hrs.- semi private- 2nd floor, Morrison Hotel)",517 1/2 3rd Ave,Seattle,WA,"(BYOB),(D),(*)","Bars/Clubs,Hotels",1971,,,3/20/2020 6:15pm,5/7/2020 7:46am
88,Club-One-O-Seven ,(after hours) ,107 Occidental So.,Seattle,WA,"(D),(S),(YC),(*)",Bars/Clubs,1971,,,3/20/2020 6:15pm,5/7/2020 7:46am
90,Dave's Baths,,2402 1st Ave. ,Seattle,WA,(*),Baths,1971,,,3/20/2020 6:15pm,5/7/2020 7:46am
92,Golden Horseshoe,,207 2nd Ave. So.,Seattle,WA,"(YC),(D),(*)",Bars/Clubs,1971,,,3/20/2020 6:15pm,5/7/2020 7:46am
93,Grubstake Cafe ,,608 1/2 2nd Ave ,Seattle,WA,"(R),(C)",Restaurant,1971,,,3/20/2020 6:15pm,5/7/2020 7:46am
94,Mike's Pike St. Tavern ,,824 Pike St. ,Seattle,WA,(*),Bars/Clubs,1971,,,3/20/2020 6:15pm,5/7/2020 7:46am
95,Mocambo,(only liquor bar)(after hours),203 Yessler,Seattle,WA,"(C),(R)",Restaurant,1971,,,3/20/2020 6:15pm,5/7/2020 7:46am
96,Nine-Twenty-Two Club ,,922 3rd Ave ,Seattle,WA,"(SM),(*)",Bars/Clubs,1971,,,3/20/2020 6:15pm,5/7/2020 7:46am
97,Silver Slipper ,,210 S. Jackson ,Seattle,WA,(G),Bars/Clubs,1971,,,3/20/2020 6:15pm,5/7/2020 7:46am
98,Silver Star ,,173 S. Washington ,Seattle,WA,"(M),(RT)",Bars/Clubs,1971,,,3/20/2020 6:15pm,5/7/2020 7:46am
99,Six-Eleven Club ,,611 2nd Ave. ,Seattle,WA,,Bars/Clubs,1971,,,3/20/2020 6:15pm,5/7/2020 7:46am
100,Six Fourteen Club ,,614 1st Ave.,Seattle,WA,"(YC),(D),(*)",Bars/Clubs,1971,,,3/20/2020 6:15pm,5/7/2020 7:46am
102,Sub-Marine Room,(Basement of Smith Towers),506 2nd Ave. ,Seattle,WA,"(RT),(D),(HIP)",Bars/Clubs,1971,,,3/20/2020 8:52pm,5/7/2020 7:46am
103,Dorothy Tavern ,,919 W. Sprague ,Spokane,WA,(*),Bars/Clubs,1971,,,3/20/2020 8:52pm,5/7/2020 7:46am
104,Saddle Tavern ,,927 1st Ave. ,Spokane,WA,,Bars/Clubs,1971,,,3/20/2020 8:52pm,5/7/2020 7:46am
105,Murphy's ,,938 Pacific ,Tacoma,WA,"(M),(RT)",Bars/Clubs,1971,,,3/20/2020 8:52pm,5/7/2020 7:46am
107,Iron Bull,,1316 Bay St. ,Bellingham,WA,(M),Bars/Clubs,1972,,,3/20/2020 8:53pm,5/7/2020 7:46am
108,Skipper's ,,116 1st St. ,Bremerton,WA,(M),Bars/Clubs,1972,,,3/20/2020 8:53pm,5/7/2020 7:46am
109,Adult Book Store ,,1415 1st Ave. ,Seattle,WA,,Book Store,1972,,,3/20/2020 8:53pm,5/7/2020 7:46am
110,Atlas Baths,(Fourth floor) ,1318 2nd Ave. ,Seattle,WA,,Baths,1972,,,3/20/2020 8:53pm,5/7/2020 7:46am
111,Blue Moon ,,712 N.E. 45th ,Seattle,WA,"(YC),(M)",Bars/Clubs,1972,,,3/20/2020 8:53pm,5/7/2020 7:46am
113,Dave's Baths ,,2402 1st Ave.,Seattle,WA,(*),Baths,1972,,,3/20/2020 8:53pm,5/7/2020 7:46am
114,Dorian Society ,(Social Club) ,320 Malden Ave. ,Seattle,WA,,Bars/Clubs,1972,,,3/20/2020 8:53pm,5/7/2020 7:46am
115,Golden Horseshoe,,207 2nd Ave. S.,Seattle,WA,"(YC),(HIP),(D),(*)",Bars/Clubs,1972,,,3/20/2020 8:53pm,5/7/2020 7:46am
117,Hideout Tavern ,Pike Public Market ,93 Pike St. ,Seattle,WA,"(M),(HIP)",Bars/Clubs,1972,,,3/20/2020 8:53pm,5/7/2020 7:46am
118,Mike's Pike St. Tavern ,,824 Pike St. ,Seattle,WA,(*),Bars/Clubs,1972,,,3/20/2020 8:53pm,5/7/2020 7:46am
119,Mocambo ,(liquor too!)(after hours),203 Yessler Way ,Seattle,WA,"(*),(C)",Bars/Clubs,1972,,,3/20/2020 8:53pm,5/7/2020 7:46am
120,Nine-Twenty Two Club,,922 3rd Ave.,Seattle,WA,"(W),(SM),(*)",Bars/Clubs,1972,,,3/20/2020 8:53pm,5/7/2020 7:46am
121,One-O-Seven Club ,(no booze- (C) after hours) ,107 Occidental S. ,Seattle,WA,"(YC),(HIP),(D),(*),(C)",Bars/Clubs,1972,,,3/20/2020 8:53pm,5/7/2020 7:46am
123,Silver Slipper ,,210 S. Jackson,Seattle,WA,"(G),(*)",Bars/Clubs,1972,,,3/20/2020 8:53pm,5/7/2020 7:46am
124,Silver Star ,,173 S. Washington,Seattle,WA,"(M),(RT)",Bars/Clubs,1972,,,3/20/2020 8:53pm,5/7/2020 7:46am
125,Six-Eleven Club,,611 2nd Ave.,Seattle,WA,,Bars/Clubs,1972,,,3/20/2020 8:53pm,5/7/2020 7:46am
126,Six-Fourteen Club ,,614 1st Ave.,Seattle,WA,"(YC),(S),(D),(*)",Bars/Clubs,1972,,,3/20/2020 8:53pm,5/7/2020 7:46am
128,Submarine Room ,(basement of Smith Tower),506 2nd Ave.,Seattle,WA,"(M),(RT),(HIP)",Bars/Clubs,1972,,,3/20/2020 8:53pm,5/7/2020 7:46am
130,Thirteen Coins,after hours,125 Boren N. ,Seattle,WA,"(M),(R),(C)",Restaurant,1972,,,3/20/2020 8:53pm,5/7/2020 7:46am
132,Victorla Tavern ,Pike Place Public Market ,91 Lower Pike St. ,Seattle,WA,(M),Bars/Clubs,1972,,,3/20/2020 9:23pm,5/7/2020 7:46am
139,Dorothy's Tavern ,,919 W. Sprague,Spokane,WA,(*),Bars/Clubs,1972,,,3/20/2020 9:23pm,5/7/2020 7:46am
140,Jack's Nite Hawk ,,330 W. Riverside ,Spokane,WA,"(M),(*)",Bars/Clubs,1972,,,3/20/2020 9:23pm,5/7/2020 7:46am
141,Matador Lounge ,Davenport Hotel ,807 W. Sprauge,Spokane,WA,"(M),(R),(PE)","Restaurant,Hotels",1972,,,3/20/2020 9:23pm,5/7/2020 7:46am
142,Sauna Baths ,,217 N. Division ,Spokane,WA,,Baths,1972,,,3/20/2020 9:23pm,5/7/2020 7:46am
145,Murphy's ,,912 Commerce ,Tacoma,WA,"(M),(RT)",Bars/Clubs,1972,,,3/20/2020 9:23pm,5/7/2020 7:46am
146,Sand Box ,,1309 Commerce ,Tacoma,WA,"(S),(*)",Bars/Clubs,1972,,,3/20/2020 9:23pm,5/7/2020 7:46am
148,Iron Bull,,1316 Bay St. ,Bellingham,WA,(M),Bars/Clubs,1973,,,3/20/2020 9:23pm,5/7/2020 7:46am
150,Skipper's ,,116 1st St. ,Bremerton,WA,(M),Bars/Clubs,1973,,,3/20/2020 9:23pm,5/7/2020 7:46am
152,Adult Book Store ,,1415 1st Ave. ,Seattle,WA,,Book Store,1973,,,3/20/2020 9:46pm,5/7/2020 7:46am
153,Atlas Baths ,(4th floor) ,1318 2nd Ave.,Seattle,WA,,Baths,1973,,,3/20/2020 9:46pm,5/7/2020 7:46am
154,Blue Moon ,,712 N.E. 45th ,Seattle,WA,"(M),(YC)",Bars/Clubs,1973,,,3/20/2020 9:46pm,5/7/2020 7:46am
156,Dave's Baths ,,2402 1st. Ave ,Seattle,WA,(*),Baths,1973,,,3/20/2020 9:46pm,5/7/2020 7:46am
157,Doll House ,(go go boys) ,119 Yessler Way ,Seattle,WA,"(D),(G)",Bars/Clubs,1973,,,3/20/2020 9:46pm,5/7/2020 7:46am
158,Dorian Society ,(social club) ,320 Malden Ave. ,Seattle,WA,,Bars/Clubs,1973,,,3/20/2020 9:46pm,5/7/2020 7:46am
160,Eleven Eleven Club ,,1111 E. Pike St. ,Seattle,WA,"(HIP),(YC),(*)",Bars/Clubs,1973,,,3/20/2020 9:46pm,5/7/2020 7:46am
161,Golden Horseshoe,,207 2nd Ave. S. ,Seattle,WA,"(HIP),(YC),(*)",Bars/Clubs,1973,,,3/20/2020 9:46pm,5/7/2020 7:46am
164,Mike's Pike St. Tavern ,,824 Pike St. ,Seattle,WA,(*),Bars/Clubs,1973,,,3/20/2020 9:46pm,5/7/2020 7:46am
165,Mocambo,(Liquor),203 Yessler Way ,Seattle,WA,(*),Bars/Clubs,1973,,,3/20/2020 9:46pm,5/7/2020 7:46am
166,Mother Morgan's Gumbo Factory,"(5-12 p.m., cl. Sun & Mon.)",431 15th Ave. E. ,Seattle,WA,(R),Restaurant,1973,,,3/20/2020 9:46pm,5/7/2020 7:46am
167,Nine Twenty Two Club ,,922 3rd Ave.,Seattle,WA,"(W),(SM),(*)",Bars/Clubs,1973,,,3/20/2020 9:46pm,5/7/2020 7:46am
168,One-O-Seven Club ,(No booze- (C) after hours) ,107 Occidental S. ,Seattle,WA,"(HIP),(YC),(D),(*)",Bars/Clubs,1973,,,3/20/2020 9:46pm,5/7/2020 7:46am
169,Silver Slipper ,,210 S. Jackson ,Seattle,WA,"(D),(G),(*)",Bars/Clubs,1973,,,3/20/2020 9:46pm,5/7/2020 7:46am
170,Six-Eleven Club ,,611 2nd Ave.,Seattle,WA,(*),Bars/Clubs,1973,,,3/20/2020 9:46pm,5/7/2020 7:46am
171,Six-Fourteen Club ,,614 1st Ave. ,Seattle,WA,"(YC),(S),(D),(*)",Bars/Clubs,1973,,,3/20/2020 9:46pm,5/7/2020 7:46am
173,Submarine Room ,(Basement of Smith Tower),506 2nd Ave. ,Seattle,WA,"(M),(HIP),(RT)",Bars/Clubs,1973,,,3/20/2020 9:46pm,5/7/2020 7:46am
175,Thirteen Coins,(after hrs.),125 Boren N. ,Seattle,WA,"(M),(R),(C)",Restaurant,1973,,,3/20/2020 9:46pm,5/7/2020 7:46am
176,Victorla Tavern,Pike Place Public Market ,91 Lower Pike St. ,Seattle,WA,"(HIP),(M)",Bars/Clubs,1973,,,3/20/2020 9:46pm,5/7/2020 7:46am
184,Dorothy's Tavern ,,919 W. Sprague ,Spokane,WA,(*),Bars/Clubs,1973,,,3/20/2020 9:46pm,5/7/2020 7:46am
185,Jack's Nite Hawk ,,330 W. Riverside ,Spokane,WA,(*),Bars/Clubs,1973,,,3/20/2020 9:46pm,5/7/2020 7:46am
186,Matador Lounge ,Davenport Hotel,807 W. Sprague ,Spokane,WA,"(M),(PE),(R)","Restaurant,Hotels",1973,,,3/20/2020 9:46pm,5/7/2020 7:46am
189,Barbary Coast ,,1554 S. Jefferson,Tacoma,WA,,Bars/Clubs,1973,,,3/20/2020 9:46pm,5/7/2020 7:46am
190,Sand Box ,,1309 Commerce ,Tacoma,WA,"(S),(*)",Bars/Clubs,1973,,,3/20/2020 9:46pm,5/7/2020 7:46am
191,Iron Bull ,,1316 Bay St. ,Bellingham,WA,(M),Bars/Clubs,1974,,,3/20/2020 9:46pm,5/7/2020 7:46am
197,London Cafe ,,2008 Hewitt,Everett,WA,(M),Bars/Clubs,1974,,,3/20/2020 9:46pm,5/7/2020 7:46am
198,Adult Book Store ,,1415 1st Ave. ,Seattle,WA,,Book Store,1974,,,3/20/2020 9:46pm,5/7/2020 7:46am
199,Blue Moon ,,712 N.E. 45th ,Seattle,WA,"(M),(YC)",Bars/Clubs,1974,,,3/20/2020 9:46pm,5/7/2020 7:46am
200,Chicken Coop ,(no booze),411 2nd Ave. ,Seattle,WA,"(HIP),(YC),(R),(D)",Restaurant,1974,,,3/20/2020 9:46pm,5/7/2020 7:46am
201,Atlas Baths ,(4th floor),1318 2nd Ave. ,Seattle,WA,,Baths,1974,,,3/20/2020 10:49pm,5/7/2020 7:46am
202,Dave's Baths ,,2402 1st Ave. ,Seattle,WA,(*),Baths,1974,,,3/20/2020 10:52pm,5/7/2020 7:46am
203,Doll House ,(some G)(go-go boys),119 Yessler Way ,Seattle,WA,"(D),(G)",Bars/Clubs,1974,,,3/20/2020 10:52pm,5/7/2020 7:46am
205,Eleven Eleven Club ,,1111 E. Pike St. ,Seattle,WA,,Bars/Clubs,1974,,,3/20/2020 10:52pm,5/7/2020 7:46am
206,Golden Horseshoe,,207 2nd Ave. S. ,Seattle,WA,"(HIP),(YC),(D),(*)",Bars/Clubs,1974,,,3/20/2020 10:52pm,5/7/2020 7:46am
209,Mocambo,(Liquor),203 Yessler Way ,Seattle,WA,"(R),(*)",Restaurant,1974,,,3/20/2020 10:52pm,5/7/2020 7:46am
210,Mother Morgan's Gumbo Factory ,"(5-12 pm, closed Sun & Mon) ",431 15th Ave. E. ,Seattle,WA,"(R),(M)",Restaurant,1974,,,3/20/2020 10:52pm,5/7/2020 7:46am
211,Nine Twenty Two Tavern,,922 3rd Ave.,Seattle,WA,"(W),(SM),(*)",Bars/Clubs,1974,,,3/20/2020 10:52pm,5/7/2020 7:46am
212,One-O-Seven Club ,(no booze- (C) after hours),107 Occidental S.,Seattle,WA,"(HIP),(YC),(D),(C)",Bars/Clubs,1974,,,3/20/2020 10:52pm,5/7/2020 7:46am
213,Pike St. Tavern ,,824 Pike St. ,Seattle,WA,(*),Bars/Clubs,1974,,,3/20/2020 10:52pm,5/7/2020 7:46am
214,Roost ,,1416 7th Ave. ,Seattle,WA,"(YC),(D),(S),(*)",Bars/Clubs,1974,,,3/20/2020 10:52pm,5/7/2020 7:46am
215,Silver Slipper ,,210 S. Jackson ,Seattle,WA,"(G),(D),(*)",Bars/Clubs,1974,,,3/20/2020 10:52pm,5/7/2020 7:46am
216,Six Eleven Club ,,611 2nd Ave. ,Seattle,WA,(*),Bars/Clubs,1974,,,3/20/2020 10:52pm,5/7/2020 7:46am
219,Sultan's Lavender Cinema & Bookstore ,,1313 1st Ave. ,Seattle,WA,,"Book Store,Theatre",1974,,,3/20/2020 10:52pm,5/7/2020 7:46am
221,Thirteen Coins ,(after hours) ,125 Boren N. ,Seattle,WA,"(M),(PE)",Bars/Clubs,1974,,,3/20/2020 10:52pm,5/7/2020 7:46am
222,Trojan Shield ,(after hours) ,117 Occidental Ave. S. ,Seattle,WA,"(R),(D),(C),(S),(*)",Restaurant,1974,,,3/20/2020 10:52pm,5/7/2020 7:46am
224,Zach's Key ,,2620 3rd Ave. ,Seattle,WA,"(R),(D)",Restaurant,1974,,,3/20/2020 10:52pm,5/7/2020 7:46am
231,Dorothy's Tavern,,919 W. Sprague ,Spokane,WA,(*),Bars/Clubs,1974,,,3/20/2020 10:52pm,5/7/2020 7:46am
232,Jack's Nite Hawk ,,330 W. Riverside ,Spokane,WA,(*),Bars/Clubs,1974,,,3/20/2020 10:52pm,5/7/2020 7:46am
233,Matador Lounge ,(bar only) Davenport Hotel ,807 W. Sprague,Spokane,WA,"(M),(PE),(R)","Restaurant,Hotels",1974,,,3/20/2020 10:52pm,5/7/2020 7:46am
236,Barbary Coast ,,1554 S. Jefferson,Tacoma,WA,,Bars/Clubs,1974,,,3/20/2020 10:52pm,5/7/2020 7:46am
237,Sand Box ,,1309 Commerce ,Tacoma,WA,"(S),(*)",Bars/Clubs,1974,,,3/20/2020 10:52pm,5/7/2020 7:46am
238,Iron Bull ,,1316 Bay St. ,Bellingham,WA,(M),Bars/Clubs,1975,,,3/20/2020 10:52pm,5/7/2020 7:46am
246,London Cafe Bar ,,2008 Hewitt,Everett,WA,(M),Bars/Clubs,1975,,,3/26/2020 6:50pm,5/7/2020 7:46am
247,Adult Book Store ,,1415 1st Ave. ,Seattle,WA,,Book Store,1975,,,3/26/2020 6:50pm,5/7/2020 7:46am
248,Atlas Baths ,(4th floor),1318 2nd Ave. ,Seattle,WA,(*),Baths,1975,,,3/26/2020 6:50pm,5/7/2020 7:46am
249,Blue Moon ,,712 N.E. 45th ,Seattle,WA,"(M),(YC)",Bars/Clubs,1975,,,3/26/2020 6:50pm,5/7/2020 7:46am
250,Columbus ,,167 S. Washington,Seattle,WA,(RT),Bars/Clubs,1975,,,3/26/2020 6:50pm,5/7/2020 7:46am
251,Dave's Baths ,,2402 1st Ave. ,Seattle,WA,(*),Baths,1975,,,3/26/2020 6:50pm,5/7/2020 7:46am
252,Doll House ,(Some G)(go go boys) ,119 Yessler Way ,Seattle,WA,"(D),(G)",Bars/Clubs,1975,,,3/26/2020 6:50pm,5/7/2020 7:46am
253,Double Header ,near Yessler ,407 2nd Ave. ,Seattle,WA,"(M),(RT)",Bars/Clubs,1975,,,3/26/2020 6:50pm,5/7/2020 7:46am
254,Eleven Eleven Tavern ,,1111 E. Pike St. ,Seattle,WA,(D),Bars/Clubs,1975,,,3/26/2020 6:50pm,5/7/2020 7:46am
255,Golden Horseshoe,,207 2nd Ave. S. ,Seattle,WA,"(HIP),(YC),(D),(*)",Bars/Clubs,1975,,,3/26/2020 6:50pm,5/7/2020 7:46am
256,Johnny's Handlebar ,near Virgina ,2018 1st Ave.,Seattle,WA,"(W),(SM),(*)",Bars/Clubs,1975,,,3/26/2020 6:50pm,5/7/2020 7:46am
257,M.C.C. ,,128 16th Ave. E.,Seattle,WA,,Church,1975,,,3/26/2020 6:50pm,5/7/2020 7:46am
258,Mike's Pike St. Tavern ,,824 Pike St. ,Seattle,WA,,Bars/Clubs,1975,,,3/26/2020 6:50pm,5/7/2020 7:46am
259,Mocambo ,(Liquor),203 Yessler Way ,Seattle,WA,"(R),(*)",Restaurant,1975,,,3/26/2020 6:50pm,5/7/2020 7:46am
260,Mother Morgan's Gumbo Factory ,(5-12p.m. - closed Sun & Mon.),431 15th Ave. E. ,Seattle,WA,"(HIP),(M),(R)",Restaurant,1975,,,3/26/2020 6:50pm,5/7/2020 7:46am
261,Nine Twenty Two Tavern ,,922 3rd Ave. ,Seattle,WA,"(W),(SM),(*)",Bars/Clubs,1975,,,3/26/2020 6:50pm,5/7/2020 7:46am
263,Silver Slipper ,,210  S. Jackson ,Seattle,WA,"(G),(D),(*)",Bars/Clubs,1975,,,3/26/2020 6:50pm,5/7/2020 7:46am
264,Silver Star ,,173 S. Washington,Seattle,WA,,Bars/Clubs,1975,,,3/26/2020 6:50pm,5/7/2020 7:46am
265,Six Eleven Club ,,611 2nd Ave. ,Seattle,WA,(*),Bars/Clubs,1975,,,3/26/2020 6:50pm,5/7/2020 7:46am
268,Sultan's Lavender Theatre & Bookstore,,1313 1st Ave. ,Seattle,WA,,"Theatre,Book Store",1975,,,3/26/2020 6:50pm,5/7/2020 7:46am
270,Thirteen Coins ,,125 Boren N. ,Seattle,WA,"(M),(R),(C),(AH)",Restaurant,1975,,,3/26/2020 6:50pm,5/7/2020 7:46am
271,Tip Inn,,1926 9th Ave. ,Seattle,WA,"(M),(PE)",Bars/Clubs,1975,,,3/26/2020 6:50pm,5/7/2020 7:46am
272,Trojan Shield ,(Liquor),117 Occidental Ave. S.,Seattle,WA,"(R),(D),(S),(AH),(C)",Restaurant,1975,,,3/26/2020 6:50pm,5/7/2020 7:46am
280,Jack's Nite Hawk,,330 W. Riverside ,Spokane,WA,(*),Bars/Clubs,1975,,,3/26/2020 6:50pm,5/7/2020 7:46am
281,Matador Lounge ,(bar only) Davenport Hotel ,807 W. Sprague,Spokane,WA,"(M),(PE),(R)","Restaurant,Hotels",1975,,,3/26/2020 6:50pm,5/7/2020 7:46am
282,Other Side ,,919 W. Sprague ,Spokane,WA,,Bars/Clubs,1975,,,3/26/2020 6:50pm,5/7/2020 7:46am
285,Fickle Fox ,,1309 Commerce ,Tacoma,WA,(*),Bars/Clubs,1975,,,3/26/2020 6:50pm,5/7/2020 7:46am
286,Up & Up Tavern ,(fun Sunday afternoons),1234 N. State ,Bellingham,WA,(*),Bars/Clubs,1976,,,3/26/2020 6:50pm,5/7/2020 7:46am
292,London Cafe Bar ,,2008 Hewitt ,Everett,WA,(M),Bars/Clubs,1976,,,3/26/2020 6:50pm,5/7/2020 7:46am
293,Adult Book Store ,,1415 First Ave. ,Seattle,WA,,Book Store,1976,,,3/26/2020 6:50pm,5/7/2020 7:46am
294,Annex ,(Liquor),1914 8th St. ,Seattle,WA,"(R),(*)",Restaurant,1976,,,3/26/2020 6:50pm,5/7/2020 7:46am
295,Atlas Baths ,(4th floor),1318 2nd Ave. ,Seattle,WA,(*),Baths,1976,,,3/26/2020 6:50pm,5/7/2020 7:46am
296,Blue Moon ,,712 N.E. 45th ,Seattle,WA,"(M),(YC)",Bars/Clubs,1976,,,3/26/2020 6:50pm,5/7/2020 7:46am
297,Columbus ,,167 S. Washington,Seattle,WA,(RT),Bars/Clubs,1976,,,3/26/2020 6:50pm,5/7/2020 7:46am
298,Dancing Machine ,(Disco) ,3400 Fremont ,Seattle,WA,"(YC),(D),(WE),(*)",Bars/Clubs,1976,,,3/26/2020 6:50pm,5/7/2020 7:46am
299,Dave's Baths ,(2nd floor) ,2402 First Ave. ,Seattle,WA,(*),Baths,1976,,,3/26/2020 6:50pm,5/7/2020 7:46am
300,Double Header ,,407 2nd Ave. ,Seattle,WA,"(M),(RT)",Bars/Clubs,1976,,,3/26/2020 6:50pm,5/7/2020 7:46am
301,Eleven Eleven Tavern ,(Heavy HIP),1111 E. Pike St. ,Seattle,WA,"(HIP),(D)",Bars/Clubs,1976,,,3/26/2020 6:50pm,5/7/2020 7:46am
302,Golden Horseshoe ,(Adm.),207 2nd Ave. S. ,Seattle,WA,"(HIP),(YC),(D),(C),(AH),(WE)",Bars/Clubs,1976,,,3/26/2020 6:50pm,5/7/2020 7:46am
303,Haddads ,(Liquor),2400 First St. ,Seattle,WA,"(M),(R)",Restaurant,1976,,,3/26/2020 6:50pm,5/7/2020 7:46am
304,Johnny's Handlebar ,Nr. Virginia,2018 First Ave. ,Seattle,WA,"(W),(SM),(*)",Bars/Clubs,1976,,,3/26/2020 6:50pm,5/7/2020 7:46am
307,M.C.C. ,,128 16th Ave. E.,Seattle,WA,,Church,1976,,,3/26/2020 6:50pm,5/7/2020 7:46am
308,Mocambo,(Liquor),203 Yessler Way ,Seattle,WA,"(OC),(R)",Restaurant,1976,,,3/26/2020 6:50pm,5/7/2020 7:46am
309,Nine-Twenty-Two Tavern,"(may be changing name back to ""Madison Tavern""",824 Pike St. ,Seattle,WA,"(W),(D),(*)",Bars/Clubs,1976,,,3/26/2020 6:50pm,5/7/2020 7:46am
310,One-O-Seven ,(AH-only),107 Occidental ,Seattle,WA,"(C),(AH)",Bars/Clubs,1976,,,3/26/2020 6:50pm,5/7/2020 7:46am
311,Pike Street Tavern ,,824 Pike St. ,Seattle,WA,(OC),Bars/Clubs,1976,,,3/26/2020 6:50pm,5/7/2020 7:46am
313,Shelley's Leg ,(Liquor) nr. Alaskan Way (Disco),77 S. Main ,Seattle,WA,"(HIP),(YC),(D),(*)",Bars/Clubs,1976,,,3/26/2020 6:50pm,5/7/2020 7:46am
314,Silver Slipper ,,210 S. Jackson,Seattle,WA,"(G),(D),(*)",Bars/Clubs,1976,,,3/26/2020 6:50pm,5/7/2020 7:46am
315,Silver Star ,,173 S. Washington ,Seattle,WA,,Bars/Clubs,1976,,,3/26/2020 6:50pm,5/7/2020 7:46am
316,Six Eleven Club ,,611 2nd Ave. ,Seattle,WA,(*),Bars/Clubs,1976,,,3/26/2020 6:50pm,5/7/2020 7:46am
319,Sultan's Lavender Theatre & Bookstore ,,1313 1st Ave. ,Seattle,WA,,"Book Store,Theatre",1976,,,3/26/2020 6:50pm,5/7/2020 7:46am
321,Thirteen Coins ,,125 Boren N. ,Seattle,WA,"(M),(R),(C),(AH)",Restaurant,1976,,,3/26/2020 6:50pm,5/7/2020 7:46am
322,Trojan Shield ,(Liquor)(supposedly moving & may be changing name) ,117 Occidental Ave. S. ,Seattle,WA,"(R),(D),(C),(AH)",Restaurant,1976,,,3/26/2020 6:50pm,5/7/2020 7:46am
323,Twenty-Twenty-Four Tavern ,,2024 Westlake,Seattle,WA,(*),Bars/Clubs,1976,,,3/26/2020 6:50pm,5/7/2020 7:46am
331,Jack's Night Hawk,(where it's at!),330 W. Riverside ,Spokane,WA,(*),Bars/Clubs,1976,,,3/26/2020 6:50pm,5/7/2020 7:46am
332,Other Side ,(new owner- looks promising) ,919 W. Sprague,Spokane,WA,(*),Bars/Clubs,1976,,,3/26/2020 6:50pm,5/7/2020 7:46am
333,Show Boat ,,1202 W. 1st. ,Spokane,WA,"(M),(R),(C),(AH)",Restaurant,1976,,,3/26/2020 6:50pm,5/7/2020 7:46am
337,Parson's Hotel ,'teenie-boppers'- pool table ,108 S. Jefferson,Spokane,WA,Cruisy Area,"Cruising Areas,Hotels",1976,,,3/26/2020 6:50pm,5/7/2020 7:54am
338,D.J.'s ,(something for everyone),1309 Commerce ,Tacoma,WA,"(D),(*)",Bars/Clubs,1976,,,3/26/2020 6:50pm,5/7/2020 7:46am
339,Flamingo,(looks promising),1516 Broadway ,Tacoma,WA,(R),Restaurant,1976,,,3/26/2020 6:51pm,5/7/2020 7:46am
344,Up & Up Tavern ,(Fun Sunday afternoons),1234 North State,Bellingham,WA,(*),Bars/Clubs,1977,,,3/26/2020 8:58pm,5/7/2020 7:46am
347,London Cafe Bar ,,2008 Hweitt ,Everett,WA,(M),Bars/Clubs,1977,,,3/26/2020 8:58pm,5/7/2020 7:46am
350,Adult Book Store ,,1415 First Avenue ,Seattle,WA,,Book Store,1977,,,3/26/2020 8:58pm,5/7/2020 7:46am
351,Annex ,(Liquor),1914 8th Avenue ,Seattle,WA,"(R),(*)",Restaurant,1977,,,3/26/2020 8:58pm,5/7/2020 7:46am
352,Atlas Baths ,(4th floor),1318 2nd Avenue ,Seattle,WA,(*),Baths,1977,,,3/26/2020 8:58pm,5/7/2020 7:46am
353,Blue Moon ,,712 N.E. 45th ,Seattle,WA,"(M),(YC)",Bars/Clubs,1977,,,3/26/2020 8:58pm,5/7/2020 7:46am
354,Carcinogen ,"(books, etc.)",611 Pike Street ,Seattle,WA,,Book Store,1977,,,3/26/2020 8:58pm,5/7/2020 7:46am
355,Chez Paul ,(French R),1107 Dexter Avenue North ,Seattle,WA,"(M),(PE),(R)",Restaurant,1977,,,3/26/2020 8:58pm,5/7/2020 7:46am
356,Columbus Tavern ,,167 South Washington ,Seattle,WA,"(RT),(M),(OC)",Bars/Clubs,1977,,,3/26/2020 8:58pm,5/7/2020 7:46am
357,Cresent Tavern ,,1413 E. Olive St. ,Seattle,WA,"(G),(D),(PT),(*)",Bars/Clubs,1977,,,3/26/2020 8:58pm,5/7/2020 7:46am
358,Dancing Machine ,(Disco),3400 Fremont ,Seattle,WA,"(YC),(D),(*)",Bars/Clubs,1977,,,3/26/2020 8:58pm,5/7/2020 7:46am
359,Dave's Baths ,(2nd floor),2402 First Avenue ,Seattle,WA,(*),Baths,1977,,,3/26/2020 8:58pm,5/7/2020 7:46am
360,Double Header ,,407 2nd Avenue ,Seattle,WA,"(M),(RT),(OC)",Bars/Clubs,1977,,,3/26/2020 8:58pm,5/7/2020 7:46am
361,Dylan's Tavern ,"(Looks promising)(may be called ""The Bunkhouse"" or Marshall's Office",1224 Howell ,Seattle,WA,(W),Bars/Clubs,1977,,,3/26/2020 8:58pm,5/7/2020 7:46am
362,Eleven Eleven Tavern ,,1111 E. Pike Street ,Seattle,WA,"(HIP),(D),(PT)",Bars/Clubs,1977,,,3/26/2020 8:58pm,5/7/2020 7:46am
363,Gay Community Center ,,1726 16th Avenue ,Seattle,WA,,Business,1977,,,3/26/2020 8:58pm,5/7/2020 7:46am
364,Johnny's Handlebar ,(also 'Leather Cell' shop) near Virgina,2018 First Avenue ,Seattle,WA,"(SM),(W),(PT),(*)",Bars/Clubs,1977,,,3/26/2020 8:58pm,5/7/2020 7:46am
366,Kozy Korner Kafe,(days only),1101 East Pike Street,Seattle,WA,(M),Bars/Clubs,1977,,,3/26/2020 8:58pm,5/7/2020 7:46am
367,Larry's Greenland ,(Liquor),801 Pike St. ,Seattle,WA,(R),Restaurant,1977,,,3/26/2020 8:58pm,5/7/2020 7:46am
368,Madison Tavern ,,922 Third Avenue,Seattle,WA,"(W),(D),(*)",Bars/Clubs,1977,,,3/26/2020 8:58pm,5/7/2020 7:46am
369,Magazine City Adult Books ,,1210 First Ave.,Seattle,WA,,Book Store,1977,,,3/26/2020 8:58pm,5/7/2020 7:46am
370,M.C.C.,,128 16th Avenue East,Seattle,WA,,Church,1977,,,3/26/2020 8:58pm,5/7/2020 7:46am
371,Metropolitan Health Club ,,120 Pike St. ,Seattle,WA,(M),Business,1977,,,3/26/2020 8:58pm,5/7/2020 7:46am
372,Mocambo ,(Liquor),203 Yessler ,Seattle,WA,"(R),(*)",Restaurant,1977,,,3/26/2020 8:58pm,5/7/2020 7:46am
373,One-O-Seven ,(No booze-C-AH)(May be closing),107 Occidental Avenue South ,Seattle,WA,"(C),(AH),(B)",Bars/Clubs,1977,,,3/26/2020 8:58pm,5/7/2020 7:46am
374,Pike Street Tavern ,,824 Pike Street,Seattle,WA,"(OC),(PT)",Bars/Clubs,1977,,,3/26/2020 8:58pm,5/7/2020 7:46am
375,Place Upstairs Tavern Theatre,,1404 7th Ave.,Seattle,WA,,Theatre,1977,,,3/26/2020 8:58pm,5/7/2020 7:46am
376,Popeye ,,315 First Avenue North,Seattle,WA,(R),Restaurant,1977,,,3/26/2020 8:58pm,5/7/2020 7:46am
378,Silver Slipper ,,210 S. Jackson,Seattle,WA,"(G),(D),(PT)",Bars/Clubs,1977,,,3/26/2020 8:58pm,5/7/2020 7:46am
379,Silver Star ,,173 S. Washington,Seattle,WA,(RT),Bars/Clubs,1977,,,3/26/2020 8:58pm,5/7/2020 7:46am
380,Six Eleven Club ,,611 Second Ave.,Seattle,WA,(*),Bars/Clubs,1977,,,3/26/2020 8:58pm,5/7/2020 7:46am
381,Southend Baths ,,115 1/2 Frist Ave. So. ,Seattle,WA,(OC),Baths,1977,,,3/26/2020 8:58pm,5/7/2020 7:46am
383,Sultan's Cinerma & Books,,1313 First Ave. ,Seattle,WA,,Book Store,1977,,,3/26/2020 8:58pm,5/7/2020 7:46am
384,Too Hi Tavern ,,3405 Fremont Ave. ,Seattle,WA,"(M),(HIP)",Bars/Clubs,1977,,,3/26/2020 8:58pm,5/7/2020 7:46am
385,Twenty-Twenty-Four Tavern ,,2024 Westlake,Seattle,WA,"(PT),(*)",Bars/Clubs,1977,,,3/26/2020 8:58pm,5/7/2020 7:46am
386,Victorla Tavern ,,91 Pike Pl-Market,Seattle,WA,"(M),(HIP),(YC)",Bars/Clubs,1977,,,3/26/2020 8:58pm,5/7/2020 7:46am
402,Jack's Night Hawk ,,330 West Riverside,Spokane,WA,(*),Bars/Clubs,1977,,,3/26/2020 8:58pm,5/7/2020 7:46am
403,Show Boat ,,1201 W. First Ave,Spokane,WA,"(M),(R),(C),(AH)",Restaurant,1977,,,3/26/2020 8:58pm,5/7/2020 7:46am
404,Sonya's Magic Inn ,,425 W. First Ave. ,Spokane,WA,"(S),(D),(*)",Bars/Clubs,1977,,,3/26/2020 8:58pm,5/7/2020 7:46am
407,Parson's Hotel,"""teenie boppers""",108 South Jefferson ,Spokane,WA,Cruisy Area,"Cruising Areas,Hotels",1977,,,3/26/2020 8:58pm,5/7/2020 7:46am
408,Barbary Coast ,(Liquor)(Disco),1715 Jefferson,Tacoma,WA,"(R),(YC),(D),(*)",Restaurant,1977,,,3/26/2020 8:58pm,5/7/2020 7:46am
409,D.J.'s ,"(Some W, G)",1309 Commerce,Tacoma,WA,"(D),(W),(G)",Bars/Clubs,1977,,,3/26/2020 8:58pm,5/7/2020 7:46am
410,Flamingo ,(Liquor),1516 Broadway ,Tacoma,WA,(R),Restaurant,1977,,,3/26/2020 8:58pm,5/7/2020 7:46am
415,Anchor ,opp Ferry Dock ,154 1st St. ,Bellingham,WA,(M),Bars/Clubs,1978,,,3/26/2020 8:58pm,5/7/2020 7:46am
416,Great Northern Bookstore ,,1306 Railroad Ave. ,Bellingham,WA,,Book Store,1978,,,3/26/2020 8:58pm,5/7/2020 7:46am
417,The Hut ,,1317 1/2 No. State St. ,Bellingham,WA,(*),Bars/Clubs,1978,,,3/26/2020 8:58pm,5/7/2020 7:46am
420,Blaine's Books ,,715 Peace Portal Way ,Blaine,WA,,Book Store,1978,,,3/26/2020 8:58pm,5/7/2020 7:46am
423,Everett Magazine Center ,,1808 Hweitt,Everett,WA,,Business,1978,,,3/26/2020 8:58pm,5/7/2020 7:46am
424,London Cafe Bar ,,2008 Hewitt,Everett,WA,(M),Bars/Clubs,1978,,,3/26/2020 8:58pm,5/7/2020 7:46am
427,Great Northern Bookstore,,515 1st St. ,Mt. Vernon,WA,,Book Store,1978,,,3/26/2020 8:58pm,5/7/2020 7:46am
430,Adult Book Store ,,1415 1st Ave. ,Seattle,WA,,Book Store,1978,,,3/26/2020 8:58pm,5/7/2020 7:46am
431,Atlas Baths ,(Semi-P)(4th floor),1318 2nd Ave. ,Seattle,WA,(*),Baths,1978,,,3/26/2020 8:58pm,5/7/2020 7:46am
433,Carcinogen Books ,,611 Pike St. ,Seattle,WA,(M),Book Store,1978,,,3/26/2020 8:58pm,5/7/2020 7:46am
434,Champ Arcade ,(books & movies)(HOT),1413 1st Ave. ,Seattle,WA,(HOT),Business,1978,,,3/26/2020 8:58pm,5/7/2020 7:46am
435,Chez Paul ,(French R),1107 Dexter Ave. No. ,Seattle,WA,"(PE),(R)",Restaurant,1978,,,3/26/2020 8:58pm,5/7/2020 7:46am
436,Columbus Tavern ,,167 So. Washington,Seattle,WA,"(M),(RT),(OC)",Bars/Clubs,1978,,,3/26/2020 8:58pm,5/7/2020 7:46am
437,Crescent Tavern ,,1413 E. Olive Way ,Seattle,WA,"(G),(D),(PT),(*)",Bars/Clubs,1978,,,3/26/2020 8:58pm,5/7/2020 7:46am
438,Dancing Machine ,"(Disco)(On-again, off-again)",3400 Fremont ,Seattle,WA,"(*),(HIP),(YC),(D)",Bars/Clubs,1978,,,3/26/2020 8:58pm,5/7/2020 7:46am
439,Dave's Baths ,(2nd floor),2402 1st Ave. ,Seattle,WA,(*),Baths,1978,,,3/26/2020 8:58pm,5/7/2020 7:46am
440,Double Header ,,407 2nd Ave. ,Seattle,WA,"(M),(RT),(OC)",Bars/Clubs,1978,,,3/27/2020 11:45pm,5/7/2020 7:46am
441,El Toro Lounge & Jim Shop,(some RT),201 So. Washington,Seattle,WA,"(M),(R),(RT)",Restaurant,1978,,,3/27/2020 11:45pm,5/7/2020 7:46am
442,Gay Community Center ,,110 Boylston E. ,Seattle,WA,,Business,1978,,,3/27/2020 11:45pm,5/7/2020 7:46am
443,Golden Crown ,(Liquor)(Looks promising)(nr. Fourth & Pine),1608 Times Ct. ,Seattle,WA,"(R),(D),(E)",Restaurant,1978,,,3/27/2020 11:45pm,5/7/2020 7:46am
444,Johnny's Handlebar ,(Cruisy)(Also 'Leather Cell' shop in rear),2018 1st Ave. ,Seattle,WA,"(*),(SM),(W),(AH)","Bars/Clubs,Cruising Areas",1978,,,3/27/2020 11:45pm,5/7/2020 7:46am
445,John's Adult Books ,,1410 1st Ave ,Seattle,WA,,Book Store,1978,,,3/27/2020 11:45pm,5/7/2020 7:46am
447,Magazine City Adult Books ,,1210 1st Ave. ,Seattle,WA,,Book Store,1978,,,3/27/2020 11:45pm,5/7/2020 7:46am
448,Marshall's Office ,,1224 Howell ,Seattle,WA,"(W),(SM),(PT),(*)",Bars/Clubs,1978,,,3/27/2020 11:45pm,5/7/2020 7:46am
449,M.C.C.,,128 16th Ave. E,Seattle,WA,,Church,1978,,,3/27/2020 11:45pm,5/7/2020 7:46am
450,Metropolitan Health Club ,(Gym),120 Pike St. ,Seattle,WA,,Business,1978,,,3/27/2020 11:45pm,5/7/2020 7:46am
451,Mocambo,(Liquor),203 Yesler Way ,Seattle,WA,"(R),(*)",Restaurant,1978,,,3/27/2020 11:45pm,5/7/2020 7:46am
452,Mr. Larry's ,(Liquor),801 Pike St. ,Seattle,WA,"(R),(*)",Restaurant,1978,,,3/27/2020 11:45pm,5/7/2020 7:46am
453,Olive Way Tavern ,,1706 Bellevue Ave. ,Seattle,WA,(M),Bars/Clubs,1978,,,3/27/2020 11:45pm,5/7/2020 7:46am
455,Six-Eleven Club ,,611 2nd Ave. ,Seattle,WA,(*),Bars/Clubs,1978,,,3/27/2020 11:45pm,5/7/2020 7:46am
457,Sultan's Cinema ,(best to avoid),1313 1st Ave. ,Seattle,WA,,Theatre,1978,,,3/27/2020 11:45pm,5/7/2020 7:46am
458,The Pines ,(Baths)(Should be a winner)(Lower floor),912 Pine St. ,Seattle,WA,,Baths,1978,,,3/27/2020 11:45pm,5/7/2020 7:46am
459,Twenty-Twenty Four Tavern ,,2024 Westlake ,Seattle,WA,"(PT),(*)",Bars/Clubs,1978,,,3/27/2020 11:45pm,5/7/2020 7:46am
460,Two-O-Six Tavern ,,206 Broadway E. ,Seattle,WA,"(M),(PT)",Bars/Clubs,1978,,,3/27/2020 11:45pm,5/7/2020 7:46am
461,Victorla Tavern ,,91 Pike St. ,Seattle,WA,"(M),(HIP),(YC)",Bars/Clubs,1978,,,3/27/2020 11:45pm,5/7/2020 7:46am
477,Adult Book Store ,,E. 1820 Sprauge ,Spokane,WA,,Book Store,1978,,,3/27/2020 11:45pm,5/7/2020 7:46am
478,Carriage House ,Otis Hotel ,110 So. Madison ,Spokane,WA,"(M),(R),(C),(AH)","Restaurant,Hotels",1978,,,3/27/2020 11:45pm,5/7/2020 7:46am
479,Curious Book Store ,,W. 327 2nd Ave. ,Spokane,WA,,Book Store,1978,,,3/27/2020 11:45pm,5/7/2020 7:46am
480,Happy's Adult Book Store ,,45 W. Main ,Spokane,WA,,Book Store,1978,,,3/27/2020 11:45pm,5/7/2020 8:02am
481,Jack's Night Hawk ,(Cruisy),330 W. Riverside,Spokane,WA,(PT),"Bars/Clubs,Cruising Areas",1978,,,3/27/2020 11:45pm,5/7/2020 7:46am
482,Matador Lounge ,Davenport Hotel ,807 W. Sprauge ,Spokane,WA,"(M),(OC),(WE)","Bars/Clubs,Hotels",1978,,,3/27/2020 11:45pm,5/7/2020 7:46am
483,Payless Books & Arcade ,,329 W. 2nd AVe. ,Spokane,WA,,"Book Store,Business",1978,,,3/27/2020 11:45pm,5/7/2020 7:46am
484,Show Boat ,,1201 W. 1st Ave. ,Spokane,WA,"(M),(R)",Restaurant,1978,,,3/27/2020 11:45pm,5/7/2020 7:46am
485,Soyna's Magic Inn ,(disco),425 W 1st Ave. ,Spokane,WA,"(D),(S),(WE),(*)",Bars/Clubs,1978,,,3/27/2020 11:45pm,5/7/2020 7:46am
489,Barbary Coast ,(liquor)(Cruisy)(Maybe be adding (H) rooms above) ,1552 Jefferson,Tacoma,WA,"(*),(R),(YC),(D),(H)","Restaurant,Cruising Areas",1978,,,3/27/2020 11:45pm,5/7/2020 7:46am
490,Flamingo Lounge ,(liquor),1516 Broadway ,Tacoma,WA,"(R),(OC)",Restaurant,1978,,,3/27/2020 11:45pm,5/7/2020 7:46am
491,Mister's ,"(Another name for this old bar)(Some G, B, RT)('Drags')",1309 Commerce ,Tacoma,WA,"(D),(G),(B),(RT)",Bars/Clubs,1978,,,3/27/2020 11:45pm,5/7/2020 7:46am
492,Tacoma Magazine Center ,(Books),1346 Pacific Ave. ,Tacoma,WA,,Book Store,1978,,,3/27/2020 11:45pm,5/7/2020 7:46am
501,Great Northern Book Store ,,1206 Railroad Ave. ,Bellingham,WA,,Book Store,1979,,,3/27/2020 11:45pm,5/7/2020 7:46am
502,Hut ,(Some G),1317 1/2 N. State St. ,Bellingham,WA,"(*),(D),(PT),(G),(YC)",Bars/Clubs,1979,,,3/27/2020 11:45pm,5/7/2020 7:46am
505,Blain Amusements ,(books & arcade) ,481 1/2 Peace Portal Way ,Blaine,WA,,Book Store,1979,,,3/27/2020 11:45pm,5/7/2020 7:46am
506,Blain Books ,,715 Peace Portal Way ,Blaine,WA,,Book Store,1979,,,3/27/2020 11:45pm,5/7/2020 7:46am
509,Everette Books & Magazines,,1808 Hewitt Ave. ,Everett,WA,,Book Store,1979,,,3/27/2020 11:45pm,5/7/2020 7:46am
510,London Bar Cafe ,,2008 Hewitt Ave. ,Everett,WA,(M),Bars/Clubs,1979,,,3/27/2020 11:45pm,5/7/2020 7:46am
513,Great Northern Book Store ,,420 Myrtle St. ,Mt. Vernon,WA,,Book Store,1979,,,3/27/2020 11:45pm,5/7/2020 7:46am
516,Adult Book Store ,,1415 1st Ave. ,Seattle,WA,,Book Store,1979,,,3/27/2020 11:45pm,5/7/2020 7:46am
517,Atlas Baths ,(take elevator to 4th floor),1318 2nd Ave. ,Seattle,WA,"(*),(P)",Baths,1979,,,3/27/2020 11:45pm,5/7/2020 7:46am
519,Brass Door ,('Humpy Jocks')(Disco),722 E. Pike St. ,Seattle,WA,"(*),(YC),(D)",Bars/Clubs,1979,,,3/27/2020 11:45pm,5/7/2020 7:46am
520,Carcinogen Books ,(HOT),611 Pike St. ,Seattle,WA,"(M),(HOT)",Book Store,1979,,,3/27/2020 11:45pm,5/7/2020 7:46am
521,Cascades ,(Disco)(3 floors)(Opening Fall '78),77 S. Main ,Seattle,WA,"(D),(R),(E)",Restaurant,1979,,,3/27/2020 11:45pm,5/7/2020 7:46am
522,Champ Arcade ,(books & arcade)(HOT),1413 1st St. ,Seattle,WA,(HOT),Business,1979,,,3/27/2020 11:45pm,5/7/2020 7:46am
523,Chez Paul ,(Very PE-M)(French R),1107 Dexter Ave. ,Seattle,WA,"(R),(PE),(M)",Restaurant,1979,,,3/27/2020 11:45pm,5/7/2020 7:46am
524,Colombus Tavern ,,167 S. Washington ,Seattle,WA,"(M),(RT),(OC)",Bars/Clubs,1979,,,3/27/2020 11:45pm,5/7/2020 7:46am
525,Crescent Tavern ,,1413 E. Olive Way ,Seattle,WA,"(G),(D),(PT)",Bars/Clubs,1979,,,3/27/2020 11:45pm,5/7/2020 7:46am
526,Crystal Steam Baths ,,722 Broadway ,Seattle,WA,(M),Baths,1979,,,3/27/2020 11:45pm,5/7/2020 7:46am
527,Dave's Baths,(2nd floor),2402 1st Ave. ,Seattle,WA,(*),Baths,1979,,,3/27/2020 11:45pm,5/7/2020 7:46am
528,Double Header ,,407 2nd Ave. ,Seattle,WA,"(M),(RT),(OC)",Bars/Clubs,1979,,,3/27/2020 11:45pm,5/7/2020 7:46am
529,El Toro Lounge & Jim's Chop House ,(Some RT),201 S. Washington,Seattle,WA,"(M),(R),(RT)",Restaurant,1979,,,3/27/2020 11:45pm,5/7/2020 7:46am
530,Gay Community Center,,105 14th Ave. ,Seattle,WA,,Business,1979,,,3/27/2020 11:45pm,5/7/2020 7:46am
531,Golden Crown ,(Liquor)(Looking up)(nr. 4th & Pine),1608 Times Court,Seattle,WA,"(R),(D),(E)",Restaurant,1979,,,3/27/2020 11:45pm,5/7/2020 7:46am
532,Johnny's Handlebar,(Cruisy)('Leather Cell' shop in rear),2018 1st Ave. ,Seattle,WA,"(*),(SM),(FFA),(W),(C),(AH)","Bars/Clubs,Cruising Areas",1979,,,3/27/2020 11:45pm,5/7/2020 7:46am
533,John's Adult Books,,1410 1st Ave. ,Seattle,WA,(*),Book Store,1979,,,3/27/2020 11:45pm,5/7/2020 7:46am
534,Kozy Korner Kafe ,,1001 E. Pike,Seattle,WA,"(M),(R)",Restaurant,1979,,,3/27/2020 11:45pm,5/7/2020 7:46am
535,Magazine City Adult Books ,,1210 1st Ave. ,Seattle,WA,,Book Store,1979,,,3/27/2020 11:45pm,5/7/2020 7:46am
536,Marshall's Office ,,1224 Howell ,Seattle,WA,(W),Bars/Clubs,1979,,,3/27/2020 11:45pm,5/7/2020 7:46am
537,M.C.C.,,128 16th Ave. E. ,Seattle,WA,,Church,1979,,,3/27/2020 11:45pm,5/7/2020 7:46am
538,Metropolitan Health Club ,(Gym),120 Pike St. ,Seattle,WA,(M),Business,1979,,,3/27/2020 11:45pm,5/7/2020 7:46am
539,Mocambo ,(liquor),203 Yesler Way,Seattle,WA,"(R),(*)",Restaurant,1979,,,3/27/2020 11:45pm,5/7/2020 7:46am
541,Monastery ,,1900 Boren Ave. ,Seattle,WA,"(YC),(D),(PT),(AH)",Bars/Clubs,1979,,,3/28/2020 7:08pm,5/7/2020 7:46am
542,Mr. Larry's ,(liquor),801 Pike St. ,Seattle,WA,(R),Restaurant,1979,,,3/28/2020 7:08pm,5/7/2020 7:46am
543,107 Club ,('Twinkies'- No booze),107 Occidental Ave.,Seattle,WA,(AH),Bars/Clubs,1979,,,3/28/2020 7:08pm,5/7/2020 7:46am
544,Park Bench ,(Liquor),1914 8th Ave. ,Seattle,WA,"(R),(*)",Restaurant,1979,,,3/28/2020 7:08pm,5/7/2020 7:46am
545,Riverboat Tavern ,('Drags'),922 3rd Ave. ,Seattle,WA,(S),Bars/Clubs,1979,,,3/28/2020 7:08pm,5/7/2020 7:46am
546,Silver Slipper Tavern ,(Yessler at 3rd),109 1/2 Prefontaine,Seattle,WA,(G),Bars/Clubs,1979,,,3/28/2020 7:08pm,5/7/2020 7:46am
547,Six Eleven Tavern ,,611 2nd Ave. ,Seattle,WA,(*),Bars/Clubs,1979,,,3/28/2020 7:08pm,5/7/2020 7:46am
548,Southend Baths ,,115 1/2 1st Ave. S.,Seattle,WA,(RT),Baths,1979,,,3/28/2020 7:08pm,5/7/2020 7:46am
550,Sultan's Cinema ,(books),1313 1st Ave. ,Seattle,WA,,Book Store,1979,,,3/28/2020 7:08pm,5/7/2020 7:46am
551,The Marshall's Office ,(Some SM),1224 Howell ,Seattle,WA,"(*),(W),(SM),(PT)",Bars/Clubs,1979,,,3/28/2020 7:08pm,5/7/2020 7:46am
552,2024 Tavern ,(Good Sundays),2024 Westlake,Seattle,WA,"(PT),(*)",Bars/Clubs,1979,,,3/28/2020 7:08pm,5/7/2020 7:46am
553,Victorla Tavern ,,91 Pike St. ,Seattle,WA,"(M),(HIP),(YC)",Bars/Clubs,1979,,,3/28/2020 7:08pm,5/7/2020 7:46am
554,Zodiac Club Baths ,(Semi-P)(should be a winner),1117 Pike St. ,Seattle,WA,(P),Baths,1979,,,3/28/2020 7:08pm,5/7/2020 7:46am
568,Adult Book Store ,,1820 E. Sprague ,Spokane,WA,,Book Store,1979,,,3/28/2020 7:09pm,5/7/2020 7:46am
569,Carriage House ,,110 S. Madison ,Spokane,WA,"(M),(R),(C),(AH)",Restaurant,1979,,,3/28/2020 7:09pm,5/7/2020 7:46am
570,Curious Book Store ,,327 W. 2nd Ave. ,Spokane,WA,,Book Store,1979,,,3/28/2020 7:09pm,5/7/2020 7:46am
571,First Emperor's Club,(Disco)(many G)(S-WE & Wed.),425 W. 1st Ave.,Spokane,WA,"(*),(D),(G),(S),(WE)",Bars/Clubs,1979,,,3/28/2020 7:09pm,5/7/2020 7:46am
572,Happy's Adult Books ,,45 W. Main ,Spokane,WA,(*),Book Store,1979,,,3/28/2020 7:09pm,5/7/2020 7:46am
573,Jack's Nite Hawk ,(Cruisy),330 W. Riverside,Spokane,WA,"(*),(PT)","Cruising Areas,Bars/Clubs",1979,,,3/28/2020 7:09pm,5/7/2020 7:46am
574,Matador Lounge ,Davenport Hotel ,807 W. Sprague,Spokane,WA,"(M),(OC),(WE)","Bars/Clubs,Hotels",1979,,,3/28/2020 7:09pm,5/7/2020 7:46am
575,Payless Books & Arcade ,,329 W. 2nd Ave. ,Spokane,WA,,"Book Store,Business",1979,,,3/28/2020 7:09pm,5/7/2020 7:46am
578,Barbary Coast ,(Liquor)(Cruisy),1552 Jefferson ,Tacoma,WA,"(*),(R),(YC),(D)","Restaurant,Cruising Areas",1979,,,3/28/2020 7:09pm,5/7/2020 7:46am
579,D.J.'s ,"(some G, B, RT, 'Drags')",1309 Commerce ,Tacoma,WA,"(M),(D),(G),(B),(RT)",Bars/Clubs,1979,,,3/28/2020 7:09pm,5/7/2020 7:46am
580,Flamingo Lounge ,(Liquor),1516 Broadway ,Tacoma,WA,"(R),(OC)",Restaurant,1979,,,3/28/2020 7:09pm,5/7/2020 7:46am
581,Tacoma Magazine Ctr. ,(Books) ,1346 Pacific Ave. ,Tacoma,WA,,Book Store,1979,,,3/28/2020 7:09pm,5/7/2020 7:46am
589,Great Northern Book Store ,,1306 Railroad Ave. ,Bellingham,WA,,Book Store,1980,,,3/28/2020 7:09pm,5/7/2020 7:46am
590,Hut ,(Some L),1317 1/2 N. State St. ,Bellingham,WA,"(*),(D),(PT),(L),(YC)",Bars/Clubs,1980,,,3/28/2020 7:09pm,5/7/2020 7:46am
593,Blaine Amusements ,(Books & Arcade),481 1/2 Peace Portal Way ,Blaine,WA,,Book Store,1980,,,3/28/2020 7:09pm,5/7/2020 7:46am
594,Blaine Books ,,715 Peace Portal Way ,Blaine,WA,,Book Store,1980,,,3/28/2020 7:09pm,5/7/2020 7:46am
597,Everett Books & Magazines ,,1808 Hewitt Ave. ,Everett,WA,,Book Store,1980,,,3/28/2020 7:09pm,5/7/2020 7:46am
598,London Cafe Bar ,,2008 Hewitt Ave. ,Everett,WA,(M),Bars/Clubs,1980,,,3/28/2020 7:09pm,5/7/2020 7:46am
601,Great Northern Book Store ,,420 Myrtle St. ,Mt. Vernon,WA,,Book Store,1980,,,3/28/2020 7:09pm,5/7/2020 7:46am
605,Adult Book Store ,,1415 1st. Ave. ,Seattle,WA,,Book Store,1980,,,3/28/2020 8:16pm,5/7/2020 7:46am
606,A Different Drummer ,(Book store),420 Broadway E. ,Seattle,WA,(L),Book Store,1980,,,3/28/2020 8:16pm,5/7/2020 7:46am
607,Book Project ,(Books),1502 E. Olive Way,Seattle,WA,,Book Store,1980,,,3/28/2020 8:16pm,5/7/2020 7:46am
609,Brass Door ,('Humpy jocks')(Disco)(Cruisy),722 E. Pike St. ,Seattle,WA,"(*),(YC),(D)","Bars/Clubs,Cruising Areas",1980,,,3/28/2020 8:16pm,5/7/2020 7:46am
610,Carcinogen Books ,,611 Pike St. ,Seattle,WA,"(M),(AYOR)",Book Store,1980,,,3/28/2020 8:16pm,5/7/2020 7:46am
611,Champ Aracade ,(Books & movies),1413 1st St. ,Seattle,WA,(*),Book Store,1980,,,3/28/2020 8:16pm,5/7/2020 7:46am
612,Chez Paul ,(Very PE-M)(French R)(Liquor),1107 Dexter Ave. ,Seattle,WA,"(PE),(M),(R)",Restaurant,1980,,,3/28/2020 8:16pm,5/7/2020 7:46am
614,Columbus Tavern ,,167 S. Washington,Seattle,WA,"(M),(RT),(OC)",Bars/Clubs,1980,,,3/28/2020 8:16pm,5/7/2020 7:46am
615,Crescent Tavern ,,1413 E. Olive St. ,Seattle,WA,"(D),(PT),(L)",Bars/Clubs,1980,,,3/28/2020 8:16pm,5/7/2020 7:46am
616,Dave's Baths ,(2nd fl.)(See ad pg. 347),2402 1st. Ave. ,Seattle,WA,(*),Baths,1980,,,3/28/2020 8:16pm,5/7/2020 7:46am
617,Double Header ,,407 2nd Ave. ,Seattle,WA,"(M),(RT),(OC),(D)",Bars/Clubs,1980,,,3/28/2020 8:16pm,5/7/2020 7:46am
618,Eastlake East ,(Disco)(Some L),101 Eastlake East,Seattle,WA,"(L),(YC),(D)",Bars/Clubs,1980,,,3/28/2020 8:16pm,5/7/2020 7:46am
619,Fantasyland ,(Adult erotica),219 Broadway E. ,Seattle,WA,,Business,1980,,,3/28/2020 8:16pm,5/7/2020 7:46am
620,Flanigan's Pub,,400 2nd Ave. Ext. S.,Seattle,WA,(RT),Bars/Clubs,1980,,,3/28/2020 8:16pm,5/7/2020 7:46am
621,Gay Community Center ,,105 14th Ave. ,Seattle,WA,,Business,1980,,,3/28/2020 8:16pm,5/7/2020 7:46am
622,Golden Crown,(Liquor)(nr. 4th & Pine),1608 Times Court ,Seattle,WA,"(R),(D),(E)",Restaurant,1980,,,3/28/2020 8:16pm,5/7/2020 7:46am
623,Henry's Adult Book Store ,,1212 1st Ave. ,Seattle,WA,,Book Store,1980,,,3/28/2020 8:16pm,5/7/2020 7:46am
625,Johnny's Handlebar,(Cruisy)('Leather Cell' shop in rear),2018 1st Ave. ,Seattle,WA,"(*),(SM),(FFA),(W),(C),(AH)","Bars/Clubs,Cruising Areas",1980,,,3/28/2020 8:16pm,5/7/2020 7:46am
626,John's Adult Books ,,1410 1st Ave.,Seattle,WA,(*),Book Store,1980,,,3/28/2020 8:16pm,5/7/2020 7:46am
627,Lambda Nearly New Store,,600 E. Pine St. ,Seattle,WA,,Business,1980,,,3/28/2020 8:16pm,5/7/2020 7:46am
628,Magazine City Adult Books ,,1315 3rd Ave. ,Seattle,WA,,Book Store,1980,,,3/28/2020 8:16pm,5/7/2020 7:46am
629,Mama's Dots,,233 Westlake Ave. N.,Seattle,WA,(L),Bars/Clubs,1980,,,3/28/2020 8:16pm,5/7/2020 7:46am
630,Marshall's Office ,(Home of the Knights of Malta),1224 Howell,Seattle,WA,"(W),(SM),(*)",Bars/Clubs,1980,,,3/28/2020 8:16pm,5/7/2020 7:46am
632,Monastery ,(Twinkies),1900 Boren Ave. ,Seattle,WA,"(YC),(D),(PT),(AH),(WE)",Bars/Clubs,1980,,,3/28/2020 8:16pm,5/7/2020 7:46am
634,Mr. Larry's ,(Liquor),801 Pike St. ,Seattle,WA,"(R),(*)",Restaurant,1980,,,3/28/2020 8:16pm,5/7/2020 7:46am
635,Park Bench ,(Liquor),1914 8th Ave. ,Seattle,WA,"(*),(R)",Restaurant,1980,,,3/28/2020 8:16pm,5/7/2020 7:46am
636,Seattle Magazine City ,,1604 1st Ave. ,Seattle,WA,,Business,1980,,,3/28/2020 8:16pm,5/7/2020 7:46am
637,Silver Slipper Tavern ,(Yessler at 3rd),109 1/2 Prefontaine,Seattle,WA,(L),Bars/Clubs,1980,,,3/28/2020 8:16pm,5/7/2020 7:46am
638,Six Eleven Tavern ,,611 2nd Ave.,Seattle,WA,,Bars/Clubs,1980,,,3/28/2020 8:16pm,5/7/2020 7:46am
639,Southend Bath ,,115 1/2 1st Ave. S. ,Seattle,WA,"(M),(OC),(RT)",Baths,1980,,,3/28/2020 8:16pm,5/7/2020 7:46am
641,Sultan's Cinema,Books,1313 1st Ave.,Seattle,WA,,Book Store,1980,,,3/30/2020 6:16pm,5/7/2020 7:46am
642,The Pines ,(Baths)(New and clean),912 Pine St. ,Seattle,WA,(*),Baths,1980,,,3/30/2020 6:16pm,5/7/2020 7:46am
643,Thirsty Tavern ,,1114 Howell St.,Seattle,WA,(M),Bars/Clubs,1980,,,3/30/2020 6:16pm,5/7/2020 7:46am
644,2024 Tavern,(Good Sundays),2024 Westlake,Seattle,WA,"(PT),(*)",Bars/Clubs,1980,,,3/30/2020 6:16pm,5/7/2020 7:46am
645,Tug's Belltown Tavern ,,2207 1st Ave. ,Seattle,WA,"(D),(PT),(YC),(*)",Bars/Clubs,1980,,,3/30/2020 6:16pm,5/7/2020 7:46am
646,Zodiac Club Baths ,(Semi-P)(Many hunks for Tues. $1.00 night),1117 Pike St. ,Seattle,WA,"(P),(*)",Baths,1980,,,3/30/2020 6:16pm,5/7/2020 7:46am
661,Adult Book Store ,,1820 E. Sprague ,Spokane,WA,,Book Store,1980,,,3/30/2020 6:16pm,5/7/2020 7:46am
662,Carriage House ,,110 S. Madison ,Spokane,WA,"(M),(R),(C),(AH)",Restaurant,1980,,,3/30/2020 6:16pm,5/7/2020 7:46am
663,Disco 425 ,"(Disco)(Some L, YC)(S-WE & Wed.)",425 E. 1st Ave.,Spokane,WA,"(D),(L),(YC),(*)",Bars/Clubs,1980,,,3/30/2020 6:16pm,5/7/2020 7:46am
664,Happy's Adult Books ,,45 W. Main ,Spokane,WA,,Book Store,1980,,,3/30/2020 6:16pm,5/7/2020 7:46am
665,Jack's Nite Hawk ,,330 W. Riverside ,Spokane,WA,"(PT),(M)",Bars/Clubs,1980,,,3/30/2020 6:16pm,5/7/2020 7:46am
666,Main Door ,"(Some YC, W)(Crazy Sundays)(Cruisy)",309 W.  Main ,Spokane,WA,"(*),(YC),(W),(PT)","Bars/Clubs,Cruising Areas",1980,,,3/30/2020 6:16pm,5/7/2020 7:46am
667,Matador Lounge,Davenport Hotel ,807 W. Sprague ,Spokane,WA,"(M),(OC),(WE)","Bars/Clubs,Hotels",1980,,,3/30/2020 6:16pm,5/7/2020 7:46am
668,Payless Books & Arcade,,329 W. 2nd Ave.,Spokane,WA,,"Book Store,Business",1980,,,3/30/2020 6:16pm,5/7/2020 7:46am
669,The Arcade ,(Books & cruisy back room),311 W. Riverside ,Spokane,WA,(*),"Book Store,Cruising Areas",1980,,,3/30/2020 6:16pm,5/7/2020 7:46am
670,Upper Level ,(Unisex)(Disco),301 W. Main St. ,Spokane,WA,"(YC),(D),(*)",Bars/Clubs,1980,,,3/30/2020 6:16pm,5/7/2020 7:46am
673,Barbary Coast ,(Liquor)(Disco)(Cruisy)(Adj. Hotel)(Open daily from 11am),1554 Jefferson ,Tacoma,WA,"(*),(R),(YC),(D)","Restaurant,Cruising Areas",1980,,,3/30/2020 6:16pm,5/7/2020 7:46am
674,D.J.'s ,"(Some L, B, RT, 'Drags')",1309 Commerce ,Tacoma,WA,"(M),(D),(L),(B),(RT)",Bars/Clubs,1980,,,3/30/2020 6:16pm,5/7/2020 7:46am
675,Flamingo Lounge ,(Liquor),1516 Broadway ,Tacoma,WA,"(R),(OC)",Restaurant,1980,,,3/30/2020 6:16pm,5/7/2020 7:46am
676,Jerry's Adult Bookstore ,,1305 Commerce ,Tacoma,WA,(*),Book Store,1980,,,3/30/2020 6:16pm,5/7/2020 7:46am
677,Tacoma Magazine Center ,(Books),1346 Pacific Ave. ,Tacoma,WA,,Book Store,1980,,,3/30/2020 6:16pm,5/7/2020 7:46am
678,Tin Pan Alley ,(Disco)(Liquor)(After 8 p.m.)(Enter thru Court 'A'- an alley E. of Pacific betw. 8th & 9th),815 1/2 Pacific Ave. ,Tacoma,WA,"(YC),(D),(M),(*)",Bars/Clubs,1980,,,3/30/2020 6:16pm,5/7/2020 7:46am