ID,Title,description,streetaddress,city,amenityfeatures,type,unclearaddress,uncleartype,Year,notes,dateadded,lastmodified
1,Hotel Sanadora,(Natives) (Some L),15 mi. S. of San Juan,Aguas Buenas,"(D),(WE),(L)",Bars/Clubs,,,1980,,4/27/2020 5:37pm,4/27/2020 6:58pm
4,El Cid,,43 Calle Luna,Ponce,(M),Bars/Clubs,,,1980,,4/27/2020 5:39pm,4/27/2020 6:59pm
6,Abbey,(Some L) (Disco) (Upstairs $3 minimum),251 Calle Cruz at Calle Fortaleza,San Juan,"(D),(*),(YC),(L)",Bars/Clubs,,,1980,,4/27/2020 6:12pm,4/27/2020 6:59pm
7,Arcos Blancos Guest House,,10 Carrion Ct.,Condado,(*),Bars/Clubs,,,1980,,4/27/2020 6:14pm,4/27/2020 6:59pm
8,Atlantic Beach Hotel,(Beach bar & rooftop disco),1 Calle Vendig,San Juan,(*),Bars/Clubs,,,1980,,4/27/2020 6:14pm,4/27/2020 6:59pm
9,Bachelor Club,,112 Avenida Condado,Condado,"(D),(*)",Bars/Clubs,,,1980,,4/27/2020 6:14pm,4/27/2020 6:59pm
10,Blow Hole,('Wild back room' - best late),51 Ave. Barranquitas,San Juan,(*),Bars/Clubs,,,1980,,4/27/2020 6:15pm,4/27/2020 6:59pm
13,Condad Guest House,,6 Condado Ave.,Condado,(H),Hotels,,,1980,,4/27/2020 6:21pm,4/27/2020 6:59pm
15,El Canario Guest House,,1317 Ashford Ave.,Condado,,Bars/Clubs,,,1980,,4/27/2020 6:22pm,4/27/2020 6:59pm
16,Hotel Lindomar,,4 Condado Ave.,Condado,"(M),(H),(OC)",Hotels,,,1980,,4/27/2020 6:22pm,4/27/2020 6:59pm
17,La Bahia Guest House,,320 Calle Sol,San Juan,"(M),(H),(*)",Hotels,,,1980,,4/27/2020 6:23pm,4/27/2020 6:59pm
18,La Vista Guest House,(also rooftop bar & R),151 Calle Tetuan,San Juan,"(R),(H),(*)","Hotels,Bars/Clubs,Restaurant",,,1980,,4/27/2020 6:23pm,4/27/2020 6:59pm
19,Lion of St. Mark's Baths,(Above Lion's Den),205 Calle Luna,San Juan,,Baths,,,1980,,4/27/2020 6:24pm,4/27/2020 6:59pm
20,Lion's Den,($3 min. - nude go go boys - 'Flicks') (adj. Lion's Disco),205 Calle Luna,San Juan,"(YC),(D)",Bars/Clubs,,,1980,,4/27/2020 6:25pm,4/27/2020 6:59pm
21,Little Club ,(Closes 3 am) ,607 Ponce de Leon Ave.,Miramar,(OC),Bars/Clubs,,,1980,,4/27/2020 6:25pm,4/27/2020 6:59pm
22,Lutece Guest House,,1 Atlantic Pl. off McLeary ,Condado,(*),Bars/Clubs,,,1980,,4/27/2020 6:28pm,4/27/2020 6:59pm
23,Main Street,(E in back room) (Opens 12 noon),257 Calle San Jose betw. Tetuan & Fortaleza,San Juan,"(E),(*),(OC)",Bars/Clubs,,,1980,,4/27/2020 6:28pm,4/27/2020 6:59pm
24,Maria's,(Mexican R) (Bar & patio),204 Calle Cristo,San Juan,"(M),(R)",Restaurant,,,1980,,4/27/2020 6:30pm,4/27/2020 6:59pm
25,Michael's Thing Cabaret,,1020 Ashford Ave.,Condado,"(E),(*)",Bars/Clubs,,,1980,,4/27/2020 6:32pm,4/27/2020 6:59pm
26,Penthouse Club,($3. adm.) (Some locals - FFA 'flicks'),1019 Ashford Ave.,Condado,"(*),(D),(FFA)",Bars/Clubs,,,1980,,4/27/2020 6:33pm,4/27/2020 6:59pm
27,Ray's Bar,"(Some B, RT) (Disco)",161 Calle San Jose,San Juan,"(D),(RT),(B)",Bars/Clubs,,,1980,,4/27/2020 6:52pm,4/27/2020 6:59pm
28,Sam's Patio,(Open 'til 1 am),102 Calle San Sebastian,San Juan,"(M),(*),(R),(E)","Bars/Clubs,Restaurant",,,1980,,4/27/2020 6:53pm,4/27/2020 6:59pm
29,San Francisco Inn,(Bar - Some SM),263 Calle San Francisco,San Juan,"(*),(H),(R),(SM)","Restaurant,Hotels",,,1980,,4/27/2020 6:54pm,4/27/2020 6:59pm
31,Small World,(Opens 11 am - best at cocktail hour),250 Calle San Jose,San Juan,(E),Bars/Clubs,,,1980,,4/27/2020 6:55pm,4/27/2020 6:59pm
32,Terrace,(above Condado Guest House),6 Condado Ave.,San Juan,"(R),(*)",Restaurant,,,1980,,4/27/2020 6:55pm,4/27/2020 6:59pm
33,Y.M.C.A.,,905 Ponce de Leon,San Juan,"(M),(H)",Hotels,,,1980,,4/27/2020 6:56pm,4/27/2020 6:59pm
40,Hotel Sanadora,(Some G) (Natives),15 mi. S. of San Juan,Aguas Buenas,"(D),(G),(WE)",Bars/Clubs,,,1979,,4/27/2020 6:59pm,4/27/2020 8:03pm
43,El Cid,,43 Calle Luna,Ponce,(M),Bars/Clubs,,,1979,,4/27/2020 7:00pm,4/27/2020 8:03pm
45,Abbey,(Some G) (Disco) (Upstairs - $3 minimum),251 Calle Cruz at Calle Fortaleza,San Juan,"(YC),(G),(D),(*)",Bars/Clubs,,,1979,,4/27/2020 7:01pm,4/27/2020 8:03pm
46,Arcos Blancos Guest House,,10 Carrion Ct.,Condado,(*),Bars/Clubs,,,1979,,4/27/2020 7:02pm,4/27/2020 8:03pm
47,Bachelor Club,,112 Avenida Condado,Condado,"(D),(*)",Bars/Clubs,,,1979,,4/27/2020 7:02pm,4/27/2020 8:03pm
50,Condado Guest House,,6 Condado Ave.,Condado,(H),Hotels,,,1979,,4/27/2020 7:03pm,4/27/2020 8:03pm
52,Hotel Lindomar,,4 Condado Ave.,Condado,"(M),(H),(OC)","Hotels,Bars/Clubs",,,1979,,4/27/2020 7:04pm,4/27/2020 8:03pm
53,La Bahia Guest House,,320 Calle Sol,San Juan,"(M),(H),(*)",Hotels,,,1979,,4/27/2020 7:04pm,4/27/2020 8:03pm
54,La Vista Guest House,(also rooftop bar & R),151 Calle Tetuan,San Juan,"(H),(*),(R)","Hotels,Restaurant",,,1979,,4/27/2020 7:05pm,4/27/2020 8:03pm
55,Lion of St. Mark's Baths,(Above Lion's Den),205 Calle Luna,San Juan,,Baths,,,1979,,4/27/2020 7:06pm,4/27/2020 8:03pm
56,Lion's Den ,($3. min. - nude go go boys - 'flicks') (adj. Lion's Disco),205 Calle Luna,San Juan,"(YC),(D)",Bars/Clubs,,,1979,,4/27/2020 7:06pm,4/27/2020 8:03pm
57,Little Club,(Closes 3 a.m.),607 Ponce de Leon Ave.,Miramar,(OC),Bars/Clubs,,,1979,,4/27/2020 7:07pm,4/27/2020 8:03pm
58,Lutece Guest House,,1 Atlantic Pl. off McLeary ,Condado,(*),Bars/Clubs,,,1979,,4/27/2020 7:07pm,4/27/2020 8:03pm
59,Main Street Bar,(E in back room) (Opens 12 noon),257 Calle San Jose betw. Tetuan & Fortaleza,San Juan,"(E),(*),(OC)",Bars/Clubs,,,1979,,4/27/2020 7:08pm,4/27/2020 8:03pm
60,Maria's ,(Mexican R) (Bar & Patio),204 Calle Cristo,San Juan,"(M),(R)",Restaurant,,,1979,,4/27/2020 7:09pm,4/27/2020 8:03pm
61,Penthouse Club,($3. adm.) (Some locals - FFA 'flicks'),1019 Ashford Ave.,Condado,"(*),(D),(FFA)",Bars/Clubs,,,1979,,4/27/2020 7:09pm,4/27/2020 8:03pm
62,Ray's Bar,"(Some B, RT) (Disco)",161 Calle San Jose,San Juan,"(B),(RT),(D)",Bars/Clubs,,,1979,,4/27/2020 7:11pm,4/27/2020 8:03pm
63,Sam's Patio,(Open 'til 1 a.m.),102 Calle San Sebastian,San Juan,"(M),(R),(E),(*)",Restaurant,,,1979,,4/27/2020 7:11pm,4/27/2020 8:03pm
64,San Francisco Inn,(Bar - Some SM),263 Calle San Francisco,San Juan,"(H),(R),(*),(SM)","Restaurant,Hotels",,,1979,,4/27/2020 7:12pm,4/27/2020 8:03pm
65,Small World,(Opens 11 a.m. - best at cocktail hour),250 Calle San Jose,San Juan,(E),Bars/Clubs,,,1979,,4/27/2020 7:12pm,4/27/2020 8:03pm
66,Ten Twenty Club,"(Opens 3 p.m.) (Some W, SM, levis)",1020 A Ashford Ave.,Condado,"(W),(*),(SM)",Bars/Clubs,,,1979,,4/27/2020 7:13pm,4/27/2020 8:03pm
67,Tommy's,"(Disco) (Nude go go boys, 'flicks' & wild back room)",254 Calle San Justo nr. Fortaleza,San Juan,"(D),(*)",Bars/Clubs,,,1979,,4/27/2020 7:59pm,4/27/2020 8:03pm
75,Y.M.C.A.,,905 Ponce de Leon,San Juan,"(M),(H)",Hotels,,,1978,,4/27/2020 8:07pm,4/27/2020 8:09pm
81,Hotel Senadora ,(Some G) (Locally popular WE),15 mi. S. of San Juan,Aguas Buenas,"(D),(G)",Bars/Clubs,,,1977,,4/27/2020 8:23pm,4/27/2020 11:33pm
85,El Cid Club,,43 Calle Luna,Ponce,(M),Bars/Clubs,,,1977,,4/27/2020 8:24pm,4/27/2020 11:33pm
88,Abbey,(Some G) (Disco) (Upstairs $3.00 minimum) ,251 Calle Cruz nr. Calle Fortaleza,San Juan,"(YC),(G),(D),(*)",Bars/Clubs,,,1977,,4/27/2020 8:25pm,4/27/2020 11:33pm
89,Amanda's ,(Bar & patio),204 Calle Cristo,San Juan,"(M),(R)",Restaurant,,,1977,,4/27/2020 8:25pm,4/27/2020 11:33pm
90,Arcos Blancos Guest House,,10 Carrion Court,Condado,"(M),(H)",Hotels,,,1977,,4/27/2020 9:08pm,4/27/2020 11:33pm
91,Bachelor Club,(Looks promising),112 Avenida Condado,Condado,(D),Bars/Clubs,,,1977,,4/27/2020 9:08pm,4/27/2020 11:33pm
93,Cabaret,,253 Calle San Jose,San Juan,(S),Bars/Clubs,,,1977,,4/27/2020 9:09pm,4/27/2020 11:33pm
95,Club Caleta Guest House,,3 Elena St. nr. Condado,Condado,"(H),(*)",Hotels,,,1977,,4/27/2020 9:10pm,4/27/2020 11:33pm
96,Condado Guest House,,6 Condado Ave.,Condado,(H),Hotels,,,1977,,4/27/2020 9:10pm,4/27/2020 11:33pm
98,Dona Sue's,,101 Calle Tetuan ,San Juan,"(M),(RT),(AYOR)",Bars/Clubs,,,1977,,4/27/2020 9:10pm,4/27/2020 11:33pm
99,El Mar Guest House,(Rooftop bar) ,1 Calle Clemenceau,Condado,(H),Hotels,,,1977,,4/27/2020 9:11pm,4/27/2020 11:33pm
97,El Morro Guest House,,103 Calle San Sebastian,San Juan,(H),Hotels,,,1977,,4/27/2020 9:10pm,4/27/2020 11:33pm
101, Finocchio's ,(Rooftop bar R above La Vista Guest House),151 Calle Tetuan nr. San Jose,San Juan,(R),Restaurant,,,1977,,4/27/2020 9:12pm,4/27/2020 11:33pm
102,Hotel Lindomar,,4 Condado Ave.,Condado,"(M),(H),(OC)",Hotels,,,1977,,4/27/2020 9:13pm,4/27/2020 11:33pm
103,La Bahia Guest House,,320 Calle Sol,San Juan,"(H),(AYOR)",Hotels,,,1977,,4/27/2020 9:13pm,4/27/2020 11:33pm
104,La Buena Mesa,,365 Calle Tetuan,San Juan,"(M),(R)",Restaurant,,,1977,,4/27/2020 9:14pm,4/27/2020 11:33pm
105,La Vista Guest House,(see also Finocchio's),151 Calle Tetuan,San Juan,"(H),(*)",Hotels,,,1977,,4/27/2020 9:15pm,4/27/2020 11:33pm
106,Lion of St. Mark's Discobath,"(opens 8 p.m., above Rialto Theatre)",152 Calle Tanca,San Juan,,Baths,,,1977,,4/27/2020 9:15pm,4/27/2020 11:33pm
107,Lion's Den,"($3.00 minimum - nude go-go boys - ""flicks"" and ""wild"" back room)",205 Calle Luna betw. La Cruz & San Cristo,San Juan,,Bars/Clubs,,,1977,,4/27/2020 9:16pm,4/27/2020 11:33pm
108,Little Club,(closes 3 a.m.),607 Ponce de Leon Avenue ,Miramar,,Bars/Clubs,,,1977,,4/27/2020 9:17pm,4/27/2020 11:33pm
111,Main Street Bar,E in back room - opens 12 noon),257 Calle San Jose betw. Tetuan & Fortaleza,San Juan,"(OC),(*),(E)",Bars/Clubs,,,1977,,4/27/2020 9:18pm,4/27/2020 11:33pm
113,Old San Juan Apartments,,149-A Calle San Justo (P.O. Box 2144),San Juan,(H),Hotels,,,1977,,4/27/2020 9:19pm,4/27/2020 11:33pm
114,Oscar,(Natives) ,1708 Calle San Mateo nr. Ponce de Leon & San Jorge,Santurce,"(RT),(*),(D)",Bars/Clubs,,,1977,,4/27/2020 11:26pm,4/27/2020 11:33pm
116,Plaza Patio,(Opens 12 noon),409 Calle San Francisco,San Juan,"(M),(OC),(R),(RT)",Restaurant,,,1977,,4/27/2020 11:27pm,4/27/2020 11:33pm
117,Ray's Bar,(Some B) (Disco),161 Calle San Jose,San Juan,"(B),(RT)",Bars/Clubs,,,1977,,4/27/2020 11:27pm,4/27/2020 11:33pm
118,Rosemary's By The Sea,,1125 Seaview St.,Condado,(H),Hotels,,,1977,,4/27/2020 11:27pm,4/27/2020 11:33pm
119,Sam's Patio (Patio de Sam),(Open until 1 a.m.),102 Calle San Francisco,San Juan,"(E),(M),(R),(*)",Restaurant,,,1977,,4/27/2020 11:28pm,4/27/2020 11:33pm
120,San Francisco Inn,(also bar from 5 p.m.),263 Calle San Francisco,San Juan,"(H),(R),(*)","Hotels,Restaurant",,,1977,,4/27/2020 11:28pm,4/27/2020 11:33pm
121,Small World,(Opens 11 a.m. - best during cocktail hour),250 Calle San Jose nr. Fortaleza,San Juan,(E),Bars/Clubs,,,1977,,4/27/2020 11:29pm,4/27/2020 11:33pm
122,Stop 204 ,(also P small guest house above),204 Calle Cristo,San Juan,(P),Bars/Clubs,,,1977,,4/27/2020 11:29pm,4/27/2020 11:33pm
123,Ten Twenty Club,(Opens 3 p.m.) ,1020 A Ashford Avenue ,Condado,"(*),(E)",Bars/Clubs,,,1977,,4/27/2020 11:30pm,4/27/2020 11:33pm
124,Tommy's,"(Disco) (Nude go-go boys, 'flicks', and ""wild"" back room)",254 San Justo between Fortaleza & Tetuan,San Juan,"(D),(*)",Bars/Clubs,,,1977,,4/27/2020 11:30pm,4/27/2020 11:33pm
125,Top of the Aquarium ,(upstairs) (natives),255 Calle San Justo,San Juan,"(G),(YC),(D),(*)",Bars/Clubs,,,1977,,4/27/2020 11:31pm,4/27/2020 11:33pm
126,Y.M.C.A.,,905 Ponce de Leon,San Juan,"(M),(H)",Hotels,,,1977,,4/27/2020 11:32pm,4/27/2020 11:33pm
132,Hotel Senadora,(Some G) (Locally popular WE),15 Mi. S. of San Juan,Aguas Buenas,"(D),(G),(WE)",Bars/Clubs,,,1976,,4/27/2020 11:33pm,4/27/2020 11:34pm
133,Arturo's Limon Guest House,(if you dig native 'teenie boppers' - this is the place - P.O. Box 428 - Tel: 832-7002),105 Limon Rd.,Mayaguez,(H),Hotels,,,1976,,4/27/2020 11:34pm,4/28/2020 12:02am
137,El Cid Club,,43 Calle Luna,Ponce,(M),Bars/Clubs,,,1976,,4/27/2020 11:37pm,4/28/2020 12:02am
140,Abbey,(Some G) (Disco) (upstairs - $3.00 min.),251 Calle Cruz nr. Calle Fortaleza,San Juan,"(G),(YC),(D),(*)",Bars/Clubs,,,1976,,4/27/2020 11:37pm,4/28/2020 12:02am
141,Arcos Blancos Guest House,,10 Carrion Ct. ,Condado,"(M),(H)",Hotels,,,1976,,4/27/2020 11:38pm,4/28/2020 12:02am
143,Cabaret,,253 Calle San Jose,San Juan,(S),Bars/Clubs,,,1976,,4/27/2020 11:39pm,4/28/2020 12:02am
144,Club Caleta Guest House,(nr. Condado),3 Elena St.,Condado,"(H),(*)",Hotels,,,1976,,4/27/2020 11:40pm,4/28/2020 12:02am
145,Dick's ,(Disco) ($3.00) (Locally known as 'Dirty Dick's' - should be called 'Big Dicks' if you consider the go-go boys who 'perform' on stage behind the back bar - also flicks & wild back room - upstairs),254 Calle San Justo betw. Fortaleza & Tetuan,San Juan,"(D),(*)",Bars/Clubs,,,1976,,4/27/2020 11:40pm,4/28/2020 12:02am
146,Dona Sue's,,101 Calle Tetuan,San Juan,"(M),(RT),(AYOR)",Bars/Clubs,,,1976,,4/27/2020 11:42pm,4/28/2020 12:02am
147,Don's Upstairs ,(looks promising - upstairs - opp. Hyatt La Concha Hotel),1102 Ashford Ave. ,Condado,"(OC),(E)",Bars/Clubs,,,1976,,4/27/2020 11:42pm,4/28/2020 12:02am
149,El Mar Guest House & Rooftop bar ,,1 Calle Clemenceau ,Condado,(H),Hotels,,,1976,,4/27/2020 11:43pm,4/28/2020 12:02am
150,El Morro Guest House,,103 Calle San Sebastian,San Juan,(H),Hotels,,,1976,,4/27/2020 11:44pm,4/28/2020 12:02am
152,El TIki,,204 Calle Luna ,San Juan,"(R),(*)",Restaurant,,,1976,,4/27/2020 11:45pm,4/28/2020 12:02am
153,Finocchio's,(Rooftop bar & R above La Vista Guest House),151 Calle Tetuan nr. San Jose,San Juan,(R),Restaurant,,,1976,,4/27/2020 11:46pm,4/28/2020 12:02am
154,Hotel Lindomar,,4 Condado Av. ,Condado,"(M),(H),(OC)",Hotels,,,1976,,4/27/2020 11:47pm,4/28/2020 12:02am
155,Jeanie's Little Club,(military),607 Ponce de Leon Ave.,Miramar,"(M),(RT)",Bars/Clubs,,,1976,,4/27/2020 11:47pm,4/28/2020 12:02am
156,La Bahia Guest House,,320 Calle Sol.,San Juan,"(H),(AYOR)",Hotels,,,1976,,4/27/2020 11:48pm,4/28/2020 12:02am
157,La Buena Mesa,,365 Calle Tetuan,San Juan,"(M),(R)",Restaurant,,,1976,,4/27/2020 11:48pm,4/28/2020 12:02am
158,La Vista Guest House,(see also Finocchio's),151 Calle Tetuan ,San Juan,"(H),(*)",Hotels,,,1976,,4/27/2020 11:48pm,4/28/2020 12:02am
159,Lion of St. Mark's Discobath,(opens 8 pm - above Rialto Theatre),152 Calle Tanca,San Juan,,Baths,,,1976,,4/27/2020 11:49pm,4/28/2020 12:02am
160,Lion's Den,($3.00 min. - nude go-go boys - 'flicks' & wild back room),205 Calle Luna betw. La Cruz & San Cristo,San Juan,,Bars/Clubs,,,1976,,4/27/2020 11:49pm,4/28/2020 12:02am
162,Little Penthouse,(upstairs FFA 'flicks' - $3.00 min - 'tops' in Condado - some natives),1019 Ashford Ave.,Condado,"(D),(*),(FFA)",Bars/Clubs,,,1976,,4/27/2020 11:50pm,4/28/2020 12:02am
163,Main Street Bar,(E in back room - opens 12 noon),257 Calle San Jose betw. Tetuan & Fortaleza,San Juan,"(OC),(*),(E)",Bars/Clubs,,,1976,,4/27/2020 11:51pm,4/28/2020 12:02am
164,Manny's,,109 Calle San Sebastian,San Juan,"(M),(R)",Restaurant,,,1976,,4/27/2020 11:52pm,4/28/2020 12:02am
165,Old San Juan Apts. ,(P.O. Box 2144),149 A Calle San Justo ,San Juan,(H),Hotels,,,1976,,4/27/2020 11:52pm,4/28/2020 12:02am
166,Oscar,(Natives) ,1708 Calle San Mateo nr. Ponce de Leon & San Jorge ,Santurce,"(RT),(D),(*)",Bars/Clubs,,,1976,,4/27/2020 11:53pm,4/28/2020 12:02am
168,Plaza Patio ,(opens 12 noon),409 Calle San Francisco,San Juan,"(M),(R),(OC),(RT)",Restaurant,,,1976,,4/27/2020 11:54pm,4/28/2020 12:02am
169,Ray's Bar ,(Some B),161 Calle San Jose,San Juan,"(B),(RT)",Bars/Clubs,,,1976,,4/27/2020 11:54pm,4/28/2020 12:02am
170,Rosemary's By The Sea,,1125 Seaview St.,Condado,(H),Hotels,,,1976,,4/27/2020 11:55pm,4/28/2020 12:02am
171,Sam's Patio (El Patio de Sam),(open until 1 am),102 Calle San Sebastian,San Juan,"(M),(R),(*)",Restaurant,,,1976,,4/27/2020 11:55pm,4/28/2020 12:02am
172,San Francisco Inn,(also bar from 5 pm),263 Calle San Francisco,San Juan,"(H),(R),(*)","Restaurant,Hotels",,,1976,,4/27/2020 11:56pm,4/28/2020 12:02am
173,Small World ,(opens 11 am - best during cocktail hour),250 Calle San Jose nr. Fortaleza,San Juan,(E),Bars/Clubs,,,1976,,4/27/2020 11:57pm,4/28/2020 12:02am
174,Stop 204 ,(also P small guest house above),204 Calle Cristo,San Juan,(P),Bars/Clubs,,,1976,,4/27/2020 11:57pm,4/28/2020 12:02am
175,Ten Twenty Club,(opens 3 pm),1020 Ashford ,Condado,"(E),(*)",Bars/Clubs,,,1976,,4/27/2020 11:58pm,4/28/2020 12:02am
176,The Jeffrey James Guest House,"(small P, H - nice guys)",3 Calle Vendig next to Da Vinci Hotel ,Condado,"(P),(H),(*)",Hotels,,,1976,,4/27/2020 11:58pm,4/28/2020 12:02am
177,Top of Aquarium ,(Natives) (upstairs),225 Calle San Justo,Condado,"(G),(YC),(D),(*)",Bars/Clubs,,,1976,,4/27/2020 11:59pm,4/28/2020 12:02am
178,Y.M.C.A.,,905 Ponce de Leon,San Juan,"(M),(H)",Hotels,,,1976,,4/27/2020 11:59pm,4/28/2020 12:02am
185,Hotel Senadora,(Some G) (Locally popular weekends),15 Mi. S. of San Juan,Aguas Buenas,"(D),(S),(G)",Bars/Clubs,,,1975,,4/28/2020 12:03am,4/28/2020 12:22am
186,Arturo's Furnished Cottages,(Mgmt. provides native entertainment for guests. P.O. Box 428 Tel: 832-7002),105 Limon Rd.,Mayaguez,(H),Hotels,,,1975,,4/28/2020 12:04am,4/28/2020 12:22am
188,Abbey ,(Disco) (Still number 1!),251 Calle Cruz,San Juan,"(YC),(D),(*)",Bars/Clubs,,,1975,,4/28/2020 12:06am,4/28/2020 12:22am
189,Arcos Blancos Guest House,,10 Carrion Court ,Condado,"(M),(H)",Hotels,,,1975,,4/28/2020 12:07am,4/28/2020 12:22am
190,Cabaret,,253 Calle San Jose,San Juan,(S),Bars/Clubs,,,1975,,4/28/2020 12:07am,4/28/2020 12:22am
191,Club Caleta Guest House,,3 Elena St. near Condado,Condado,"(H),(*)",Hotels,,,1975,,4/28/2020 12:07am,4/28/2020 12:22am
192,El Comedor Under the Trees,,1476 Ashford,Condado,"(M),(R)",Restaurant,,,1975,,4/28/2020 12:08am,4/28/2020 12:22am
193,El Doral Guest House,,159 Del Parque,Condado,(H),Hotels,,,1975,,4/28/2020 12:08am,4/28/2020 12:22am
194,Ellos,(back room) (disco),254 San Justo,San Juan,"(YC),(D),(*)",Bars/Clubs,,,1975,,4/28/2020 12:08am,4/28/2020 12:22am
195,El Mar Guest House,"(Recent reports are not good, especially regarding cleanliness)",1 Calle Clemenceau,Condado,(H),Hotels,,,1975,,4/28/2020 12:09am,4/28/2020 12:22am
197,El TIki,,204 Calle Luna,San Juan,"(R),(*)",Restaurant,,,1975,,4/28/2020 12:10am,4/28/2020 12:22am
199,La Gondola Italian,,305 Recinto Sur ,San Juan,"(R),(M)",Restaurant,,,1975,,4/28/2020 12:10am,4/28/2020 12:22am
200,Lion of St. Marks Baths,(Opens 8 p.m. recently remodeled),152 Calle Tanca,San Juan,,Baths,,,1975,,4/28/2020 12:11am,4/28/2020 12:22am
201,Lion's Den,(Nude flicks & wild back room - go go boys),205 Calle Luna,San Juan,"(S),(YC),(*)",Bars/Clubs,,,1975,,4/28/2020 12:11am,4/28/2020 12:22am
204,Little Penthouse,,1019 Ashford Ave.,Condado,"(D),(S)",Bars/Clubs,,,1975,,4/28/2020 12:12am,4/28/2020 12:22am
205,Madrid Guest House,(Rooftop bar & Lounge),112 San Jorge,Condado,"(H),(RT)",Hotels,,,1975,,4/28/2020 12:13am,4/28/2020 12:22am
206,Main St. Bar,(Flicks) (Opens 12 noon),253 Calle San Jose,San Juan,(*),Bars/Clubs,,,1975,,4/28/2020 12:13am,4/28/2020 12:22am
207,Manny's,,109 Calle San Sebastian,San Juan,"(M),(R)",Restaurant,,,1975,,4/28/2020 12:14am,4/28/2020 12:22am
208,Page Two,(Natives) (Flicks),Calle Forteleza & Calle Tanca,San Juan,"(YC),(D),(*)",Bars/Clubs,,,1975,,4/28/2020 12:14am,4/28/2020 12:22am
209,Plaza Patio Bar & Restaurant ,(Opens 12 noon),409 Calle San Francisco,San Juan,,"Restaurant,Bars/Clubs",,,1975,,4/28/2020 12:14am,4/28/2020 12:22am
211,Ray's Bar ,,161 Calle San Jose,San Juan,,Bars/Clubs,,,1975,,4/28/2020 12:15am,4/28/2020 12:22am
212,Rudy's on the Beach,(Unfriendly mgmt.) Atlantic Beach Hotel ,1 Vendig St.,Condado,(M),Bars/Clubs,,,1975,,4/28/2020 12:15am,4/28/2020 12:22am
213,Sam's Patio,(Open 'till 1 a.m.),102 Calle San Sebastian,San Juan,"(M),(R),(*)",Restaurant,,,1975,,4/28/2020 12:16am,4/28/2020 12:22am
214,San Francisco Inn,(also bar opening at 5 p.m.),263 Calle San Francisco,San Juan,"(H),(*)",Hotels,,,1975,,4/28/2020 12:17am,4/28/2020 12:22am
210,Small World ,(Opens 11 a.m. - also small deli adj.),250 Calle San Jose ,San Juan,(*),Bars/Clubs,,,1975,,4/28/2020 12:15am,4/28/2020 12:22am
215,Ten Twenty Club,(Opens 3 p.m.),1020 Ashford ,Condado,"(S),(*)",Bars/Clubs,,,1975,,4/28/2020 12:18am,4/28/2020 12:22am
216,The Jeffrey James,,3 Calle Vendig ,Condado,"(P),(H),(*)",Hotels,,,1975,,4/28/2020 12:18am,4/28/2020 12:22am
218,Top of the Aquarium,(Natives),255 Calle San Justo,San Juan,"(YC),(D),(G)",Bars/Clubs,,,1975,,4/28/2020 12:19am,7/23/2020 11:42am
225,Pinball Gallery,,264 Calle San Francisco,San Juan,Cruisy Area,Cruising Areas,,,1975,,4/28/2020 12:21am,4/28/2020 12:22am
228,Hotel Senadora,(Some G) (locally popular weekends),15 mi. S. of San Juan,Aguas Buenas,"(G),(S),(D)",Bars/Clubs,,,1974,,4/28/2020 12:22am,4/28/2020 12:38am
229,Arturo's Furnished Cottages ,"(Mgmt. provides native entertainment for guests. P.O. Bo 428, tel: 832-7002)",105 Limon Rd.,Mayaguez,(H),Hotels,,,1974,,4/28/2020 12:23am,4/28/2020 12:38am
231,Abbey,(Disco),251 Calle Cruz,San Juan,"(D),(YC),(*)",Bars/Clubs,,,1974,,4/28/2020 12:24am,4/28/2020 12:38am
232,Arcos Blancos Guest House,,10 Carrion Court ,Condado,(H),Hotels,,,1974,,4/28/2020 12:25am,4/28/2020 12:38am
233,Cabaret,,253 Calle San Jose,San Juan,(S),Bars/Clubs,,,1974,,4/28/2020 12:25am,4/28/2020 12:38am
234,Caleta Guest House,,11 Calle Caleta Las Monjas,San Juan,(H),Hotels,,,1974,,4/28/2020 12:25am,4/28/2020 12:38am
235,Casa Madrid Guest House,(Rooftop bar & lounge),112 Calle San Jorge,San Juan,(H),Hotels,,,1974,,4/28/2020 12:26am,4/28/2020 12:38am
236,Casa Mario Guest House,"(El Mirador bar and R on top with good view, but no baths and dirty by American standards) ",255 Calle San Jose,San Juan,(R),Restaurant,,,1974,,4/28/2020 12:26am,4/28/2020 12:38am
237,Club Caleta Guest House,,3 Elena St. nr. Condado,Condado,"(H),(*)",Hotels,,,1974,,4/28/2020 12:27am,4/28/2020 12:38am
238,Club 551 ,,551 De Diego,Puerto Nuevo,(S),Bars/Clubs,,,1974,,4/28/2020 12:27am,4/28/2020 12:38am
239,Downtown Bar,,255 Calle San Jose,San Juan,,Bars/Clubs,,,1974,,4/28/2020 12:27am,4/28/2020 12:38am
240,El Doral Guest House,,159 Del Parque,Condado,(H),Hotels,,,1974,,4/28/2020 12:28am,4/28/2020 12:38am
241,El Mar Guest House,,1 Calle Clemenceau ,Condado,(H),Hotels,,,1974,,4/28/2020 12:28am,4/28/2020 12:38am
243,El Retablo,,206 Calle Luna,San Juan,"(RT),(M)",Bars/Clubs,,,1974,,4/28/2020 12:29am,4/28/2020 12:38am
246,La Gondola Italian Restaurant ,,305 Recinto Sur,San Juan,(M),Restaurant,,,1974,,4/28/2020 12:30am,4/28/2020 12:38am
247,Lion of St. Marks Baths,(opens 8 pm),152 Calle Tanca,San Juan,,Baths,,,1974,,4/28/2020 12:30am,4/28/2020 12:38am
248,Lion's Den,(nude 'flicks' & go-go boys - wild back room),205 Calle Luna,San Juan,"(D),(S),(*)",Bars/Clubs,,,1974,,4/28/2020 12:31am,4/28/2020 12:38am
249,Little Penthouse Club,,1019 Ashford Ave.,Condado,"(D),(S),(*)",Bars/Clubs,,,1974,,4/28/2020 12:31am,4/28/2020 12:38am
250,Main Street Bar,(opens 12 noon),253 Calle San Jose,San Juan,"(S),(*)",Bars/Clubs,,,1974,,4/28/2020 12:31am,4/28/2020 12:38am
253,Plaza Patio Bar & Restaurant ,(opens 12 noon),409 Calle San Francisco,San Juan,,"Bars/Clubs,Restaurant",,,1974,,4/28/2020 12:32am,4/28/2020 12:38am
254,Ray's Bar,,161 Calle San Jose,San Juan,(RT),Bars/Clubs,,,1974,,4/28/2020 12:33am,4/28/2020 12:38am
255,Rudy's on the Beach,,1 Vendig St.,Condado,(M),Bars/Clubs,,,1974,,4/28/2020 12:33am,4/28/2020 12:38am
256,Sam's Patio,(open till 1 am),102 Calle San Sebastian,San Juan,"(M),(R),(*)",Restaurant,,,1974,,4/28/2020 12:33am,4/28/2020 12:38am
257,San Francisco Inn,"(also bar, opening at 5 pm)",263 Calle San Francisco,San Juan,"(H),(*)",Hotels,,,1974,,4/28/2020 12:34am,4/28/2020 12:38am
258,Small World Bar,(opens 11 am) (adj. deli),250 Calle San Jose,San Juan,(*),Bars/Clubs,,,1974,,4/28/2020 12:34am,4/28/2020 12:38am
259,Ten Twenty Club,(opens 3 pm),1020 Ashford ,Condado,(S),Bars/Clubs,,,1974,,4/28/2020 12:34am,4/28/2020 12:38am
260,Tony's Monkey Business ,(nude 'flicks' & go-go boys),275 Calle Luna,San Juan,"(D),(S)",Bars/Clubs,,,1974,,4/28/2020 12:35am,4/28/2020 12:38am
252,Top of the Aquarium,,255 Calle San Justo,San Juan,"(YC),(D),(G)",Bars/Clubs,,,1974,,4/28/2020 12:32am,4/28/2020 12:38am
266,Pinball Gallery ,,264 Calle San Francisco,San Juan,Cruisy Area,Cruising Areas,,,1974,,4/28/2020 12:37am,4/28/2020 12:38am
269,Arturo's Furnished Cottages,"(P.O. Box 428, tel: 832-7002)",105 Limon Rd.,Mayaguez,(H),Hotels,,,1973,,4/28/2020 12:39am,4/28/2020 2:10am
271,Abbey,(newst 'in' spot),251 Calle Cruz,San Juan,"(YC),(D),(*)",Bars/Clubs,,,1973,,4/28/2020 12:40am,4/28/2020 2:11am
272,Annex,(go go boys),151 Calle Tetuan,San Juan,"(YC),(D),(*)",Bars/Clubs,,,1973,,4/28/2020 12:41am,4/28/2020 2:11am
273,Arcos Blancos Guest House,,10 Carrion Court,Condado,(H),Hotels,,,1973,,4/28/2020 12:41am,4/28/2020 2:11am
274,Caleta Guest House,,11 Calle Caleta Las Monjas,San Juan,"(M),(H)",Hotels,,,1973,,4/28/2020 12:41am,4/28/2020 2:11am
275,Casa Mario Guest House,,255 Calle San Jose,San Juan,(H),Hotels,,,1973,,4/28/2020 12:42am,4/28/2020 2:11am
276,Casa Madrid Guest House,(Rooftop bar & lounge),112 Calle San Jorge ,Condado,(H),Hotels,,,1973,,4/28/2020 12:42am,4/28/2020 2:11am
277,Chickie's Next Door,($2.00 cover),253 Calle San Jose,San Juan,"(D),(S)",Bars/Clubs,,,1973,,4/28/2020 12:43am,4/28/2020 2:11am
278,Club 551,,551 De Diego,Puerto Nuevo,,Bars/Clubs,,,1973,,4/28/2020 12:43am,4/28/2020 2:11am
279,Downtown Bar,,255 Calle San Jose,San Juan,(R),Restaurant,,,1973,,4/28/2020 2:02am,4/28/2020 2:11am
280,El Doral Guest House,,159 Del Parque,San Juan,(H),Hotels,,,1973,,4/28/2020 2:02am,4/28/2020 2:11am
281,El Mar Guest House,,1 Calle Ciemenceau,Condado,(H),Hotels,,,1973,,4/28/2020 2:02am,4/28/2020 2:11am
282,El Mirador Bar,(top of Casa Mario - open for breakfast),255 Calle San Jose,San Juan,,Bars/Clubs,,,1973,,4/28/2020 2:03am,4/28/2020 2:11am
283,Finale,,58 Calle San Jose,San Juan,"(D),(*)",Bars/Clubs,,,1973,,4/28/2020 2:03am,4/28/2020 2:11am
285,Lion of St. Mark Baths,,152 Calle Tanco,San Juan,,Baths,,,1973,,4/28/2020 2:04am,4/28/2020 2:11am
286,Lion's Den,(Nude 'flicks' & go go boys),205 Calle Luna,San Juan,"(YC),(D),(*)",Bars/Clubs,,,1973,,4/28/2020 2:04am,4/28/2020 2:11am
287,Little Penthouse Club,(Opens 12 noon),1019 Ashford Ave.,Condado,"(P),(D),(*)",Bars/Clubs,,,1973,,4/28/2020 2:04am,4/28/2020 2:11am
289,Main St. Bar,(Opens 12 noon),253 Calle San Jose,San Juan,"(S),(*)",Bars/Clubs,,,1973,,4/28/2020 2:04am,4/28/2020 2:11am
288,Napoleon Club,,112 Calle Condado ,Condado,"(P),(D),(PE)",Bars/Clubs,,,1973,,4/28/2020 2:04am,4/28/2020 2:11am
291,Ole del Duende ,,206 Calle Luna,San Juan,(RT),Bars/Clubs,,,1973,,4/28/2020 2:06am,4/28/2020 2:11am
292,Plaza Patio Bar,(Opens 12 noon),409 Calle San Francisco,San Juan,(R),Restaurant,,,1973,,4/28/2020 2:06am,4/28/2020 2:11am
294,Salvation Bar,,150 Calle Cruz,San Juan,(D),Bars/Clubs,,,1973,,4/28/2020 2:07am,4/28/2020 2:11am
295,Sam's Patio,(late evenings),102 Calle San Sebastian,San Juan,"(*),(M),(R)",Restaurant,,,1973,,4/28/2020 2:07am,4/28/2020 2:11am
296,San Francisco Inn,,263 Calle San Francisco,San Juan,"(H),(*)",Hotels,,,1973,,4/28/2020 2:07am,4/28/2020 2:11am
297,Si Como No,,263 Calle San Francisco,San Juan,"(D),(S)",Bars/Clubs,,,1973,,4/28/2020 2:08am,4/28/2020 2:11am
298,Small World ,(Opens 11 a.m.),250 Calle San Jose,San Juan,(M),Bars/Clubs,,,1973,,4/28/2020 2:08am,4/28/2020 2:11am
299,Ten Twenty Club,(Opens 3 p.m.),1020 Ashford Ave.,Condado,"(S),(*)",Bars/Clubs,,,1973,,4/28/2020 2:08am,4/28/2020 2:11am
308,Annex,,151 Tetuan,San Juan,"(YC),(D),(*)",Bars/Clubs,,,1972,,4/28/2020 2:12am,4/28/2020 2:21am
309,Big Spender,,104 Calle San Jose,San Juan,(S),Bars/Clubs,,,1972,,4/28/2020 2:12am,4/28/2020 2:21am
310,Blanche's Place,,107 Calle San Sebastian,San Juan,(M),Bars/Clubs,,,1972,,4/28/2020 2:13am,4/28/2020 2:21am
312,Downtown,,255 Calle San Jose,San Juan,,Bars/Clubs,,,1972,,4/28/2020 2:13am,4/28/2020 2:21am
313,Finale,,58 Calle San Jose,San Juan,"(D),(*)",Bars/Clubs,,,1972,,4/28/2020 2:14am,4/28/2020 2:21am
316,Lion's Head,(best after 2 am),105 Calle Luna,San Juan,"(YC),(D),(*)",Bars/Clubs,,,1972,,4/28/2020 2:14am,4/28/2020 2:21am
317,Madrid Guest House,(rooftop bar & lounge) ,112 Calle San Jorge,Condado,"(H),(*)",Hotels,,,1972,,4/28/2020 2:15am,4/28/2020 2:21am
319,Mary's Bar & Deli,,275 Calle Sol,San Juan,,Bars/Clubs,,,1972,,4/28/2020 2:15am,4/28/2020 2:21am
324,Plaza Patio & Restaurant ,,409 Calle San Francisco,San Juan,,Restaurant,,,1972,,4/28/2020 2:17am,4/28/2020 2:21am
325,St. Marks South Baths ,(above Rialto Theatre),152 Calle Tanca,San Juan,,Baths,,,1972,,4/28/2020 2:17am,4/28/2020 2:21am
328,San Francisco Inn,,263 Calle San Francisco,San Juan,"(H),(*)",Hotels,,,1972,,4/28/2020 2:18am,4/28/2020 2:21am
329,Small World ,,250 Calle San Jose,San Juan,(M),Bars/Clubs,,,1972,,4/28/2020 2:18am,4/28/2020 2:21am
330,Tea Room Bar,(go go boys),52 Calle San Jose,San Juan,(D),Bars/Clubs,,,1972,,4/28/2020 2:18am,4/28/2020 2:21am
331,Ten Twenty Club,,1020 Ashford Ave.,Condado,(*),Bars/Clubs,,,1972,,4/28/2020 2:19am,4/28/2020 2:21am
332,Unique Guest House,,151 Calle Tetuan,San Juan,(H),Hotels,,,1972,,4/28/2020 2:19am,4/28/2020 2:21am
336,Annex ,,151 Tetuan,San Juan,"(D),(*)",Bars/Clubs,,,1971,,4/28/2020 2:21am,4/28/2020 2:27am
333,Big Spender,,104 Calle San Jose,San Juan,,Bars/Clubs,,,1971,,4/28/2020 2:19am,4/28/2020 2:27am
326,Blanche's Place,,107 Calle San Sebastian,San Juan,(M),Bars/Clubs,,,1971,,4/28/2020 2:17am,4/28/2020 2:27am
338,Downtown ,,255 Calle San Jose,San Juan,,Bars/Clubs,,,1971,,4/28/2020 2:22am,4/28/2020 2:27am
339,Fantasy ,,58 Calle San Juneto,San Juan,,Bars/Clubs,,,1971,,4/28/2020 2:22am,4/28/2020 2:27am
340,Finale,,58 Calle San Jose,San Juan,"(D),(*)",Bars/Clubs,,,1971,,4/28/2020 2:22am,4/28/2020 2:27am
342,Golden Gate,(Best after 2 am),5 Calle Luna,San Juan,"(YC),(D),(*)",Bars/Clubs,,,1971,,4/28/2020 2:23am,4/28/2020 2:27am
345,Madrid Guest House,(rooftop bar & lounge),112 San Jorge ,Condado,(H),Hotels,,,1971,,4/28/2020 2:24am,4/28/2020 2:27am
349,San Francisco Inn,,263 Calle San Francisco,San Juan,(H),Hotels,,,1971,,4/28/2020 2:26am,4/28/2020 2:27am
351,St. Marks South Baths,(above Rialto Theatre),152 Calle Tanca,San Juan,,Baths,,,1971,,4/28/2020 2:26am,4/28/2020 2:27am
352,Small World ,,250 Calle San Jose,San Juan,(M),Bars/Clubs,,,1971,,4/28/2020 2:27am,4/28/2020 2:27am
353,Tea Room Bar,,52 Calle San Jose,San Juan,(D),Bars/Clubs,,,1971,,4/28/2020 2:27am,4/28/2020 2:27am
354,Unique Guest House ,,151 Calle Tetuan,San Juan,,Bars/Clubs,,,1971,,4/28/2020 2:27am,4/28/2020 2:27am
356,Annex,,151 Tetuan,San Juan,(*),Bars/Clubs,,,1970,,4/28/2020 2:50am,4/28/2020 2:54am
361,Hilltop,,150 San Sebastian,San Juan,,Bars/Clubs,,,1970,,4/28/2020 2:52am,4/28/2020 2:54am
365,Small World ,,250 Calle San Jose,San Juan,,Bars/Clubs,,,1970,,4/28/2020 2:53am,4/28/2020 2:54am
370,Annex,,151 Tetuan,San Juan,(*),Bars/Clubs,,,1969,,4/28/2020 2:56am,4/28/2020 2:59am
372,Hilltop,,150 San Sebastian,Old San Juan,"(D),(*)",Bars/Clubs,,,1969,,4/28/2020 2:56am,4/28/2020 2:59am
374,Small World ,,250 San Jose,San Juan,,Bars/Clubs,,,1969,,4/28/2020 2:58am,4/28/2020 2:59am
382,Small World ,,250 San Jose,San Juan,,Bars/Clubs,,,1968,,4/28/2020 3:02am,4/28/2020 3:02am
383,Staircase,,151 Tetuan,San Juan,,Bars/Clubs,,,1968,,4/28/2020 3:02am,4/28/2020 3:02am