ID,title,description,streetaddress,city,state,amenityfeatures,type,unclearaddress,Year,Verified?,notes,dateadded,lastmodified
1,Cap N' Guy's,,1212 New York Ave NW,DC,District of Columbia,(RT) - 'Raunchy types' - downtown type places - often hustlers,Bars/Clubs,,1965,,,2/16/2020 1:41pm,2/17/2020 1:06am
2,Carroll's Tavern,,510 9th Ave NW,DC,District of Columbia,,Bars/Clubs,,1965,,,2/16/2020 1:41pm,2/17/2020 1:06am
3,Chicken Hut,(also called DeSanto's or Lafayette),1720 H St. NW,DC,District of Columbia,(*) - Very popular,Bars/Clubs,,1965,,,2/16/2020 1:41pm,2/17/2020 1:06am
4,Famous,,1215 New York Ave NW,DC,District of Columbia,"(M) - Mixed Crowds - Some Straights,(RT) - 'Raunchy types' - downtown type places - often hustlers",Bars/Clubs,,1965,,,2/16/2020 1:41pm,2/17/2020 1:06am
5,Georgetown Grill,,1329 Wisconsin Ave NW,DC,District of Columbia,(*) - Very popular,"Restaurant,Bars/Clubs",,1965,,,2/16/2020 1:41pm,2/17/2020 1:06am
6,Golden Calf,,1133 14th St NW,DC,District of Columbia,(PE) - Pretty elegant - jacket & tie may be required,Bars/Clubs,,1965,,,2/16/2020 1:41pm,2/17/2020 1:06am
8,Lou's Hideaway,,821 Penna Ave NW,DC,District of Columbia,(*) - Very popular,Bars/Clubs,,1965,,,2/16/2020 1:41pm,2/17/2020 1:06am
9,Naples,,1227 New York Ave NW,DC,District of Columbia,(RT) - 'Raunchy types' - downtown type places - often hustlers,Bars/Clubs,,1965,,,2/16/2020 1:41pm,2/17/2020 1:06am
14,Uptown Lounge,,3433 Connecticut Ave NW,DC,District of Columbia,"(S) - Shows - impersonators or record pantomime acts - often touristy,(*) - Very popular",Bars/Clubs,,1965,,,2/16/2020 1:41pm,2/17/2020 1:06am
15,Cap 'n' Guys,,1212 New York Ave NW,DC,District of Columbia,(RT) - 'Raunchy types' - downtown type places - often hustlers,Bars/Clubs,,1966,,,2/16/2020 1:41pm,2/17/2020 1:06am
16,Carroll's Tavern,,510 9th Ave NW,DC,District of Columbia,"""(SM) - Some motorcycle. Don't confuse with 'M-S,' which means mixed crowds - shows. """,Bars/Clubs,,1966,,,2/16/2020 1:41pm,2/17/2020 1:06am
17,Cozy Corner,,708 Florida Ave NW,DC,District of Columbia,,Bars/Clubs,,1966,,,2/16/2020 1:41pm,2/17/2020 1:06am
18,Fox Lounge,,3253 Mt Pleasant,DC,District of Columbia,"(M) - Mixed Crowds - Some Straights,(*) - Very popular",Bars/Clubs,,1966,,,2/16/2020 1:41pm,2/17/2020 1:06am
19,Georgetown Grill,(collegiate),1329 Wisconsin Ave NW,DC,District of Columbia,(*) - Very popular,"Bars/Clubs,Restaurant",,1966,,,2/16/2020 1:41pm,2/17/2020 1:06am
20,Golden Calf,,1133 14th St NW,DC,District of Columbia,(PE) - Pretty elegant - jacket & tie may be required,Bars/Clubs,,1966,,,2/16/2020 1:41pm,2/17/2020 1:06am
22,Leon's (Chicken Hut),(Chicken Hut),1720 H St NW,DC,District of Columbia,(*) - Very popular,Bars/Clubs,,1966,,,2/16/2020 1:42pm,2/17/2020 1:06am
23,Lou's Hideaway,,821 Pennsylvania Ave SW,DC,District of Columbia,(*) - Very popular,Bars/Clubs,,1966,,,2/16/2020 1:42pm,2/17/2020 1:06am
24,Naples,,1227 New York Ave NW,DC,District of Columbia,"(RT) - 'Raunchy types' - downtown type places - often hustlers,(*) - Very popular",Bars/Clubs,,1966,,,2/16/2020 1:42pm,2/17/2020 1:06am
25,Nob Hill,,1101 Kenyon NW,DC,District of Columbia,"""(R) - Restaurant, usually serving dinner. A '*' after this symbol does not necessarily indicate quality of food served, but popularity of the place. ""","Restaurant,Bars/Clubs",,1966,,,2/16/2020 1:42pm,2/17/2020 1:06am
26,Paramount Steak House,,17th & R Sts NW,DC,District of Columbia,"""(R) - Restaurant, usually serving dinner. A '*' after this symbol does not necessarily indicate quality of food served, but popularity of the place. """,Restaurant,,1966,,,2/16/2020 1:42pm,2/17/2020 1:06am
30,Terminal Bar,Greyhound Bus Depot,1114 New York Ave,DC,District of Columbia,(M) - Mixed Crowds - Some Straights,Bars/Clubs,,1966,,,2/16/2020 1:42pm,2/17/2020 1:06am
31,Cap 'n' Guys,,1212 New York Ave NW,DC,District of Columbia,"(M) - Mixed Crowds - Some Straights,(RT) - 'Raunchy types' - downtown type places - often hustlers",Bars/Clubs,,1968,,,2/16/2020 1:42pm,2/17/2020 1:06am
32,Carroll's Tavern,,510 9th Ave NW,DC,District of Columbia,(*) - Very popular,Bars/Clubs,,1968,,,2/16/2020 1:42pm,2/17/2020 1:06am
33,Cozy Corner,,708 Florida Ave NW,DC,District of Columbia,,Bars/Clubs,,1968,,,2/16/2020 1:42pm,2/17/2020 1:06am
34,Fox Lounge,,3253 Mt Pleasant,DC,District of Columbia,"(M) - Mixed Crowds - Some Straights,(*) - Very popular",Bars/Clubs,,1968,,,2/16/2020 1:42pm,2/17/2020 1:06am
35,Georgetown Grill,(collegiate),1329 Wisconsin Ave NW,DC,District of Columbia,(*) - Very popular,Bars/Clubs,,1968,,,2/16/2020 1:42pm,2/17/2020 1:06am
36,Golden Calf,,1133 14th St NW,DC,District of Columbia,,Bars/Clubs,,1968,,,2/16/2020 1:42pm,2/17/2020 1:06am
37,Hubbard House,,1501 Connecticut Ave NW,DC,District of Columbia,"(M) - Mixed Crowds - Some Straights,""(R) - Restaurant, usually serving dinner. A '*' after this symbol does not necessarily indicate quality of food served, but popularity of the place. "",""(C) - Coffee, soft drinks and sometimes snacks""",Restaurant,,1968,,,2/16/2020 1:42pm,2/17/2020 1:06am
39,Leon's ,(Chicken Hut),1720 H St NW,DC,District of Columbia,(*) - Very popular,Bars/Clubs,,1968,,,2/16/2020 1:42pm,2/17/2020 1:06am
40,Lou's Hide-A-Way,"(downstairs below Hickory House)
",Pennsylvania & 9th St NW ,DC,District of Columbia,(*) - Very popular,Bars/Clubs,,1968,,,2/16/2020 1:42pm,2/17/2020 1:06am
41,Mr. Henry's,,Pennsylvania & 6th St SE,DC,District of Columbia,(M) - Mixed Crowds - Some Straights,Bars/Clubs,,1968,,,2/16/2020 1:42pm,2/17/2020 1:06am
42,Naples,,1227 New York Ave NW,DC,District of Columbia,"(RT) - 'Raunchy types' - downtown type places - often hustlers,(*) - Very popular",Bars/Clubs,,1968,,,2/16/2020 1:42pm,2/17/2020 1:06am
43,Nob Hill,,1101 Kenyon NW,DC,District of Columbia,"""(R) - Restaurant, usually serving dinner. A '*' after this symbol does not necessarily indicate quality of food served, but popularity of the place. ""","Restaurant,Bars/Clubs",,1968,,,2/16/2020 1:42pm,2/17/2020 1:06am
45,Pink Elephant,,11th & E NW,DC,District of Columbia,,Bars/Clubs,,1968,,,2/16/2020 1:42pm,2/17/2020 1:06am
48,Terminal Bar,,1114 New York Ave,DC,District of Columbia,"(M) - Mixed Crowds - Some Straights,(RT) - 'Raunchy types' - downtown type places - often hustlers",Bars/Clubs,,1968,,,2/16/2020 1:42pm,2/17/2020 1:06am
49,Cap n' Guys,,1212 New York Ave NW,DC,District of Columbia,"(M) - Mixed Crowds - Some Straights,(RT) - 'Raunchy types' - downtown type places - often hustlers,(*) - Very popular",Bars/Clubs,,1969,,,2/16/2020 1:42pm,2/17/2020 1:06am
50,Carroll's Tavern,,510 9th St NW,DC,District of Columbia,"(*) - Very popular,(RT) - 'Raunchy types' - downtown type places - often hustlers",Bars/Clubs,,1969,,,2/16/2020 1:42pm,2/17/2020 1:06am
51,Cozy Corner,,708 Florida Ave NW,DC,District of Columbia,,Bars/Clubs,,1969,,,2/16/2020 1:42pm,2/17/2020 1:06am
52,Eighteen-Thirty-Two Club,,1832 Columbia Rd NW,DC,District of Columbia,(*) - Very popular,Bars/Clubs,,1969,,,2/16/2020 1:42pm,2/17/2020 1:06am
53,Fox Lounge,,3253 Mt Pleasant,DC,District of Columbia,"(M) - Mixed Crowds - Some Straights,(*) - Very popular",Bars/Clubs,,1969,,,2/16/2020 1:42pm,2/17/2020 1:06am
54,Georgetown Grill,,1329 Wisconsin Ave NW,DC,District of Columbia,"(*) - Very popular,(YC) - Young and/or collegiate types","Bars/Clubs,Restaurant",,1969,,,2/16/2020 1:42pm,2/17/2020 1:06am
55,Golden Calf,,1133 14th St NW,DC,District of Columbia,,Bars/Clubs,,1969,,,2/16/2020 1:42pm,2/17/2020 1:06am
58,Lafayette (Leon's) Chicken Hut,,1720 H St NW,DC,District of Columbia,(*) - Very popular,Bars/Clubs,,1969,,,2/16/2020 1:42pm,2/17/2020 1:06am
62,Naples,,1227 New York Ave NW,DC,District of Columbia,"(RT) - 'Raunchy types' - downtown type places - often hustlers,(*) - Very popular",Bars/Clubs,,1969,,,2/16/2020 1:42pm,2/17/2020 1:06am
63,Nob Hill,,1101 Kenyon NW,DC,District of Columbia,"""(R) - Restaurant, usually serving dinner. A '*' after this symbol does not necessarily indicate quality of food served, but popularity of the place. ""","Restaurant,Bars/Clubs",,1969,,,2/16/2020 1:42pm,2/17/2020 1:06am
68,Carroll's Tavern,,510 9th St NW,DC,District of Columbia,"(*) - Very popular,(RT) - 'Raunchy types' - downtown type places - often hustlers",Bars/Clubs,,1970,,,2/16/2020 1:42pm,2/17/2020 1:06am
69,Cozy Corner,,708 Florida Ave NW,DC,District of Columbia,,Bars/Clubs,,1970,,,2/16/2020 1:42pm,2/17/2020 1:06am
71,Eighteen-Thirty-Two Club,,1832 Columbia Rd NW,DC,District of Columbia,(*) - Very popular,Bars/Clubs,,1970,,,2/16/2020 1:42pm,2/17/2020 1:06am
72,Fox Lounge,,3253 Mt Pleasant,DC,District of Columbia,"(M) - Mixed Crowds - Some Straights,(*) - Very popular",Bars/Clubs,,1970,,,2/16/2020 1:42pm,2/17/2020 1:06am
73,Georgetown Grill,,1329 Wisconsin Ave NW,DC,District of Columbia,"(*) - Very popular,(YC) - Young and/or collegiate types","Bars/Clubs,Restaurant",,1970,,,2/16/2020 1:42pm,2/17/2020 1:06am
74,Golden Calf,,1133 14th St NW,DC,District of Columbia,,Bars/Clubs,,1970,,,2/16/2020 1:42pm,2/17/2020 1:06am
77,Lafayette (Leon's) Chicken Hut,,1720 H St NW,DC,District of Columbia,(*) - Very popular,Bars/Clubs,,1970,,,2/16/2020 1:42pm,2/17/2020 1:06am
81,Naples,,1227 New York Ave NW,DC,District of Columbia,"(RT) - 'Raunchy types' - downtown type places - often hustlers,(*) - Very popular",Bars/Clubs,,1970,,,2/16/2020 1:42pm,2/17/2020 1:06am
82,Nob Hill,,1101 Kenyon NW,DC,District of Columbia,"""(R) - Restaurant, usually serving dinner. A '*' after this symbol does not necessarily indicate quality of food served, but popularity of the place. ""","Restaurant,Bars/Clubs",,1970,,,2/16/2020 1:42pm,2/17/2020 1:06am
85,Regency Steam Baths,,413 L St. NW,DC,District of Columbia,(*) - Very popular,Baths,,1970,,,2/16/2020 1:42pm,2/17/2020 1:06am
89,Carroll's Tavern,,510 9th St NW,DC,District of Columbia,"(*) - Very popular,(RT) - 'Raunchy types' - downtown type places - often hustlers",Bars/Clubs,,1971,,,2/16/2020 4:44pm,2/17/2020 1:06am
90,Court Jester's,,823 13th St.,DC,District of Columbia,"(M) - Mixed Crowds - Some Straights,(S) - Shows - impersonators or record pantomime acts - often touristy,(RT) - 'Raunchy types' - downtown type places - often hustlers,(*) - Very popular",Bars/Clubs,,1971,,,2/16/2020 4:44pm,2/17/2020 1:06am
91,Cozy Corner,,708 Florida Ave NW,DC,District of Columbia,(B) - Blacks frequent,Bars/Clubs,,1971,,,2/16/2020 4:44pm,2/17/2020 1:06am
92,Dolly's,,1215 New York Ave. N.W.,DC,District of Columbia,"""(R) - Restaurant, usually serving dinner. A '*' after this symbol does not necessarily indicate quality of food served, but popularity of the place. "",(M) - Mixed Crowds - Some Straights,(RT) - 'Raunchy types' - downtown type places - often hustlers","Bars/Clubs,Restaurant",,1971,,,2/16/2020 4:44pm,2/17/2020 1:06am
93,Eighteen-Thirty-Two Club,,1832 Columbia Rd NW,DC,District of Columbia,(B) - Blacks frequent,Bars/Clubs,,1971,,,2/16/2020 4:44pm,2/17/2020 1:06am
94,Georgetown Grill,,1329 Wisconsin Ave NW,DC,District of Columbia,"(*) - Very popular,(YC) - Young and/or collegiate types","Bars/Clubs,Restaurant",,1971,,,2/16/2020 4:44pm,2/17/2020 1:06am
95,Golden Calf,,1133 14th St NW,DC,District of Columbia,(PE) - Pretty elegant - jacket & tie may be required,Bars/Clubs,,1971,,,2/16/2020 4:44pm,2/17/2020 1:06am
99,Lafayette Chicken Hut (Leon's),,1720 H St NW,DC,District of Columbia,(*) - Very popular,Bars/Clubs,,1971,,,2/16/2020 4:44pm,2/17/2020 1:06am
100,Louie's Spartan Lounge,(W-Th-F-Sat only),304 9th St. N.W.,DC,District of Columbia,"""(SM) - Some motorcycle. Don't confuse with 'M-S,' which means mixed crowds - shows. "",(*) - Very popular",Bars/Clubs,,1971,,,2/16/2020 4:44pm,2/17/2020 1:06am
103,Naples,,1227 New York Ave NW,DC,District of Columbia,"(RT) - 'Raunchy types' - downtown type places - often hustlers,(*) - Very popular",Bars/Clubs,,1971,,,2/16/2020 4:44pm,2/17/2020 1:06am
105,Pier Nine,,1824 Half St.,DC,District of Columbia,"(YC) - Young and/or collegiate types,(D) - Dancing,(*) - Very popular",Bars/Clubs,,1971,,,2/16/2020 4:44pm,2/17/2020 1:06am
107,Plus One,,529 8th St. S.E.,DC,District of Columbia,"(YC) - Young and/or collegiate types,(D) - Dancing,(*) - Very popular",Bars/Clubs,,1971,,,2/16/2020 4:44pm,2/17/2020 1:06am
108,Regency Steam Baths,,413 L St. NW,DC,District of Columbia,(*) - Very popular,Baths,,1971,,,2/16/2020 4:44pm,2/17/2020 1:06am
109,Sonny's,,639 Pennsylvania St. S.E.,DC,District of Columbia,(YC) - Young and/or collegiate types,Bars/Clubs,,1971,,,2/16/2020 4:44pm,2/17/2020 1:06am
112,Victoria Station ,,1412 I St.,DC,District of Columbia,"(HIP) - Heads frequent,(*) - Very popular",Bars/Clubs,,1971,,,2/16/2020 4:44pm,2/17/2020 1:06am
114,Buffalo Bill's,,2000 P St. N.W.,DC,District of Columbia,"(M) - Mixed Crowds - Some Straights,""(R) - Restaurant, usually serving dinner. A '*' after this symbol does not necessarily indicate quality of food served, but popularity of the place. "",(HIP) - Heads frequent,(*) - Very popular","Restaurant,Bars/Clubs",,1972,,,2/16/2020 4:44pm,2/17/2020 1:06am
115,Carroll's Tavern,,510 9th St NW,DC,District of Columbia,"(*) - Very popular,(RT) - 'Raunchy types' - downtown type places - often hustlers",Bars/Clubs,,1972,,,2/16/2020 4:44pm,2/17/2020 1:06am
116,Club East II Baths,,20 O St. S.E.,DC,District of Columbia,(*) - Very popular,Baths,,1972,,,2/16/2020 4:44pm,2/17/2020 1:06am
117,Cozy Corner,,708 Florida Ave NW,DC,District of Columbia,(B) - Blacks frequent,Bars/Clubs,,1972,,,2/16/2020 4:44pm,2/17/2020 1:06am
118,Dolly's,,1215 New York Ave. N.W.,DC,District of Columbia,"""(R) - Restaurant, usually serving dinner. A '*' after this symbol does not necessarily indicate quality of food served, but popularity of the place. "",(M) - Mixed Crowds - Some Straights,(RT) - 'Raunchy types' - downtown type places - often hustlers","Bars/Clubs,Restaurant",,1972,,,2/16/2020 4:44pm,2/17/2020 1:06am
119,Eighteen-Thirty-Two Club,,1832 Columbia Rd NW,DC,District of Columbia,"(B) - Blacks frequent,(*) - Very popular",Bars/Clubs,,1972,,,2/16/2020 4:44pm,2/17/2020 1:06am
120,Georgetown Grill,(Georgetown),1329 Wisconsin Ave NW,DC,District of Columbia,"(*) - Very popular,(YC) - Young and/or collegiate types","Bars/Clubs,Restaurant",,1972,,,2/16/2020 4:44pm,2/17/2020 1:06am
123,Lafayette Chicken Hut (Leon's),(upstairs),1720 H St NW,DC,District of Columbia,"(*) - Very popular,(YC) - Young and/or collegiate types,(D) - Dancing",Bars/Clubs,,1972,,,2/16/2020 4:44pm,2/17/2020 1:06am
124,Louie's Spartan Lounge,(W-Th-F-Sat only),304 9th St. N.W.,DC,District of Columbia,"""(SM) - Some motorcycle. Don't confuse with 'M-S,' which means mixed crowds - shows. "",(*) - Very popular",Bars/Clubs,,1972,,,2/16/2020 4:44pm,2/17/2020 1:06am
126,Millie's & Lou's,(after hours),406 8th St. S.E.,DC,District of Columbia,"(M) - Mixed Crowds - Some Straights,""(C) - Coffee, soft drinks and sometimes snacks""",Bars/Clubs,,1972,,,2/16/2020 4:44pm,2/17/2020 1:06am
127,Mr. Henry's,,601 Pennsylvania,DC,District of Columbia,(M) - Mixed Crowds - Some Straights,Bars/Clubs,,1972,,,2/16/2020 4:44pm,2/17/2020 1:06am
128,Naples,,1227 New York Ave NW,DC,District of Columbia,"(RT) - 'Raunchy types' - downtown type places - often hustlers,(*) - Very popular",Bars/Clubs,,1972,,,2/16/2020 4:44pm,2/17/2020 1:06am
129,Nob Hill,,1101 Kenyon NW,DC,District of Columbia,"""(R) - Restaurant, usually serving dinner. A '*' after this symbol does not necessarily indicate quality of food served, but popularity of the place. "",(B) - Blacks frequent","Restaurant,Bars/Clubs",,1972,,,2/16/2020 5:39pm,2/17/2020 1:06am
130,Paramount Steak House,,1519 17th St N.W.,DC,District of Columbia,"""(R) - Restaurant, usually serving dinner. A '*' after this symbol does not necessarily indicate quality of food served, but popularity of the place. "",(*) - Very popular",Restaurant,,1972,,,2/16/2020 5:39pm,2/17/2020 1:06am
131,Pier Nine,,1824 Half St.,DC,District of Columbia,"(YC) - Young and/or collegiate types,(D) - Dancing,(*) - Very popular",Bars/Clubs,,1972,,,2/16/2020 5:39pm,2/17/2020 1:06am
133,Plus One,,529 8th St. S.E.,DC,District of Columbia,"(YC) - Young and/or collegiate types,(D) - Dancing,(*) - Very popular",Bars/Clubs,,1972,,,2/16/2020 5:39pm,2/17/2020 1:06am
134,Pub Nine,(after hours),525 8th St. S.E.,DC,District of Columbia,"(YC) - Young and/or collegiate types,(D) - Dancing",Bars/Clubs,,1972,,,2/16/2020 5:39pm,2/17/2020 1:06am
135,Regency Steam Baths,,413 L St. NW,DC,District of Columbia,,Baths,,1972,,,2/16/2020 5:39pm,2/17/2020 1:06am
137,Town House,,506 8th St. S.E.,DC,District of Columbia,"""(R) - Restaurant, usually serving dinner. A '*' after this symbol does not necessarily indicate quality of food served, but popularity of the place. "",(*) - Very popular","Bars/Clubs,Restaurant",,1972,,,2/16/2020 5:39pm,2/17/2020 1:06am
138,Victoria Station ,,1412 I St.,DC,District of Columbia,"(HIP) - Heads frequent,(*) - Very popular,(B) - Blacks frequent,(YC) - Young and/or collegiate types,(D) - Dancing",Bars/Clubs,,1972,,,2/16/2020 5:39pm,2/17/2020 1:06am
144,Barn,(after hours) (above Louie's),305 9th St. NW,DC,District of Columbia,"""(C) - Coffee, soft drinks and sometimes snacks"",""(R) - Restaurant, usually serving dinner. A '*' after this symbol does not necessarily indicate quality of food served, but popularity of the place. "",(D) - Dancing","Bars/Clubs,Restaurant",,1973,,,2/16/2020 5:39pm,2/17/2020 1:06am
146,Carroll's Tavern,,510 9th St NW,DC,District of Columbia,"(*) - Very popular,(RT) - 'Raunchy types' - downtown type places - often hustlers",Bars/Clubs,,1973,,,2/16/2020 5:39pm,2/17/2020 1:06am
147,Club East II Baths,,20 O St. S.E.,DC,District of Columbia,(*) - Very popular,Baths,,1973,,,2/16/2020 5:39pm,2/17/2020 1:06am
148,Cozy Corner,,708 Florida Ave NW,DC,District of Columbia,(B) - Blacks frequent,Bars/Clubs,,1973,,,2/16/2020 5:39pm,2/17/2020 1:06am
149,Curiosity Book Shop,,1219 I St. NW,DC,District of Columbia,,Book Store,,1973,,,2/16/2020 5:39pm,2/17/2020 1:06am
150,Dolly's,,1215 New York Ave. N.W.,DC,District of Columbia,"""(R) - Restaurant, usually serving dinner. A '*' after this symbol does not necessarily indicate quality of food served, but popularity of the place. "",(M) - Mixed Crowds - Some Straights,(RT) - 'Raunchy types' - downtown type places - often hustlers","Bars/Clubs,Restaurant",,1973,,,2/16/2020 5:39pm,2/17/2020 1:06am
152,Eighteen-Thirty-Two Club,,1832 Columbia Rd NW,DC,District of Columbia,"(*) - Very popular,""(R) - Restaurant, usually serving dinner. A '*' after this symbol does not necessarily indicate quality of food served, but popularity of the place. ""","Bars/Clubs,Restaurant",,1973,,,2/16/2020 5:39pm,2/17/2020 1:06am
153,Garden of Eden Book Store,,1112 H St. NW,DC,District of Columbia,,Book Store,,1973,,,2/16/2020 5:39pm,2/17/2020 1:06am
154,Georgetown Grill,(Georgetown),1329 Wisconsin Ave NW,DC,District of Columbia,"(*) - Very popular,(YC) - Young and/or collegiate types","Bars/Clubs,Restaurant",,1973,,,2/16/2020 5:39pm,2/17/2020 1:06am
158,Life Raft,,639 Pennsylvania Ave. S.E.,DC,District of Columbia,"""(R) - Restaurant, usually serving dinner. A '*' after this symbol does not necessarily indicate quality of food served, but popularity of the place. "",(YC) - Young and/or collegiate types,(D) - Dancing,(*) - Very popular","Bars/Clubs,Restaurant",,1973,,,2/16/2020 5:39pm,2/17/2020 1:06am
159,Lost & Found,"(No neon sign, but don't miss this one) ",56 L St. SE,DC,District of Columbia,"""(R) - Restaurant, usually serving dinner. A '*' after this symbol does not necessarily indicate quality of food served, but popularity of the place. "",(YC) - Young and/or collegiate types,(D) - Dancing,(*) - Very popular","Restaurant,Bars/Clubs",,1973,,,2/16/2020 5:39pm,2/17/2020 1:06am
160,Louie's Spartan Lounge,,305 9th St. N.W.,DC,District of Columbia,"""(SM) - Some motorcycle. Don't confuse with 'M-S,' which means mixed crowds - shows. "",(*) - Very popular",Bars/Clubs,,1973,,,2/16/2020 5:58pm,2/17/2020 1:06am
161,Metropole Theatre,,411 L St. NW,DC,District of Columbia,,Theatre,,1973,,,2/16/2020 5:58pm,2/17/2020 1:06am
162,Millie's & Lou's,(after hours),406 8th St. S.E.,DC,District of Columbia,"(M) - Mixed Crowds - Some Straights,""(C) - Coffee, soft drinks and sometimes snacks"",""(R) - Restaurant, usually serving dinner. A '*' after this symbol does not necessarily indicate quality of food served, but popularity of the place. ""","Bars/Clubs,Restaurant",,1973,,,2/16/2020 5:59pm,2/17/2020 1:06am
163,Mr. Henry's,,601 Pennsylvania,DC,District of Columbia,"(M) - Mixed Crowds - Some Straights,""(R) - Restaurant, usually serving dinner. A '*' after this symbol does not necessarily indicate quality of food served, but popularity of the place. ""","Bars/Clubs,Restaurant",,1973,,,2/16/2020 5:59pm,2/17/2020 1:06am
164,Mr. Henry's,(Georgetown),1225 Wisconsin Ave. NW,DC,District of Columbia,"(M) - Mixed Crowds - Some Straights,""(R) - Restaurant, usually serving dinner. A '*' after this symbol does not necessarily indicate quality of food served, but popularity of the place. ""","Bars/Clubs,Restaurant",,1973,,,2/16/2020 5:59pm,2/17/2020 1:06am
165,Naples,,1227 New York Ave NW,DC,District of Columbia,"(RT) - 'Raunchy types' - downtown type places - often hustlers,(*) - Very popular",Bars/Clubs,,1973,,,2/16/2020 5:59pm,2/17/2020 1:06am
166,Nob Hill,,1101 Kenyon NW,DC,District of Columbia,"""(R) - Restaurant, usually serving dinner. A '*' after this symbol does not necessarily indicate quality of food served, but popularity of the place. "",(B) - Blacks frequent","Restaurant,Bars/Clubs",,1973,,,2/16/2020 5:59pm,2/17/2020 1:06am
167,Paramount Steak House,,1519 17th St N.W.,DC,District of Columbia,"""(R) - Restaurant, usually serving dinner. A '*' after this symbol does not necessarily indicate quality of food served, but popularity of the place. "",(*) - Very popular",Restaurant,,1973,,,2/16/2020 5:59pm,2/17/2020 1:06am
168,Paramount Steak House,(Georgetown),1227 Wisconsin Ave NW,DC,District of Columbia,"""(R) - Restaurant, usually serving dinner. A '*' after this symbol does not necessarily indicate quality of food served, but popularity of the place. "",(*) - Very popular",Restaurant,,1973,,,2/16/2020 5:59pm,2/17/2020 1:06am
169,Phase III,,525 8th St. SE,DC,District of Columbia,"""(G) - Girls, but seldom exclusively"",(D) - Dancing",Bars/Clubs,,1973,,,2/16/2020 5:59pm,2/17/2020 1:06am
170,Pier Nine,,1824 Half St. SW,DC,District of Columbia,"(YC) - Young and/or collegiate types,(D) - Dancing",Bars/Clubs,,1973,,,2/16/2020 5:59pm,2/17/2020 1:06am
172,Plus One,(was closed- May be reopening by June of '72),529 8th St. S.E.,DC,District of Columbia,,Bars/Clubs,,1973,,,2/16/2020 5:59pm,2/17/2020 1:06am
173,R & M Book Shop,,1812 Adams Mill Rd.,DC,District of Columbia,,Book Store,,1973,,,2/16/2020 5:59pm,2/17/2020 1:06am
174,Regency Steam Baths,,413 L St. NW,DC,District of Columbia,(*) - Very popular,Baths,,1973,,,2/16/2020 5:59pm,2/17/2020 1:06am
176,Town House,(after hours),506 8th St. S.E.,DC,District of Columbia,"""(R) - Restaurant, usually serving dinner. A '*' after this symbol does not necessarily indicate quality of food served, but popularity of the place. "",(*) - Very popular,""(C) - Coffee, soft drinks and sometimes snacks""","Bars/Clubs,Restaurant",,1973,,,2/16/2020 5:59pm,2/17/2020 1:06am
182,Barn,(after hours) (above Louie's),305 9th St. NW,DC,District of Columbia,"""(C) - Coffee, soft drinks and sometimes snacks"",""(R) - Restaurant, usually serving dinner. A '*' after this symbol does not necessarily indicate quality of food served, but popularity of the place. "",(D) - Dancing","Bars/Clubs,Restaurant",,1974,,,2/16/2020 5:59pm,2/17/2020 1:06am
184,Cap 'n' Guy's,,1212 New York Ave. NW,DC,District of Columbia,"(M) - Mixed Crowds - Some Straights,(RT) - 'Raunchy types' - downtown type places - often hustlers",Bars/Clubs,,1974,,,2/16/2020 5:59pm,2/17/2020 1:06am
185,Carroll's Tavern,,510 9th St NW,DC,District of Columbia,"(*) - Very popular,(RT) - 'Raunchy types' - downtown type places - often hustlers",Bars/Clubs,,1974,,,2/16/2020 5:59pm,2/17/2020 1:06am
186,Club East II Baths,,20 O St. S.E.,DC,District of Columbia,(*) - Very popular,Baths,,1974,,,2/16/2020 5:59pm,2/17/2020 1:06am
187,Cozy Corner,,708 Florida Ave NW,DC,District of Columbia,(D) - Dancing,Bars/Clubs,,1974,,,2/16/2020 5:59pm,2/17/2020 1:06am
188,Curiosity Book Shop,,1219 I St. NW,DC,District of Columbia,,Book Store,,1974,,,2/16/2020 5:59pm,2/17/2020 1:06am
189,Dolly's,,1215 New York Ave. N.W.,DC,District of Columbia,"""(R) - Restaurant, usually serving dinner. A '*' after this symbol does not necessarily indicate quality of food served, but popularity of the place. "",(M) - Mixed Crowds - Some Straights,(RT) - 'Raunchy types' - downtown type places - often hustlers","Bars/Clubs,Restaurant",,1974,,,2/16/2020 5:59pm,2/17/2020 1:06am
191,Eighteen-Thirty-Two Club,(was closed-may be re-opening),1832 Columbia Rd NW,DC,District of Columbia,"""(R) - Restaurant, usually serving dinner. A '*' after this symbol does not necessarily indicate quality of food served, but popularity of the place. "",(M) - Mixed Crowds - Some Straights","Bars/Clubs,Restaurant",,1974,,,2/16/2020 5:59pm,2/17/2020 1:06am
192,Garden of Eden Book Store,,1112 H St. NW,DC,District of Columbia,,Book Store,,1974,,,2/16/2020 5:59pm,2/17/2020 1:06am
193,Georgetown Grill,(Georgetown),1329 Wisconsin Ave NW,DC,District of Columbia,"(*) - Very popular,(YC) - Young and/or collegiate types","Bars/Clubs,Restaurant",,1974,,,2/16/2020 5:59pm,2/17/2020 1:06am
195,Life Raft,,639 Pennsylvania Ave. S.E.,DC,District of Columbia,"""(R) - Restaurant, usually serving dinner. A '*' after this symbol does not necessarily indicate quality of food served, but popularity of the place. "",(YC) - Young and/or collegiate types,(D) - Dancing,(*) - Very popular","Bars/Clubs,Restaurant",,1974,,,2/16/2020 5:59pm,2/17/2020 1:06am
196,Lost & Found,"(No neon sign, but don't miss it... new, enlarged facilities!) ",56 L St. SE,DC,District of Columbia,"""(R) - Restaurant, usually serving dinner. A '*' after this symbol does not necessarily indicate quality of food served, but popularity of the place. "",(YC) - Young and/or collegiate types,(D) - Dancing,(*) - Very popular","Restaurant,Bars/Clubs",,1974,,,2/16/2020 5:59pm,2/17/2020 1:06am
197,Louie's Spartan Lounge,,305 9th St. N.W.,DC,District of Columbia,"""(SM) - Some motorcycle. Don't confuse with 'M-S,' which means mixed crowds - shows. "",(*) - Very popular",Bars/Clubs,,1974,,,2/16/2020 5:59pm,2/17/2020 1:06am
198,Metropole Theatre,,411 L St. NW,DC,District of Columbia,,Theatre,,1974,,,2/16/2020 5:59pm,2/17/2020 1:06am
201,Millie's & Lou's,(after hours),406 8th St. S.E.,DC,District of Columbia,"(M) - Mixed Crowds - Some Straights,""(C) - Coffee, soft drinks and sometimes snacks"",""(R) - Restaurant, usually serving dinner. A '*' after this symbol does not necessarily indicate quality of food served, but popularity of the place. "",(B) - Blacks frequent","Bars/Clubs,Restaurant",,1974,,,2/16/2020 5:59pm,2/17/2020 1:06am
202,Mr. Henry's,,601 Pennsylvania,DC,District of Columbia,"(M) - Mixed Crowds - Some Straights,""(R) - Restaurant, usually serving dinner. A '*' after this symbol does not necessarily indicate quality of food served, but popularity of the place. ""","Bars/Clubs,Restaurant",,1974,,,2/16/2020 5:59pm,2/17/2020 1:06am
203,Mr. Henry's,(Georgetown),1225 Wisconsin Ave. NW,DC,District of Columbia,"(M) - Mixed Crowds - Some Straights,""(R) - Restaurant, usually serving dinner. A '*' after this symbol does not necessarily indicate quality of food served, but popularity of the place. ""","Bars/Clubs,Restaurant",,1974,,,2/16/2020 5:59pm,2/17/2020 1:06am
204,Naples,,1227 New York Ave NW,DC,District of Columbia,"(RT) - 'Raunchy types' - downtown type places - often hustlers,(*) - Very popular",Bars/Clubs,,1974,,,2/16/2020 5:59pm,2/17/2020 1:06am
205,Nob Hill,,1101 Kenyon NW,DC,District of Columbia,"""(R) - Restaurant, usually serving dinner. A '*' after this symbol does not necessarily indicate quality of food served, but popularity of the place. "",(B) - Blacks frequent","Restaurant,Bars/Clubs",,1974,,,2/16/2020 5:59pm,2/17/2020 1:06am
206,Paramount Steak House,,1519 17th St N.W.,DC,District of Columbia,"""(R) - Restaurant, usually serving dinner. A '*' after this symbol does not necessarily indicate quality of food served, but popularity of the place. "",(*) - Very popular",Restaurant,,1974,,,2/16/2020 5:59pm,2/17/2020 1:06am
207,Paramount Steak House,(Georgetown),1227 Wisconsin Ave NW,DC,District of Columbia,"""(R) - Restaurant, usually serving dinner. A '*' after this symbol does not necessarily indicate quality of food served, but popularity of the place. """,Restaurant,,1974,,,2/16/2020 5:59pm,2/17/2020 1:06am
208,Phase One,,528 8th St. SE,DC,District of Columbia,"""(G) - Girls, but seldom exclusively"",(D) - Dancing,(*) - Very popular",Bars/Clubs,,1974,,,2/16/2020 5:59pm,2/17/2020 1:06am
209,Pier Nine,,1824 Half St. SW,DC,District of Columbia,"(YC) - Young and/or collegiate types,(D) - Dancing,(*) - Very popular",Bars/Clubs,,1974,,,2/16/2020 6:33pm,2/17/2020 1:06am
211,R & M Book Shop,,1812 Adams Mill Rd.,DC,District of Columbia,,Book Store,,1974,,,2/16/2020 6:33pm,2/17/2020 1:06am
212,Regency Steam Baths,,413 L St. NW,DC,District of Columbia,(*) - Very popular,Baths,,1974,,,2/16/2020 6:33pm,2/17/2020 1:06am
215,Town House,(Sunday afternoons*),506 8th St. S.E.,DC,District of Columbia,"""(R) - Restaurant, usually serving dinner. A '*' after this symbol does not necessarily indicate quality of food served, but popularity of the place. "",(*) - Very popular,""(C) - Coffee, soft drinks and sometimes snacks""","Bars/Clubs,Restaurant",,1974,,,2/16/2020 6:33pm,2/17/2020 1:06am
216,Village Books,,819 13th St. NW,DC,District of Columbia,,Book Store,,1974,,,2/16/2020 6:33pm,2/17/2020 1:06am
217,Village Books,,928 14TH St. NW,DC,District of Columbia,,Book Store,,1974,,,2/16/2020 6:33pm,2/17/2020 1:06am
218,Zombie's,,5828 Georgia Ave NW,DC,District of Columbia,(B) - Blacks frequent,Bars/Clubs,,1974,,,2/16/2020 6:33pm,2/17/2020 1:06am
228,Barn,(above Louie's),305 9th St. NW,DC,District of Columbia,"""(C) - Coffee, soft drinks and sometimes snacks"",""(R) - Restaurant, usually serving dinner. A '*' after this symbol does not necessarily indicate quality of food served, but popularity of the place. "",(D) - Dancing,(AH) - After Hours","Bars/Clubs,Restaurant",,1975,,,2/16/2020 6:33pm,2/17/2020 1:06am
229,Brass Rail,,809 13th St. N.W.,DC,District of Columbia,"(M) - Mixed Crowds - Some Straights,(RT) - 'Raunchy types' - downtown type places - often hustlers,(B) - Blacks frequent",Bars/Clubs,,1975,,,2/16/2020 6:33pm,2/17/2020 1:06am
230,Cap 'n' Guy's,,1212 New York Ave. NW,DC,District of Columbia,"(M) - Mixed Crowds - Some Straights,(RT) - 'Raunchy types' - downtown type places - often hustlers",Bars/Clubs,,1975,,,2/16/2020 6:33pm,2/17/2020 1:06am
231,Carroll's Tavern,(Lunch*) (RT nights),510 9th St NW,DC,District of Columbia,"(*) - Very popular,(RT) - 'Raunchy types' - downtown type places - often hustlers,""(R) - Restaurant, usually serving dinner. A '*' after this symbol does not necessarily indicate quality of food served, but popularity of the place. ""","Bars/Clubs,Restaurant",,1975,,,2/16/2020 6:33pm,2/17/2020 1:06am
232,Club East II Baths,,20 O St. S.E.,DC,District of Columbia,(*) - Very popular,Baths,,1975,,,2/16/2020 6:33pm,2/17/2020 1:06am
233,Cozy Corner,,708 Florida Ave NW,DC,District of Columbia,"(D) - Dancing,(B) - Blacks frequent",Bars/Clubs,,1975,,,2/16/2020 6:33pm,2/17/2020 1:06am
234,Curiosity Book Shop,,1219 I St. NW,DC,District of Columbia,,Book Store,,1975,,,2/16/2020 6:33pm,2/17/2020 1:06am
235,Dolly's,,1215 New York Ave. N.W.,DC,District of Columbia,"""(R) - Restaurant, usually serving dinner. A '*' after this symbol does not necessarily indicate quality of food served, but popularity of the place. "",(M) - Mixed Crowds - Some Straights,(RT) - 'Raunchy types' - downtown type places - often hustlers","Bars/Clubs,Restaurant",,1975,,,2/16/2020 6:33pm,2/17/2020 1:06am
236,Eagle,between H St. & New York Avenue,904 9th St. NW,DC,District of Columbia,"""(SM) - Some motorcycle. Don't confuse with 'M-S,' which means mixed crowds - shows. "",(*) - Very popular",Bars/Clubs,,1975,,,2/16/2020 6:33pm,2/17/2020 1:06am
237,Earth Works,(bookstore),1724 20th St. NW,DC,District of Columbia,,Book Store,,1975,,,2/16/2020 6:33pm,2/17/2020 1:06am
238,Eighteen-Thirty-Two Club,,1832 Columbia Rd NW,DC,District of Columbia,"""(R) - Restaurant, usually serving dinner. A '*' after this symbol does not necessarily indicate quality of food served, but popularity of the place. "",(M) - Mixed Crowds - Some Straights","Bars/Clubs,Restaurant",,1975,,,2/16/2020 6:33pm,2/17/2020 1:06am
239,Fox Lounge,,3253 Mt. Pleasant NW,DC,District of Columbia,,Bars/Clubs,,1975,,,2/16/2020 6:33pm,2/17/2020 1:06am
240,Garden of Eden Book Store,,1112 H St. NW,DC,District of Columbia,,Book Store,,1975,,,2/16/2020 6:33pm,2/17/2020 1:06am
241,Georgetown Grill,(Georgetown),1329 Wisconsin Ave NW,DC,District of Columbia,"(*) - Very popular,(YC) - Young and/or collegiate types","Bars/Clubs,Restaurant",,1975,,,2/16/2020 6:33pm,2/17/2020 1:06am
242,Grand Central,(looks like a winner) at New Jersey,900 1st St. SE,DC,District of Columbia,"(YC) - Young and/or collegiate types,(D) - Dancing,(*) - Very popular",Bars/Clubs,,1975,,,2/16/2020 6:33pm,2/17/2020 1:06am
244,Joanna's,(weekends*),8th & 'E' St. SE,DC,District of Columbia,"""(G) - Girls, but seldom exclusively"",(S) - Shows - impersonators or record pantomime acts - often touristy,(*) - Very popular",Bars/Clubs,,1975,,,2/16/2020 6:33pm,2/17/2020 1:06am
245,Life Raft,,639 Pennsylvania Ave. S.E.,DC,District of Columbia,"""(R) - Restaurant, usually serving dinner. A '*' after this symbol does not necessarily indicate quality of food served, but popularity of the place. "",(YC) - Young and/or collegiate types,(D) - Dancing","Bars/Clubs,Restaurant",,1975,,,2/16/2020 6:33pm,2/17/2020 1:06am
246,Lost & Found,"(No neon sign, but don't miss it) ",56 L St. SE,DC,District of Columbia,"""(R) - Restaurant, usually serving dinner. A '*' after this symbol does not necessarily indicate quality of food served, but popularity of the place. "",(YC) - Young and/or collegiate types,(D) - Dancing,(*) - Very popular","Restaurant,Bars/Clubs",,1975,,,2/16/2020 6:33pm,2/17/2020 1:06am
247,Louie's Spartan Lounge,,305 9th St. N.W.,DC,District of Columbia,"(W) - Western or coyboy types,(*) - Very popular",Bars/Clubs,,1975,,,2/16/2020 6:33pm,2/17/2020 1:06am
248,Metropole Theatre,,411 L St. NW,DC,District of Columbia,,Theatre,,1975,,,2/16/2020 6:33pm,2/17/2020 1:06am
251,Millie's & Lou's,(after hours),406 8th St. S.E.,DC,District of Columbia,"(M) - Mixed Crowds - Some Straights,""(C) - Coffee, soft drinks and sometimes snacks"",""(R) - Restaurant, usually serving dinner. A '*' after this symbol does not necessarily indicate quality of food served, but popularity of the place. "",(B) - Blacks frequent,(AH) - After Hours,(*) - Very popular","Bars/Clubs,Restaurant",,1975,,,2/16/2020 6:33pm,2/17/2020 1:06am
252,Mr. Henry's,,601 Pennsylvania,DC,District of Columbia,"(M) - Mixed Crowds - Some Straights,""(R) - Restaurant, usually serving dinner. A '*' after this symbol does not necessarily indicate quality of food served, but popularity of the place. "",(*) - Very popular","Bars/Clubs,Restaurant",,1975,,,2/17/2020 12:53am,2/17/2020 1:06am
253,Mr. Henry's,(Georgetown),1225 Wisconsin Ave. NW,DC,District of Columbia,"(M) - Mixed Crowds - Some Straights,""(R) - Restaurant, usually serving dinner. A '*' after this symbol does not necessarily indicate quality of food served, but popularity of the place. ""","Bars/Clubs,Restaurant",,1975,,,2/17/2020 12:53am,2/17/2020 1:06am
254,Naples,,1227 New York Ave NW,DC,District of Columbia,"(RT) - 'Raunchy types' - downtown type places - often hustlers,(*) - Very popular",Bars/Clubs,,1975,,,2/17/2020 12:53am,2/17/2020 1:06am
255,Nob Hill,,1101 Kenyon NW,DC,District of Columbia,"""(R) - Restaurant, usually serving dinner. A '*' after this symbol does not necessarily indicate quality of food served, but popularity of the place. "",(B) - Blacks frequent","Restaurant,Bars/Clubs",,1975,,,2/17/2020 12:53am,2/17/2020 1:06am
256,Oscar's Eye,(weekends) (above Louie's),305 9th St. NW,DC,District of Columbia,(S) - Shows - impersonators or record pantomime acts - often touristy,Bars/Clubs,,1975,,,2/17/2020 12:53am,2/17/2020 1:06am
257,Paramount Steak House,,1519 17th St N.W.,DC,District of Columbia,"""(R) - Restaurant, usually serving dinner. A '*' after this symbol does not necessarily indicate quality of food served, but popularity of the place. "",(*) - Very popular",Restaurant,,1975,,,2/17/2020 12:53am,2/17/2020 1:06am
258,Paramount Steak House,(Georgetown),1227 Wisconsin Ave NW,DC,District of Columbia,"""(R) - Restaurant, usually serving dinner. A '*' after this symbol does not necessarily indicate quality of food served, but popularity of the place. """,Restaurant,,1975,,,2/17/2020 12:53am,2/17/2020 1:06am
259,Phase One,,528 8th St. SE,DC,District of Columbia,"""(G) - Girls, but seldom exclusively"",(D) - Dancing,(*) - Very popular",Bars/Clubs,,1975,,,2/17/2020 12:53am,2/17/2020 1:06am
260,Pier Nine,(Disco),1824 Half St. SW,DC,District of Columbia,"(YC) - Young and/or collegiate types,(D) - Dancing,(*) - Very popular",Bars/Clubs,,1975,,,2/17/2020 12:53am,2/17/2020 1:06am
261,Plus One,,529 8th St. SE,DC,District of Columbia,"(M) - Mixed Crowds - Some Straights,""(R) - Restaurant, usually serving dinner. A '*' after this symbol does not necessarily indicate quality of food served, but popularity of the place. "",""(C) - Coffee, soft drinks and sometimes snacks"",(AH) - After Hours,(*) - Very popular","Bars/Clubs,Restaurant",,1975,,,2/17/2020 12:53am,2/17/2020 1:06am
262,R & M Book Shop,,1812 Adams Mill Rd.,DC,District of Columbia,,Book Store,,1975,,,2/17/2020 12:53am,2/17/2020 1:06am
264,Town House,(Sunday afternoons*),506 8th St. S.E.,DC,District of Columbia,"""(R) - Restaurant, usually serving dinner. A '*' after this symbol does not necessarily indicate quality of food served, but popularity of the place. "",(*) - Very popular,""(C) - Coffee, soft drinks and sometimes snacks""","Bars/Clubs,Restaurant",,1975,,,2/17/2020 12:53am,2/17/2020 1:06am
265,Village Books,,819 13th St. NW,DC,District of Columbia,,Book Store,,1975,,,2/17/2020 12:53am,2/17/2020 1:06am
266,Village Books,,928 14TH St. NW,DC,District of Columbia,,Book Store,,1975,,,2/17/2020 12:53am,2/17/2020 1:06am
267,Third World Den,,221 Riggs Road NE,DC,District of Columbia,"""(R) - Restaurant, usually serving dinner. A '*' after this symbol does not necessarily indicate quality of food served, but popularity of the place. "",(B) - Blacks frequent,(D) - Dancing,(*) - Very popular","Restaurant,Bars/Clubs",,1975,,,2/17/2020 12:53am,2/17/2020 1:06am
268,Waay Off Broadway,(adjacent to Lost & Found),55 K St. SE,DC,District of Columbia,"(E) - Entertainment,(S) - Shows - impersonators or record pantomime acts - often touristy,(*) - Very popular",Bars/Clubs,,1975,,,2/17/2020 12:53am,2/17/2020 1:06am
269,Zombie's,,5828 Georgia Ave NW,DC,District of Columbia,(B) - Blacks frequent,Bars/Clubs,,1975,,,2/17/2020 12:53am,2/17/2020 1:06am
281,Barn,(above Louie's),305 9th St. NW,DC,District of Columbia,"(AH) - After Hours,(WE) = Weekends,""(SM) - Some motorcycle. Don't confuse with 'M-S,' which means mixed crowds - shows. ""","Bars/Clubs,Restaurant",,1976,,,2/17/2020 12:53am,2/17/2020 1:29am
282,Brass Rail,,809 13th St. N.W.,DC,District of Columbia,"(M) - Mixed Crowds - Some Straights,(RT) - 'Raunchy types' - downtown type places - often hustlers,(B) - Blacks frequent",Bars/Clubs,,1976,,,2/17/2020 12:53am,2/17/2020 1:29am
283,Cap 'n' Guys,,1212 New York Ave. NW,DC,District of Columbia,"(M) - Mixed Crowds - Some Straights,(RT) - 'Raunchy types' - downtown type places - often hustlers",Bars/Clubs,,1976,,,2/17/2020 12:53am,2/17/2020 1:29am
284,Carroll's Tavern,(Lunch*) (RT nights),510 9th St NW,DC,District of Columbia,"(*) - Very popular,(RT) - 'Raunchy types' - downtown type places - often hustlers,""(R) - Restaurant, usually serving dinner. A '*' after this symbol does not necessarily indicate quality of food served, but popularity of the place. ""","Bars/Clubs,Restaurant",,1976,,,2/17/2020 12:53am,2/17/2020 1:29am
285,Club East II Baths,,20 O St. S.E.,DC,District of Columbia,(*) - Very popular,Baths,,1976,,,2/17/2020 12:53am,2/17/2020 1:29am
286,Club Madame,at 'E' St.,506 8th St. SE ,DC,District of Columbia,"""(G) - Girls, but seldom exclusively"",(D) - Dancing,(E) - Entertainment,(*) - Very popular",Bars/Clubs,,1976,,,2/17/2020 12:53am,2/17/2020 1:29am
287,Community Book Store,,2325 18th St. NW,DC,District of Columbia,,Book Store,,1976,,,2/17/2020 12:53am,2/17/2020 1:29am
288,Cozy Corner,,708 Florida Ave NW,DC,District of Columbia,"(D) - Dancing,(B) - Blacks frequent",Bars/Clubs,,1976,,,2/17/2020 12:53am,2/17/2020 1:29am
289,Dolly's,,1215 New York Ave. N.W.,DC,District of Columbia,"""(R) - Restaurant, usually serving dinner. A '*' after this symbol does not necessarily indicate quality of food served, but popularity of the place. "",(M) - Mixed Crowds - Some Straights,(RT) - 'Raunchy types' - downtown type places - often hustlers","Bars/Clubs,Restaurant",,1976,,,2/17/2020 12:53am,2/17/2020 1:29am
290,Eagle,between H St. & New York Avenue,904 9th St. NW,DC,District of Columbia,"""(SM) - Some motorcycle. Don't confuse with 'M-S,' which means mixed crowds - shows. "",(*) - Very popular",Bars/Clubs,,1976,,,2/17/2020 12:53am,2/17/2020 1:29am
291,Fox Lounge ,(some B) ,3253 Mt. Pleasant N.W.,DC,District of Columbia,(B) - Blacks frequent,Bars/Clubs,,1976,,,2/17/2020 12:53am,2/17/2020 1:29am
292,Garden of Eden Book Store,,1112 H St. NW,DC,District of Columbia,,Book Store,,1976,,,2/17/2020 12:53am,2/17/2020 1:29am
293,Georgetown Grill,(Georgetown),1329 Wisconsin Ave NW,DC,District of Columbia,"(*) - Very popular,(YC) - Young and/or collegiate types,""(R) - Restaurant, usually serving dinner. A '*' after this symbol does not necessarily indicate quality of food served, but popularity of the place. "",(HIP) - Heads frequent","Bars/Clubs,Restaurant",,1976,,,2/17/2020 12:53am,2/17/2020 1:29am
294,Grand Central,at 'K' St. just off New Jersey,900 1st St. SE,DC,District of Columbia,"(YC) - Young and/or collegiate types,(D) - Dancing,(*) - Very popular,""(R) - Restaurant, usually serving dinner. A '*' after this symbol does not necessarily indicate quality of food served, but popularity of the place. ""","Bars/Clubs,Restaurant",,1976,,,2/17/2020 12:53am,2/17/2020 1:29am
297,Lambda Rising,(Book Store),1724 20th St. NW,DC,District of Columbia,,Book Store,,1976,,,2/17/2020 12:53am,2/17/2020 1:29am
298,Lost & Found,"(No neon sign, but don't miss it) (Disco)",56 L St. SE,DC,District of Columbia,"""(R) - Restaurant, usually serving dinner. A '*' after this symbol does not necessarily indicate quality of food served, but popularity of the place. "",(YC) - Young and/or collegiate types,(D) - Dancing,(*) - Very popular","Restaurant,Bars/Clubs",,1976,,,2/17/2020 12:53am,2/17/2020 1:29am
299,Louie's Spartan Lounge,(some SM),305 9th St. N.W.,DC,District of Columbia,"""(SM) - Some motorcycle. Don't confuse with 'M-S,' which means mixed crowds - shows. """,Bars/Clubs,,1976,,,2/17/2020 12:53am,2/17/2020 1:29am
300,Metropole Theatre,,411 L St. NW,DC,District of Columbia,,Theatre,,1976,,,2/17/2020 12:53am,2/17/2020 1:29am
302,Millie's & Lou's,(at your own risk),406 8th St. S.E.,DC,District of Columbia,"(M) - Mixed Crowds - Some Straights,""(C) - Coffee, soft drinks and sometimes snacks"",""(R) - Restaurant, usually serving dinner. A '*' after this symbol does not necessarily indicate quality of food served, but popularity of the place. "",(B) - Blacks frequent,(AH) - After Hours,(*) - Very popular,(RT) - 'Raunchy types' - downtown type places - often hustlers","Bars/Clubs,Restaurant",,1976,,,2/17/2020 12:53am,2/17/2020 1:29am
303,Mr. Henry's,,601 Pennsylvania,DC,District of Columbia,"(M) - Mixed Crowds - Some Straights,""(R) - Restaurant, usually serving dinner. A '*' after this symbol does not necessarily indicate quality of food served, but popularity of the place. "",(*) - Very popular","Bars/Clubs,Restaurant",,1976,,,2/17/2020 1:08am,2/17/2020 1:29am
304,Mr. Henry's,(Georgetown),1225 Wisconsin Ave. NW,DC,District of Columbia,"(M) - Mixed Crowds - Some Straights,""(R) - Restaurant, usually serving dinner. A '*' after this symbol does not necessarily indicate quality of food served, but popularity of the place. "",(*) - Very popular","Bars/Clubs,Restaurant",,1976,,,2/17/2020 1:08am,2/17/2020 1:29am
305,Naples,,1227 New York Ave NW,DC,District of Columbia,"(RT) - 'Raunchy types' - downtown type places - often hustlers,(*) - Very popular",Bars/Clubs,,1976,,,2/17/2020 1:08am,2/17/2020 1:29am
306,Nob Hill,,1101 Kenyon NW,DC,District of Columbia,"""(R) - Restaurant, usually serving dinner. A '*' after this symbol does not necessarily indicate quality of food served, but popularity of the place. "",(B) - Blacks frequent","Restaurant,Bars/Clubs",,1976,,,2/17/2020 1:08am,2/17/2020 1:29am
307,Oscar's Eye, (above Louie's),305 9th St. NW,DC,District of Columbia,"(S) - Shows - impersonators or record pantomime acts - often touristy,(WE) = Weekends",Bars/Clubs,,1976,,,2/17/2020 1:08am,2/17/2020 1:29am
308,Paramount Steak House,,1519 17th St N.W.,DC,District of Columbia,"""(R) - Restaurant, usually serving dinner. A '*' after this symbol does not necessarily indicate quality of food served, but popularity of the place. "",(*) - Very popular",Restaurant,,1976,,,2/17/2020 1:08am,2/17/2020 1:29am
309,Paramount Steak House,(Georgetown),1227 Wisconsin Ave NW,DC,District of Columbia,"""(R) - Restaurant, usually serving dinner. A '*' after this symbol does not necessarily indicate quality of food served, but popularity of the place. """,Restaurant,,1976,,,2/17/2020 1:08am,2/17/2020 1:29am
310,Phase One,,528 8th St. SE,DC,District of Columbia,"""(G) - Girls, but seldom exclusively"",(D) - Dancing,(*) - Very popular",Bars/Clubs,,1976,,,2/17/2020 1:08am,2/17/2020 1:29am
311,Pier Nine,(Disco),1824 Half St. SW,DC,District of Columbia,"(YC) - Young and/or collegiate types,(D) - Dancing,(*) - Very popular",Bars/Clubs,,1976,,,2/17/2020 1:08am,2/17/2020 1:29am
312,Plus One,(Disco),529 8th St. SE,DC,District of Columbia,"(M) - Mixed Crowds - Some Straights,""(R) - Restaurant, usually serving dinner. A '*' after this symbol does not necessarily indicate quality of food served, but popularity of the place. "",""(C) - Coffee, soft drinks and sometimes snacks"",(AH) - After Hours,(*) - Very popular,(D) - Dancing,(WE) = Weekends","Bars/Clubs,Restaurant",,1976,,,2/17/2020 1:08am,2/17/2020 1:29am
313,Regency Steam Baths ,(conflicting reports about this being opened or closed),413 L St NW,DC,District of Columbia,,Baths,,1976,,,2/17/2020 1:08am,2/17/2020 1:29am
315,Sundown,(Georgetown),3040 M St.,DC,District of Columbia,"(P) - Private club - Inquire locally to admission,(M) - Mixed Crowds - Some Straights,(HIP) - Heads frequent,""(R) - Restaurant, usually serving dinner. A '*' after this symbol does not necessarily indicate quality of food served, but popularity of the place. "",(D) - Dancing,(*) - Very popular","Bars/Clubs,Restaurant",,1976,,,2/17/2020 1:08am,2/17/2020 1:29am
317,Town House,(Sunday Brunch),506 8th St. S.E.,DC,District of Columbia,"""(R) - Restaurant, usually serving dinner. A '*' after this symbol does not necessarily indicate quality of food served, but popularity of the place. "",""(G) - Girls, but seldom exclusively""","Bars/Clubs,Restaurant",,1976,,,2/17/2020 1:08am,2/17/2020 1:30am
318,Village Books,,819 13th St. NW,DC,District of Columbia,,Book Store,,1976,,,2/17/2020 1:08am,2/17/2020 1:30am
319,Village Books,,928 14TH St. NW,DC,District of Columbia,,Book Store,,1976,,,2/17/2020 1:08am,2/17/2020 1:30am
320,Third World Den,,221 Riggs Road NE,DC,District of Columbia,"""(R) - Restaurant, usually serving dinner. A '*' after this symbol does not necessarily indicate quality of food served, but popularity of the place. "",(B) - Blacks frequent,(D) - Dancing,(*) - Very popular","Restaurant,Bars/Clubs",,1976,,,2/17/2020 1:08am,2/17/2020 1:30am
321,Waay Off Broadway,(adjoins the 'Lost & Found'),55 K St. SE,DC,District of Columbia,"(E) - Entertainment,(S) - Shows - impersonators or record pantomime acts - often touristy,(*) - Very popular",Bars/Clubs,,1976,,,2/17/2020 1:08am,2/17/2020 1:30am
322,Zombie's,,5828 Georgia Ave NW,DC,District of Columbia,(B) - Blacks frequent,Bars/Clubs,,1976,,,2/17/2020 1:08am,2/17/2020 1:30am
334,Barn,(Above Louie's) (S-WE*),305 9th St. ,DC,District of Columbia,"(S) - Shows - impersonators or record pantomime acts - often touristy,(WE) = Weekends,(*) - Very popular",Bars/Clubs,,1977,,,2/17/2020 1:08am,2/17/2020 7:26pm
335,Bijou Theatre,,411 L St.,DC,District of Columbia,,Theatre,,1977,,,2/17/2020 1:08am,2/17/2020 7:26pm
336,Brass Rail,,809 13th St. NW,DC,District of Columbia,"(M) - Mixed Crowds - Some Straights,(B) - Blacks frequent,(RT) - 'Raunchy types' - downtown type places - often hustlers",Bars/Clubs,,1977,,,2/17/2020 1:08am,2/17/2020 7:26pm
337,Capitol Hill Townhouse,(looks promising),506 8th St. SE,DC,District of Columbia,"""(R) - Restaurant, usually serving dinner. A '*' after this symbol does not necessarily indicate quality of food served, but popularity of the place. """,Restaurant,,1977,,,2/17/2020 1:08am,2/17/2020 7:27pm
338,Carroll's Tavern,(Lunch*) (RT nights),510 9th St NW,DC,District of Columbia,"(*) - Very popular,(RT) - 'Raunchy types' - downtown type places - often hustlers,""(R) - Restaurant, usually serving dinner. A '*' after this symbol does not necessarily indicate quality of food served, but popularity of the place. ""","Bars/Clubs,Restaurant",,1977,,,2/17/2020 1:08am,2/17/2020 7:27pm
339,Charleroi,(Disco) (WE*) (Some G) (Open for lunch),529 8th St. SE,DC,District of Columbia,"(WE) = Weekends,(*) - Very popular,(D) - Dancing,(S) - Shows - impersonators or record pantomime acts - often touristy,""(G) - Girls, but seldom exclusively"",""(R) - Restaurant, usually serving dinner. A '*' after this symbol does not necessarily indicate quality of food served, but popularity of the place. ""","Restaurant,Bars/Clubs",,1977,,,2/17/2020 1:08am,2/18/2020 2:09am
340,Cinema Follies,(Theater),37 L St. SE,DC,District of Columbia,,Theatre,,1977,,,2/17/2020 1:08am,2/18/2020 2:09am
341,Club East II Baths,,20 O St. S.E.,DC,District of Columbia,(*) - Very popular,Baths,,1977,,,2/17/2020 1:09am,2/18/2020 2:09am
342,Club Madame,(Disco) at 'E' St.,506 8th St. SE ,DC,District of Columbia,"""(G) - Girls, but seldom exclusively"",(D) - Dancing,(E) - Entertainment,(*) - Very popular",Bars/Clubs,,1977,,,2/17/2020 1:09am,2/18/2020 2:09am
343,Community Books,,2028 P St. NW,DC,District of Columbia,,Book Store,,1977,,,2/17/2020 1:09am,2/18/2020 2:09am
344,Cozy Corner,,708 Florida Ave NW,DC,District of Columbia,"(D) - Dancing,(B) - Blacks frequent",Bars/Clubs,,1977,,,2/17/2020 1:09am,2/18/2020 2:09am
345,Eagle,(2 rooms) between H St. & New York Avenue,904 9th St. NW,DC,District of Columbia,"""(SM) - Some motorcycle. Don't confuse with 'M-S,' which means mixed crowds - shows. "",(*) - Very popular,(PT) - Pool Table",Bars/Clubs,,1977,,,2/17/2020 1:09am,2/18/2020 2:09am
346,Fox Lounge ,(some B) ,3253 Mt. Pleasant N.W.,DC,District of Columbia,(B) - Blacks frequent,Bars/Clubs,,1977,,,2/17/2020 1:09am,2/18/2020 2:09am
347,Garden of Eden Book Store,,1112 H St. NW,DC,District of Columbia,,Book Store,,1977,,,2/17/2020 1:09am,2/18/2020 2:09am
348,Georgetown Grill,(Georgetown),1329 Wisconsin Ave NW,DC,District of Columbia,"(*) - Very popular,(YC) - Young and/or collegiate types,""(R) - Restaurant, usually serving dinner. A '*' after this symbol does not necessarily indicate quality of food served, but popularity of the place. "",(HIP) - Heads frequent","Bars/Clubs,Restaurant",,1977,,,2/17/2020 1:09am,2/18/2020 2:09am
349,Grand Central,(Disco) (Admission charge) just off New Jersey & I Streets,900 1st St. SE,DC,District of Columbia,"(YC) - Young and/or collegiate types,(D) - Dancing,(*) - Very popular,""(R) - Restaurant, usually serving dinner. A '*' after this symbol does not necessarily indicate quality of food served, but popularity of the place. "",(B) - Blacks frequent","Bars/Clubs,Restaurant",,1977,,,2/17/2020 1:09am,2/18/2020 2:09am
350,G.T.'s Famous Faces,,3333 Connecticut Avenue NW,DC,District of Columbia,"""(R) - Restaurant, usually serving dinner. A '*' after this symbol does not necessarily indicate quality of food served, but popularity of the place. "",(D) - Dancing,(E) - Entertainment","Bars/Clubs,Restaurant",,1977,,,2/17/2020 1:09am,2/18/2020 2:09am
353,Lambda Rising,(Book Store),1724 20th St. NW,DC,District of Columbia,(*) - Very popular,Book Store,,1977,,,2/17/2020 1:09am,2/18/2020 2:09am
355,Leather Rack,(clothing),918 9th St. NW,DC,District of Columbia,,Business,,1977,,,2/17/2020 1:09am,2/18/2020 2:09am
356,Lost & Found,"(Disco) (Admission charge- No neon sign, but don't miss it... just follow the crowd) (Disco)",56 L St. SE,DC,District of Columbia,"""(R) - Restaurant, usually serving dinner. A '*' after this symbol does not necessarily indicate quality of food served, but popularity of the place. "",(YC) - Young and/or collegiate types,(D) - Dancing,(*) - Very popular","Restaurant,Bars/Clubs",,1977,,,2/17/2020 1:09am,2/18/2020 2:09am
357,Louie's Spartan Lounge,"(some SM, W, OC) (WE*)",305 9th St. N.W.,DC,District of Columbia,"""(SM) - Some motorcycle. Don't confuse with 'M-S,' which means mixed crowds - shows. "",(W) - Western or coyboy types,(OC) - Older/More Mature Crowd,(WE) = Weekends,(*) - Very popular",Bars/Clubs,,1977,,,2/17/2020 1:09am,2/18/2020 2:09am
358,Metropole II,(cinema),104 Rhode Island NW,DC,District of Columbia,,Theatre,,1977,,,2/17/2020 1:09am,2/18/2020 2:09am
359,M.C.C.,,945 G St,DC,District of Columbia,M.C.C. - Metropolitan Community Church,Church,,1977,,,2/17/2020 1:09am,2/18/2020 2:09am
360,Millie's & Lou's,,406 8th St. S.E.,DC,District of Columbia,"(M) - Mixed Crowds - Some Straights,""(C) - Coffee, soft drinks and sometimes snacks"",""(R) - Restaurant, usually serving dinner. A '*' after this symbol does not necessarily indicate quality of food served, but popularity of the place. "",(B) - Blacks frequent,(AH) - After Hours,(RT) - 'Raunchy types' - downtown type places - often hustlers,(AYOR) -  At Your Own Risk - Dangerous - Usually Fuzz","Bars/Clubs,Restaurant",,1977,,,2/17/2020 1:09am,2/18/2020 2:09am
361,Mr. Henry's,,601 Pennsylvania,DC,District of Columbia,"(M) - Mixed Crowds - Some Straights,""(R) - Restaurant, usually serving dinner. A '*' after this symbol does not necessarily indicate quality of food served, but popularity of the place. "",(*) - Very popular","Bars/Clubs,Restaurant",,1977,,,2/17/2020 1:09am,2/18/2020 2:09am
362,Mr. Henry's,(Georgetown),1225 Wisconsin Ave. NW,DC,District of Columbia,"(M) - Mixed Crowds - Some Straights,""(R) - Restaurant, usually serving dinner. A '*' after this symbol does not necessarily indicate quality of food served, but popularity of the place. "",(*) - Very popular","Bars/Clubs,Restaurant",,1977,,,2/17/2020 1:09am,2/18/2020 2:09am
363,Naples,,1227 New York Ave NW,DC,District of Columbia,"(RT) - 'Raunchy types' - downtown type places - often hustlers,(*) - Very popular",Bars/Clubs,,1977,,,2/17/2020 1:09am,2/18/2020 2:09am
364,Nob Hill,,1101 Kenyon NW,DC,District of Columbia,"""(R) - Restaurant, usually serving dinner. A '*' after this symbol does not necessarily indicate quality of food served, but popularity of the place. "",(B) - Blacks frequent","Restaurant,Bars/Clubs",,1977,,,2/17/2020 1:09am,2/18/2020 2:09am
365,Paramount Steak House,,1519 17th St N.W.,DC,District of Columbia,"""(R) - Restaurant, usually serving dinner. A '*' after this symbol does not necessarily indicate quality of food served, but popularity of the place. "",(*) - Very popular,(M) - Mixed Crowds - Some Straights",Restaurant,,1977,,,2/17/2020 1:09am,2/18/2020 2:09am
366,Paramount Steak House,(Georgetown),1227 Wisconsin Ave NW,DC,District of Columbia,"""(R) - Restaurant, usually serving dinner. A '*' after this symbol does not necessarily indicate quality of food served, but popularity of the place. "",(M) - Mixed Crowds - Some Straights",Restaurant,,1977,,,2/17/2020 7:57pm,2/18/2020 2:09am
367,Phase One,,528 8th St. SE,DC,District of Columbia,"""(G) - Girls, but seldom exclusively"",(D) - Dancing,(*) - Very popular",Bars/Clubs,,1977,,,2/17/2020 7:57pm,2/18/2020 2:09am
368,Pier Nine,(Disco),1824 Half St. SW,DC,District of Columbia,"(YC) - Young and/or collegiate types,(D) - Dancing,(*) - Very popular",Bars/Clubs,,1977,,,2/17/2020 7:57pm,2/18/2020 2:09am
370,Regency Steam Baths ,,413 L St NW,DC,District of Columbia,(OC) - Older/More Mature Crowd,Baths,,1977,,,2/17/2020 7:57pm,2/18/2020 2:09am
371,Southwest Cinema Club,Waterside Mall,401 M St SW,DC,District of Columbia,,Theatre,,1977,,,2/17/2020 7:57pm,2/18/2020 2:09am
372,Village Books,,819 13th St. NW,DC,District of Columbia,,Book Store,,1977,,,2/17/2020 7:57pm,2/18/2020 2:09am
373,Village Books,,1222 H St. NW,DC,District of Columbia,,Book Store,,1977,,,2/17/2020 7:57pm,2/18/2020 2:09am
374,Third World Den,,221 Riggs Road NE,DC,District of Columbia,"""(R) - Restaurant, usually serving dinner. A '*' after this symbol does not necessarily indicate quality of food served, but popularity of the place. "",(B) - Blacks frequent,(D) - Dancing,(*) - Very popular","Restaurant,Bars/Clubs",,1977,,,2/17/2020 7:57pm,2/18/2020 2:09am
375,Waay Off Broadway,(adjoins the 'Lost & Found'),55 K St. SE,DC,District of Columbia,"(E) - Entertainment,(S) - Shows - impersonators or record pantomime acts - often touristy,(*) - Very popular",Bars/Clubs,,1977,,,2/17/2020 7:57pm,2/18/2020 2:09am
376,Zombie,,5828 Georgia Ave NW,DC,District of Columbia,(B) - Blacks frequent,Bars/Clubs,,1977,,,2/17/2020 7:57pm,2/18/2020 2:09am
389,Barbary Coast,,2200 Wisconsin Ave. N.W.,DC,District of Columbia,,Bars/Clubs,,1978,,,2/17/2020 7:57pm,2/18/2020 2:10am
390,Barn,(Above Louie's) (S-WE*),305 9th St. ,DC,District of Columbia,"(S) - Shows - impersonators or record pantomime acts - often touristy,(WE) = Weekends,(*) - Very popular",Bars/Clubs,,1978,,,2/17/2020 7:57pm,2/18/2020 2:10am
392,Brass Rail,,809 13th St. NW,DC,District of Columbia,"(M) - Mixed Crowds - Some Straights,(B) - Blacks frequent,(RT) - 'Raunchy types' - downtown type places - often hustlers",Bars/Clubs,,1978,,,2/17/2020 7:57pm,2/18/2020 2:10am
393,Capitol Hill Townhouse,,506 8th St. SE,DC,District of Columbia,"""(R) - Restaurant, usually serving dinner. A '*' after this symbol does not necessarily indicate quality of food served, but popularity of the place. """,Restaurant,,1978,,,2/17/2020 7:57pm,2/18/2020 2:10am
394,Carroll's Tavern,(Lunch*) (RT nights),510 9th St NW,DC,District of Columbia,"(*) - Very popular,(RT) - 'Raunchy types' - downtown type places - often hustlers,""(R) - Restaurant, usually serving dinner. A '*' after this symbol does not necessarily indicate quality of food served, but popularity of the place. ""","Bars/Clubs,Restaurant",,1978,,,2/17/2020 7:57pm,2/18/2020 2:10am
396,Cinema Follies,(Theater) ('wild back room'),37 L St. SE,DC,District of Columbia,,Theatre,,1978,,,2/17/2020 7:57pm,2/18/2020 2:10am
398,Club East II Baths,(Upstairs),20 O St. S.E.,DC,District of Columbia,(*) - Very popular,Baths,,1978,,,2/17/2020 7:57pm,2/18/2020 2:10am
399,Club Madame,"(Popular Ms. bar, but poor P.R. & management)  at 'E' St.",500 8th St. SE ,DC,District of Columbia,"""(G) - Girls, but seldom exclusively"",(D) - Dancing,(E) - Entertainment,(*) - Very popular",Bars/Clubs,,1978,,,2/17/2020 7:57pm,2/18/2020 2:10am
400,Court Jester,(looks promising),2321 Wisconsin Ave. N.W.,DC,District of Columbia,"(D) - Dancing,""(R) - Restaurant, usually serving dinner. A '*' after this symbol does not necessarily indicate quality of food served, but popularity of the place. ""","Bars/Clubs,Restaurant",,1978,,,2/17/2020 7:57pm,2/18/2020 2:10am
401,Cozy Corner,,708 Florida Ave. NW,DC,District of Columbia,"(B) - Blacks frequent,(D) - Dancing",Bars/Clubs,,1978,,,2/17/2020 7:57pm,2/18/2020 2:10am
402,Dignity,(Catholic group),2210 F St.,DC,District of Columbia,,"Church,Organizations",,1978,,,2/17/2020 7:57pm,2/18/2020 2:10am
403,Eagle,(3 rooms) betw. 'H' St. & New York Ave,904 9th St. NW,DC,District of Columbia,"""(SM) - Some motorcycle. Don't confuse with 'M-S,' which means mixed crowds - shows. "",(PT) - Pool Table,(*) - Very popular",Bars/Clubs,,1978,,,2/17/2020 7:57pm,2/18/2020 2:10am
405,Fox Lounge,(Some B),3253 Mt. Pleasant N.W.,DC,District of Columbia,(B) - Blacks frequent,Bars/Clubs,,1978,,,2/17/2020 7:57pm,2/18/2020 2:10am
406,Fraternity House,(Enter thru alley),2123 P St. NW,DC,District of Columbia,"""(R) - Restaurant, usually serving dinner. A '*' after this symbol does not necessarily indicate quality of food served, but popularity of the place. "",(D) - Dancing,(PT) - Pool Table,(WE) = Weekends,(*) - Very popular,(E) - Entertainment","Bars/Clubs,Restaurant",,1978,,,2/17/2020 7:57pm,2/18/2020 2:10am
407,Georgetown Grill,(Georgetown) (R- days only),1329 Wisconsin Ave NW,DC,District of Columbia,"(*) - Very popular,(YC) - Young and/or collegiate types,""(R) - Restaurant, usually serving dinner. A '*' after this symbol does not necessarily indicate quality of food served, but popularity of the place. "",(HIP) - Heads frequent","Bars/Clubs,Restaurant",,1978,,,2/17/2020 7:57pm,2/18/2020 2:10am
408,Grand Central,"(Many B, G) (Disco) (Was closed - may be reopening) just off New Jersey & I Streets",900 1st St. SE,DC,District of Columbia,"(D) - Dancing,(B) - Blacks frequent,""(G) - Girls, but seldom exclusively""",Bars/Clubs,,1978,,,2/17/2020 7:57pm,2/18/2020 2:10am
412,Lambda Rising,(Book Store),1724 20th St. NW,DC,District of Columbia,(*) - Very popular,Book Store,,1978,,,2/17/2020 7:57pm,2/18/2020 2:10am
414,Leather Rack,(clothing),918 9th St. NW,DC,District of Columbia,,Business,,1978,,,2/17/2020 7:57pm,2/18/2020 2:10am
415,Lost & Found,"(Disco) (No neon sign, but don't miss it) (Disco)",56 L St. SE,DC,District of Columbia,"""(R) - Restaurant, usually serving dinner. A '*' after this symbol does not necessarily indicate quality of food served, but popularity of the place. "",(YC) - Young and/or collegiate types,(D) - Dancing,(*) - Very popular","Restaurant,Bars/Clubs",,1978,,,2/17/2020 7:57pm,2/18/2020 2:10am
416,Louie's Spartan Lounge,"(some SM, W)",305 9th St. N.W.,DC,District of Columbia,"""(SM) - Some motorcycle. Don't confuse with 'M-S,' which means mixed crowds - shows. "",(W) - Western or coyboy types",Bars/Clubs,,1978,,,2/17/2020 7:57pm,2/18/2020 2:10am
417,Metropole II,(cinema),104 Rhode Island NW,DC,District of Columbia,,Theatre,,1978,,,2/17/2020 7:57pm,2/18/2020 2:10am
418,M.C.C.,,945 G St,DC,District of Columbia,M.C.C. - Metropolitan Community Church,Church,,1978,,,2/17/2020 7:57pm,2/18/2020 2:10am
419,Manchester Inn ,,1426 M St. NW,DC,District of Columbia,"""(H) - Hotel, motel, or other overnight accomodations""",Hotels,,1978,,,2/17/2020 7:58pm,2/18/2020 2:10am
421,Mr. Henry's,,601 Pennsylvania,DC,District of Columbia,"(M) - Mixed Crowds - Some Straights,(RT) - 'Raunchy types' - downtown type places - often hustlers","Bars/Clubs,Restaurant",,1978,,,2/17/2020 7:58pm,2/18/2020 2:10am
422,Mr. Henry's,(Georgetown),1225 Wisconsin Ave. NW,DC,District of Columbia,"(M) - Mixed Crowds - Some Straights,(RT) - 'Raunchy types' - downtown type places - often hustlers","Bars/Clubs,Restaurant",,1978,,,2/17/2020 7:58pm,2/18/2020 2:10am
423,Naples,,1227 New York Ave NW,DC,District of Columbia,"(RT) - 'Raunchy types' - downtown type places - often hustlers,(*) - Very popular",Bars/Clubs,,1978,,,2/17/2020 7:58pm,2/18/2020 2:10am
424,Nob Hill,,1101 Kenyon NW,DC,District of Columbia,"""(R) - Restaurant, usually serving dinner. A '*' after this symbol does not necessarily indicate quality of food served, but popularity of the place. "",(B) - Blacks frequent","Restaurant,Bars/Clubs",,1978,,,2/17/2020 7:58pm,2/18/2020 2:10am
425,Paramount Steak House,,1519 17th St N.W.,DC,District of Columbia,"""(R) - Restaurant, usually serving dinner. A '*' after this symbol does not necessarily indicate quality of food served, but popularity of the place. "",(M) - Mixed Crowds - Some Straights",Restaurant,,1978,,,2/17/2020 7:58pm,2/18/2020 2:10am
426,Paramount Steak House,(Georgetown),1227 Wisconsin Ave NW,DC,District of Columbia,"""(R) - Restaurant, usually serving dinner. A '*' after this symbol does not necessarily indicate quality of food served, but popularity of the place. "",(M) - Mixed Crowds - Some Straights",Restaurant,,1978,,,2/17/2020 7:58pm,2/18/2020 2:10am
427,Phase One,,528 8th St. SE,DC,District of Columbia,"""(G) - Girls, but seldom exclusively"",(D) - Dancing,(*) - Very popular,""(R) - Restaurant, usually serving dinner. A '*' after this symbol does not necessarily indicate quality of food served, but popularity of the place. ""","Bars/Clubs,Restaurant",,1978,,,2/18/2020 12:30am,2/18/2020 2:10am
428,Pier Nine,(Disco),1824 Half St. SW,DC,District of Columbia,"(YC) - Young and/or collegiate types,(D) - Dancing,(*) - Very popular",Bars/Clubs,,1978,,,2/18/2020 12:30am,2/18/2020 2:10am
430,Regency Steam Baths ,,413 L St NW,DC,District of Columbia,(OC) - Older/More Mature Crowd,Baths,,1978,,,2/18/2020 12:30am,2/18/2020 2:10am
431,Silver Spur,,3333 Connecticut Ave NW,DC,District of Columbia,"""(R) - Restaurant, usually serving dinner. A '*' after this symbol does not necessarily indicate quality of food served, but popularity of the place. "",(D) - Dancing,(E) - Entertainment","Bars/Clubs,Restaurant",,1978,,,2/18/2020 12:30am,2/18/2020 2:10am
432,Mr. P's,,2147 P St. NW,DC,District of Columbia,"""(R) - Restaurant, usually serving dinner. A '*' after this symbol does not necessarily indicate quality of food served, but popularity of the place. "",(PT) - Pool Table,(*) - Very popular","Bars/Clubs,Restaurant",,1978,,,2/18/2020 12:30am,2/18/2020 2:10am
433,Village Books,,819 13th St. NW,DC,District of Columbia,,Book Store,,1978,,,2/18/2020 12:30am,2/18/2020 2:10am
434,Village Books,,1222 H St. NW,DC,District of Columbia,,Book Store,,1978,,,2/18/2020 12:30am,2/18/2020 2:10am
435,Third World Den,,221 Riggs Road NE,DC,District of Columbia,"""(R) - Restaurant, usually serving dinner. A '*' after this symbol does not necessarily indicate quality of food served, but popularity of the place. "",(B) - Blacks frequent,(D) - Dancing,(*) - Very popular","Restaurant,Bars/Clubs",,1978,,,2/18/2020 12:30am,2/18/2020 2:10am
436,Washington Square,(Disco),1345 Half St. SE,DC,District of Columbia,"(YC) - Young and/or collegiate types,(B) - Blacks frequent,(D) - Dancing,""(R) - Restaurant, usually serving dinner. A '*' after this symbol does not necessarily indicate quality of food served, but popularity of the place. ""","Bars/Clubs,Restaurant",,1978,,,2/18/2020 12:30am,2/18/2020 2:10am
449,Barn,(Above Louie's) (WE*),305 9th St. ,DC,District of Columbia,"(S) - Shows - impersonators or record pantomime acts - often touristy,(WE) = Weekends,(*) - Very popular",Bars/Clubs,,1979,,,2/18/2020 12:30am,2/18/2020 2:10am
450,Brass Rail,,809 13th St. NW,DC,District of Columbia,"(M) - Mixed Crowds - Some Straights,(B) - Blacks frequent,(RT) - 'Raunchy types' - downtown type places - often hustlers",Bars/Clubs,,1979,,,2/18/2020 12:30am,2/18/2020 2:10am
451,Capitol Hill Townhouse,,506 8th St. SE,DC,District of Columbia,"""(R) - Restaurant, usually serving dinner. A '*' after this symbol does not necessarily indicate quality of food served, but popularity of the place. """,Restaurant,,1979,,,2/18/2020 12:30am,2/18/2020 2:10am
452,Carroll's Tavern,(Lunch*) (RT nights),510 9th St NW,DC,District of Columbia,"(*) - Very popular,(RT) - 'Raunchy types' - downtown type places - often hustlers,""(R) - Restaurant, usually serving dinner. A '*' after this symbol does not necessarily indicate quality of food served, but popularity of the place. ""","Bars/Clubs,Restaurant",,1979,,,2/18/2020 12:30am,2/18/2020 2:10am
453,Chesapeake House,(Nude go go boys) (Some 'hustlers'),746 9th St NW,DC,District of Columbia,"""(R) - Restaurant, usually serving dinner. A '*' after this symbol does not necessarily indicate quality of food served, but popularity of the place. ""","Bars/Clubs,Restaurant",,1979,,,2/18/2020 12:30am,2/18/2020 2:10am
454,Circus,(Disco) (Too new to tell how it will go) (basement) Anthony House Hotel,1823 L St. NW,DC,District of Columbia,"(D) - Dancing,(M) - Mixed Crowds - Some Straights,(S) - Shows - impersonators or record pantomime acts - often touristy","Bars/Clubs,Hotels",,1979,,,2/18/2020 12:30am,2/18/2020 2:10am
455,Club East II,(Upstairs) (Tues. is leather/levi night) (Some SM),20 O St. S.E.,DC,District of Columbia,"(*) - Very popular,""(SM) - Some motorcycle. Don't confuse with 'M-S,' which means mixed crowds - shows. """,Baths,,1979,,,2/18/2020 12:30am,2/18/2020 2:10am
456,Club Madame,,500 8th St. SE ,DC,District of Columbia,"""(G) - Girls, but seldom exclusively"",(D) - Dancing,(E) - Entertainment",Bars/Clubs,,1979,,,2/18/2020 12:30am,2/18/2020 2:10am
457,Court Jester,(Cruisy),2321 Wisconsin Ave. N.W.,DC,District of Columbia,"(D) - Dancing,""(R) - Restaurant, usually serving dinner. A '*' after this symbol does not necessarily indicate quality of food served, but popularity of the place. "",(YC) - Young and/or collegiate types,(*) - Very popular","Bars/Clubs,Restaurant,Cruising Areas",,1979,,,2/18/2020 12:30am,2/18/2020 2:10am
458,Cy's,(Cruisy),2412 Wisconsin Ave. NW,DC,District of Columbia,"(W) - Western or coyboy types,""(SM) - Some motorcycle. Don't confuse with 'M-S,' which means mixed crowds - shows. "",(*) - Very popular","Bars/Clubs,Cruising Areas",,1979,,,2/18/2020 12:30am,2/18/2020 2:10am
460,D.C. Eagle,(3 rooms) (Cruisy) betw. 'H' St. & New York Ave,904 9th St. NW,DC,District of Columbia,"""(SM) - Some motorcycle. Don't confuse with 'M-S,' which means mixed crowds - shows. "",(PT) - Pool Table,(*) - Very popular,(W) - Western or coyboy types","Bars/Clubs,Cruising Areas",,1979,,,2/18/2020 12:30am,2/18/2020 2:10am
462,Fox Lounge,(Some B),3253 Mt. Pleasant N.W.,DC,District of Columbia,(B) - Blacks frequent,Bars/Clubs,,1979,,,2/18/2020 12:30am,2/18/2020 2:10am
463,Fraternity House,(Enter thru alley) (Cruisy),2123 P St. NW,DC,District of Columbia,"""(R) - Restaurant, usually serving dinner. A '*' after this symbol does not necessarily indicate quality of food served, but popularity of the place. "",(D) - Dancing,(*) - Very popular","Bars/Clubs,Restaurant,Cruising Areas",,1979,,,2/18/2020 12:30am,2/18/2020 2:10am
467,Lambda Rising Book Store,,2012 S St. NW,DC,District of Columbia,(*) - Very popular,Book Store,,1979,,,2/18/2020 12:30am,2/18/2020 2:10am
468,Leather Rack,"(Leather, clothes, etc.) (Above Eagle)",904 9th St. NW,DC,District of Columbia,,Business,,1979,,,2/18/2020 12:30am,2/18/2020 2:10am
469,Blue Plains Dance Palace,"(No booze now, but may be adding liquor) (Disco) (Could be a winner)",1345 High St. SE,DC,District of Columbia,(D) - Dancing,Bars/Clubs,,1979,,,2/18/2020 12:30am,2/18/2020 2:10am
470,Folio Books,,2000 P St.,DC,District of Columbia,,Book Store,,1979,,,2/18/2020 12:30am,2/18/2020 2:10am
471,Le Salon,"(Books, toys, peep shows, film etc.) (2nd floor)",804 14th St. NW,DC,District of Columbia,"(*) - Very popular,(P) - Private club - Inquire locally to admission","Business,Book Store",,1979,,,2/18/2020 12:30am,2/18/2020 2:10am
472,Lost & Found,"(Disco) (No neon sign, but don't miss it!) (Disco)",56 L St. SE,DC,District of Columbia,"(*) - Very popular,(YC) - Young and/or collegiate types,(D) - Dancing,""(R) - Restaurant, usually serving dinner. A '*' after this symbol does not necessarily indicate quality of food served, but popularity of the place. ""","Restaurant,Bars/Clubs",,1979,,,2/18/2020 12:30am,2/18/2020 2:10am
473,Louie's Spartan Lounge,"(some SM, W)",305 9th St. N.W.,DC,District of Columbia,"""(SM) - Some motorcycle. Don't confuse with 'M-S,' which means mixed crowds - shows. "",(W) - Western or coyboy types",Bars/Clubs,,1979,,,2/18/2020 12:30am,2/18/2020 2:10am
474,Man's World,"(Books, peep shows, erotica)",918 9th St. NW,DC,District of Columbia,,"Business,Book Store",,1979,,,2/18/2020 12:30am,2/18/2020 2:10am
479,Mr. Henry's,(Georgetown),1225 Wisconsin Ave. NW,DC,District of Columbia,"(M) - Mixed Crowds - Some Straights,(RT) - 'Raunchy types' - downtown type places - often hustlers","Bars/Clubs,Restaurant",,1979,,,2/18/2020 12:30am,2/18/2020 2:10am
480,Naples,('Hustlers'),1227 New York Ave NW,DC,District of Columbia,"(RT) - 'Raunchy types' - downtown type places - often hustlers,(*) - Very popular",Bars/Clubs,,1979,,,2/18/2020 12:35am,2/18/2020 2:10am
481,Nob Hill,,1101 Kenyon NW,DC,District of Columbia,"""(R) - Restaurant, usually serving dinner. A '*' after this symbol does not necessarily indicate quality of food served, but popularity of the place. "",(B) - Blacks frequent","Restaurant,Bars/Clubs",,1979,,,2/18/2020 12:45am,2/18/2020 2:10am
482,Paramount Steak House,,1519 17th St N.W.,DC,District of Columbia,"""(R) - Restaurant, usually serving dinner. A '*' after this symbol does not necessarily indicate quality of food served, but popularity of the place. "",(*) - Very popular",Restaurant,,1979,,,2/18/2020 12:45am,2/18/2020 2:10am
484,Phase One,,528 8th St. SE,DC,District of Columbia,"""(G) - Girls, but seldom exclusively"",(D) - Dancing,(*) - Very popular,""(R) - Restaurant, usually serving dinner. A '*' after this symbol does not necessarily indicate quality of food served, but popularity of the place. ""","Bars/Clubs,Restaurant",,1979,,,2/18/2020 12:45am,2/18/2020 2:10am
485,Pier Nine,(Disco) (Snacks) (Super light & sound show),1824 Half St. SW,DC,District of Columbia,"(YC) - Young and/or collegiate types,(D) - Dancing,(*) - Very popular",Bars/Clubs,,1979,,,2/18/2020 12:45am,2/18/2020 2:10am
487,Regency Steam Baths ,,413 L St NW,DC,District of Columbia,(OC) - Older/More Mature Crowd,Baths,,1979,,,2/18/2020 12:45am,2/18/2020 2:10am
488,Roman Delight Bath & Health Club,,349 Cedar St. NW,DC,District of Columbia,,Baths,,1979,,,2/18/2020 12:45am,2/18/2020 2:10am
489,Mr. P's,(Cruisy),2147 P St. NW,DC,District of Columbia,"""(R) - Restaurant, usually serving dinner. A '*' after this symbol does not necessarily indicate quality of food served, but popularity of the place. "",(*) - Very popular","Bars/Clubs,Restaurant,Cruising Areas",,1979,,,2/18/2020 12:45am,2/18/2020 2:10am
490,Village Books,,819 13th St. NW,DC,District of Columbia,,Book Store,,1979,,,2/18/2020 12:45am,2/18/2020 2:10am
491,Olympic Baths,(2nd floor) (Should be a winner),1405 H St. NW,DC,District of Columbia,,Baths,,1979,,,2/18/2020 12:45am,2/18/2020 2:10am
492,Owl & Tortoise,('Mixed bag') (Italian R),916 19th St. NW,DC,District of Columbia,"""(R) - Restaurant, usually serving dinner. A '*' after this symbol does not necessarily indicate quality of food served, but popularity of the place. """,Restaurant,,1979,,,2/18/2020 12:45am,2/18/2020 2:10am
493,69th Precinct,(Baths & health club) (Looks promising),7001 Blair Rd. NW,DC,District of Columbia,,Baths,,1979,,,2/18/2020 12:45am,2/18/2020 2:10am
506,Bachelors Mill,(Some L),500 8th St. SE,DC,District of Columbia,"""(R) - Restaurant, usually serving dinner. A '*' after this symbol does not necessarily indicate quality of food served, but popularity of the place. "",(D) - Dancing,""(L) - Ladies/Ms, but seldom exclusively unless noted""",Bars/Clubs,,1980,,,2/18/2020 1:18am,2/18/2020 2:11am
507,Capitol Hill Townhouse,(Was closed - may be reopening),506 8th St. SE,DC,District of Columbia,"""(R) - Restaurant, usually serving dinner. A '*' after this symbol does not necessarily indicate quality of food served, but popularity of the place. """,Restaurant,,1980,,,2/18/2020 1:18am,2/18/2020 2:11am
508,Carroll's Tavern,(Lunch*) (RT nights),510 9th St NW,DC,District of Columbia,"(*) - Very popular,(RT) - 'Raunchy types' - downtown type places - often hustlers,""(R) - Restaurant, usually serving dinner. A '*' after this symbol does not necessarily indicate quality of food served, but popularity of the place. ""","Bars/Clubs,Restaurant",,1980,,,2/18/2020 1:18am,2/18/2020 2:11am
509,Chesapeake House,(Nude go go boys) (Some 'hustlers'),746 9th St NW,DC,District of Columbia,"""(R) - Restaurant, usually serving dinner. A '*' after this symbol does not necessarily indicate quality of food served, but popularity of the place. "",(*) - Very popular","Bars/Clubs,Restaurant",,1980,,,2/18/2020 1:18am,2/18/2020 2:11am
511,Club East II,(Upstairs) (Tues. is leather/levi night) (Some SM),20 O St. S.E.,DC,District of Columbia,"(*) - Very popular,""(SM) - Some motorcycle. Don't confuse with 'M-S,' which means mixed crowds - shows. "",(P) - Private club - Inquire locally to admission",Baths,,1980,,,2/18/2020 1:18am,2/18/2020 2:11am
514,Cy's,(Cruisy),2412 Wisconsin Ave. NW,DC,District of Columbia,"(W) - Western or coyboy types,""(SM) - Some motorcycle. Don't confuse with 'M-S,' which means mixed crowds - shows. "",(*) - Very popular","Bars/Clubs,Cruising Areas",,1980,,,2/18/2020 1:18am,2/18/2020 2:11am
515,D.C. Eagle,(3 rooms) (Cruisy) betw. 'H' St. & New York Ave,904 9th St. NW,DC,District of Columbia,"(*) - Very popular,""(SM) - Some motorcycle. Don't confuse with 'M-S,' which means mixed crowds - shows. "",(W) - Western or coyboy types,(PT) - Pool Table,""(R) - Restaurant, usually serving dinner. A '*' after this symbol does not necessarily indicate quality of food served, but popularity of the place. ""","Bars/Clubs,Cruising Areas,Restaurant",,1980,,,2/18/2020 1:18am,2/18/2020 2:11am
516,Exile,"(Disco) (Some W, levis) (Sun. buffet - C-AH-WE) at New York Ave.",953 9th St. NW,DC,District of Columbia,"(*) - Very popular,(D) - Dancing,(W) - Western or coyboy types,""(C) - Coffee, soft drinks and sometimes snacks"",(AH) - After Hours,(WE) = Weekends",Bars/Clubs,,1980,,,2/18/2020 1:18am,2/18/2020 2:11am
518,Fraternity House,(Enter thru alley) (Cruisy),2123 P St. NW,DC,District of Columbia,"""(R) - Restaurant, usually serving dinner. A '*' after this symbol does not necessarily indicate quality of food served, but popularity of the place. "",(D) - Dancing,(*) - Very popular","Bars/Clubs,Restaurant,Cruising Areas",,1980,,,2/18/2020 1:18am,2/18/2020 2:11am
520,Lambda Rising Book Store,,2012 S St. NW,DC,District of Columbia,(*) - Very popular,Book Store,,1980,,,2/18/2020 1:18am,2/18/2020 2:11am
521,Leather Rack,"(Leather, clothes, etc.) (Above Eagle)",904 9th St. NW,DC,District of Columbia,,Business,,1980,,,2/18/2020 1:18am,2/18/2020 2:11am
524,Le Salon,"(Books, toys, peep shows, film etc.) (2nd floor) ('Action' maze)",804 14th St. NW,DC,District of Columbia,"(*) - Very popular,(P) - Private club - Inquire locally to admission","Business,Book Store",,1980,,,2/18/2020 1:18am,2/18/2020 2:11am
525,Follies,"(Cinema) (Books, flicks, 'wild back room')",24 O St. SE,DC,District of Columbia,(*) - Very popular,"Book Store,Theatre",,1980,,,2/18/2020 1:18am,2/18/2020 2:11am
526,Free Spirit Fashion,(Men's clothing) Van Ness Center,4301 Connecticut Ave. NW,DC,District of Columbia,,Business,,1980,,,2/18/2020 1:18am,2/18/2020 2:11am
527,Friendly Models,"(Escorts, etc.) (202) 362-2636",,DC,District of Columbia,,Business,,1980,,,2/18/2020 1:18am,2/18/2020 2:11am
528,Hunting Lodge,(rear),2122 P St. NW,DC,District of Columbia,"""(R) - Restaurant, usually serving dinner. A '*' after this symbol does not necessarily indicate quality of food served, but popularity of the place. """,Restaurant,,1980,,,2/18/2020 1:18am,2/18/2020 2:11am
529,Lamas Women's Store,"(Books, etc.)",321 7th St. SE,DC,District of Columbia,,Book Store,,1980,,,2/18/2020 1:18am,2/18/2020 2:11am
530,Lost & Found,"(Disco) (No neon sign, but don't miss it!) (Disco)",56 L St. SE,DC,District of Columbia,"(*) - Very popular,(YC) - Young and/or collegiate types,(D) - Dancing,""(R) - Restaurant, usually serving dinner. A '*' after this symbol does not necessarily indicate quality of food served, but popularity of the place. ""","Restaurant,Bars/Clubs",,1980,,,2/18/2020 1:18am,2/18/2020 2:11am
531,Louie's Spartan Lounge,"(some SM, W)",305 9th St. N.W.,DC,District of Columbia,"""(SM) - Some motorcycle. Don't confuse with 'M-S,' which means mixed crowds - shows. "",(W) - Western or coyboy types",Bars/Clubs,,1980,,,2/18/2020 1:18am,2/18/2020 2:11am
532,Man's World,"(Books, peep shows, erotica)",918 9th St. NW,DC,District of Columbia,,"Business,Book Store",,1980,,,2/18/2020 1:18am,2/18/2020 2:11am
534,Mr. Henry's,(Georgetown),1225 Wisconsin Ave. NW,DC,District of Columbia,"(M) - Mixed Crowds - Some Straights,""(R) - Restaurant, usually serving dinner. A '*' after this symbol does not necessarily indicate quality of food served, but popularity of the place. ""","Bars/Clubs,Restaurant",,1980,,,2/18/2020 1:18am,2/18/2020 2:11am
535,Naples,('Hustlers'),1227 New York Ave NW,DC,District of Columbia,"(RT) - 'Raunchy types' - downtown type places - often hustlers,(*) - Very popular",Bars/Clubs,,1980,,,2/18/2020 1:18am,2/18/2020 2:11am
536,Nob Hill,,1101 Kenyon NW,DC,District of Columbia,"""(R) - Restaurant, usually serving dinner. A '*' after this symbol does not necessarily indicate quality of food served, but popularity of the place. "",(B) - Blacks frequent","Restaurant,Bars/Clubs",,1980,,,2/18/2020 1:18am,2/18/2020 2:11am
537,Paramount Steak House,,1519 17th St N.W.,DC,District of Columbia,"""(R) - Restaurant, usually serving dinner. A '*' after this symbol does not necessarily indicate quality of food served, but popularity of the place. "",(*) - Very popular",Restaurant,,1980,,,2/18/2020 1:55am,2/18/2020 2:11am
538,Parkside Plaza Hotel,,1336 I St. NW,DC,District of Columbia,"""(H) - Hotel, motel, or other overnight accomodations""",Hotels,,1980,,,2/18/2020 1:55am,2/18/2020 2:11am
539,Pier Nine,(Disco) (Snacks) (Super light & sound show),1824 Half St. SW,DC,District of Columbia,"(YC) - Young and/or collegiate types,(D) - Dancing,(*) - Very popular,(M) - Mixed Crowds - Some Straights",Bars/Clubs,,1980,,,2/18/2020 1:55am,2/18/2020 2:11am
540,Plain Brown Wrapper,"(Books, films, peep shows, liquid, toys, etc.)",1210 New York Ave. NW,DC,District of Columbia,(*) - Very popular,"Book Store,Business",,1980,,,2/18/2020 1:55am,2/18/2020 2:11am
541,Regency Steam Baths ,,413 L St NW,DC,District of Columbia,"(OC) - Older/More Mature Crowd,(RT) - 'Raunchy types' - downtown type places - often hustlers",Baths,,1980,,,2/18/2020 1:55am,2/18/2020 2:11am
542,Rogue,(WE*) (Above Louie's),305 9th St. NW,DC,District of Columbia,"(S) - Shows - impersonators or record pantomime acts - often touristy,(WE) = Weekends,(*) - Very popular",Bars/Clubs,,1980,,,2/18/2020 1:55am,2/18/2020 2:11am
543,Mr. P's,(Cruisy),2147 P St. NW,DC,District of Columbia,"""(R) - Restaurant, usually serving dinner. A '*' after this symbol does not necessarily indicate quality of food served, but popularity of the place. "",(*) - Very popular,(D) - Dancing","Bars/Clubs,Restaurant,Cruising Areas",,1980,,,2/18/2020 1:55am,2/18/2020 2:11am
545,Olympic Baths,(2nd floor) (Wed SM & Levi nite),1405 H St. NW,DC,District of Columbia,"""(SM) - Some motorcycle. Don't confuse with 'M-S,' which means mixed crowds - shows. "",(*) - Very popular",Baths,,1980,,,2/18/2020 1:55am,2/18/2020 2:11am
548,Magic Touch Massage,(3rd floor),819 13th St. NW,DC,District of Columbia,,Business,,1980,,,2/18/2020 1:56am,2/18/2020 2:11am
549,M.C.C.,,945 G St. NW,DC,District of Columbia,M.C.C. - Metropolitan Community Church,Church,,1980,,,2/18/2020 1:57am,2/18/2020 2:11am
551,Other Side,(Many L),1345 Half St.,DC,District of Columbia,"""(L) - Ladies/Ms, but seldom exclusively unless noted"",""(R) - Restaurant, usually serving dinner. A '*' after this symbol does not necessarily indicate quality of food served, but popularity of the place. "",(*) - Very popular",Bars/Clubs,,1980,,,2/18/2020 1:59am,2/18/2020 2:11am
552,Rascal's,(Disco but no D),1520 Connecticut Ave.,DC,District of Columbia,"""(R) - Restaurant, usually serving dinner. A '*' after this symbol does not necessarily indicate quality of food served, but popularity of the place. "",(*) - Very popular,(D) - Dancing",Restaurant,,1980,,,2/18/2020 2:00am,2/18/2020 2:11am
555,Thorn Tree,(Cards & gifts),,DC,District of Columbia,,Business,,1980,,,2/18/2020 2:04am,2/18/2020 2:11am